sku,weight (kg),depth (cm),width (cm),height (cm)
ADS3000NZU1,6.2,25.4,38.2,33
ADS2400NZU1,6.2,25.4,38.2,33
HLL5200DWZU1,13,45,48.5,37.7
DCPL5500DNZU1,19.7,52,54.5,64.1
C11CD68301A0,146,191,105,82
C11CF12301A1,61.4,115.1,73,60.5
C31CD54012CD,15,44,40,42.5
STEA2000400,0.26,3.1,10.3,14
AGPAP001,0,0.3,10.1,20.3
AP9631,0.34,15.9,23.5,5.1
AP4421,,34.9,60,11.4
AP9878,0.36,10.2,10.2,30.5
NBPD0150,1.82,,,
PM5U-UK,,13,40.5,5.8
SMX120BP,65.5,63.3,58.6,33
90LJ0080-B01520,0.88,9.5,17,13.5
UC232B-AT,0.12,11.9,5.9,16
CS1914-AT-E,2.46,32.5,9.8,21
UE2120H,0.59,18.6,5.6,15.7
2L-5201U,0.15,,,
2L-5202UP,0.18,,,
US424-AT,0.3,15.5,5.5,22.3
VC810-AT,0.07,18,12.5,3.5
VC080-AT,0.33,11.9,5.9,16
DELL-13H6D,11,50,57,34
V11H932041,14.4,65.5,51.2,26
C11CH65301A1,0.13,90,111,150
C32C834031,,110,0.8,0.1
C13T664440,0,14.5,8,6.2
C12C817011,0,61,18.5,52
88011-99,0.03,1,1,3
8100-119,,15.5,9,4.5
C734X77G,0.46,,,
C734X20G,0.41,,,
910-004068,0.22,13.4,4.6,19.1
ICUSBAUDIOB,0.1,14.3,17.3,3.3
BOX4HDECP,1.8,23.5,16,19
110VDSLEXTGB,0.94,13.7,14.8,9.5
UNIDOCKU33,1.1,18.7,12.3,21.4
SDOCK2U33RE,1.05,,19,21.3
ICUSB1284D25,0.12,22,20,2.2
RK2620WALHM,75,65,60,140
ESATAPLATE2,0.06,12.4,2,21.5
USB32DVCAPRO,0.46,21.7,15,5.2
AWE81EU,1,36.5,4,26.5
EAX80-100EUS,1.4,12.6,32.7,25.8
VG279Q1R,6.1,18.3,62.9,49.9
TS-451DEU-2G/48TB-IW,5.79,,,
6598-832-209,,12.4,5.5,18.65
SDSSDE60-1T00-G25,0.11,3.25,10.16,15.24
E510MA-BR847WS,2.57,46,6.5,29
90YV0ID1-M0NA00,3.65,22.6,42,12.6
1626012,0.83,15,11.3,11
214573-01,0.16,17.7,14.2,5.5
40971,2.5,,,
32121,0.31,5.5,18.5,14
P2662,0.06,1.2,10.8,19.5
S37-0400020-SV1,0.7,,,
CS-1900,4,26.5,26.7,22.5
70437,0.29,12,15.5,6
980-001301,8.99,42.6,36.2,27.8
VM-FAN556,3.27,57.5,45.3,13
GSR212,0.09,19.69,38.74,19.69
CUBI NUC 1M I7 150U BB,0,22,20.5,9.4
XO2TBK.CEUSLLK,1.5,16.5,16.5,28.2
2135,23,167,50.5,13
61U6300000AC,7.18,38.9,39.2,23.9
9S7-17S151-647,,11.9,46.1,37.6
NH.QLZEK.00F,4.05,54.3,8,34.1
RRS-00150,3.3,36,29.2,27.5
GV-N408SAORUSX ICE-16GD,3.23,50.85,32,12.75
TBLT4MM50CM,0.02,22,12.8,2
952-000123,0.51,28.16,15.22,8.76
DN-94004,0.59,,12,29
ASK-HT-S144H,0.18,2,10.5,26.5
QAU-00104,0.49,17.6,17.8,7.4
GV-N507TWF3OC-16GD,3,39.8,23,8.5
GV-N407TSAI TOP-16GD,1.68,32.2,21.4,7.5
GV-N5080AORUS M-16GD,3,45.3,24.5,16
VCG508016TFXPB1-O,,10.29,40.49,19.89
JW811A,30,8.58,8.78,2.17
BR1200GI,13.2,48.8,23.8,38.7
SC420I,10.2,50.8,26.2,31.8
SURT1000RMXLI,27.8,59.4,63,28.6
SRT8KXLI,126.8,100,60,46.1
SC450RMI1U,11.7,58.9,47.6,16.4
SC620I,13.2,50.8,26.2,31.8
SUA750RMI1U,25.4,77.5,55.9,19.1
SMX750I,26.5,62,58.9,24.6
SMT1000RMI2UC,31.4,60.3,59.4,25.1
SMX1000I,27.3,62,58.9,24.6
SMX1500RMI2U,30,62,58.9,24.6
SMT1500RMI1U,29.1,79.4,57.5,20
SMT1500RMI2UNC,31.8,60.3,59.4,25.1
SMT2200RMI2UNC,49.6,98,60,25.4
SMX2200HVNC,47.6,63.3,58.6,33
SMT2200IC,61.9,76.2,38.1,69.9
SRT1500RMXLI,29.6,74.9,59.4,24.6
SRT2200RMXLI,34,81,59.9,24.6
SRT3000RMXLW-IEC,39.9,87.1,59.9,24.6
SRT6KRMXLI,67,96,61,37
SRT8KRMXLI,130,100,60,46.1
SRT10KXLI,126.8,100,60,46.1
SRT10KRMXLI,130,100,60,46.1
SYA12K16RMI,290,,,
BR900G-GR,12.4,33.7,22.5,48.7
SMT3000RMI2U,51.7,98,60,25.4
SUA750IX38,14.6,,,
BK350,6.36,,,
ADS3600WZU1,6.3,25.4,38.2,33
ADS2200ZU1,4,24.5,39.3,28.6
ADS2700WZU1,3.9,24.5,39.3,28.6
ADS1700WZU1,1.9,15.7,38,20
MFCJ5945DWZU1,25.3,54.3,66.2,50.4
QL820NWBZU1,2.62,18.4,29.8,23.2
VC500WZU1,1.79,24.8,25.4,10.8
HLL5100DNZU1,13,45,48.5,37.7
HLL6300DWZU1,15.8,49.2,49.7,42.7
HLL5100DNTZU1,22,52.2,66.2,70.2
MFCL3770CDWZU1,28.8,52.3,62.3,56.8
DCPL3550CDWZU1,27.4,56.8,58.9,52.3
MFCL3710CWZU1,26.7,58.9,52.3,56.8
HLL6400DWZU1,16,49.2,49.7,53.1
HLL6400DWTZU1,25.9,52.2,66.2,85.6
DS740DTJ1,1.02,16.2,37.7,7.6
DS940DWTJ1,1.11,16.2,37.7,7.6
MFCL6900DWZU1,23.8,52.6,59.9,76.2
MFCL5750DWZU1,20.2,52,54.5,64.1
MFCL6800DWZU1,22.9,52.6,59.9,65.9
MFCL5700DNZU1,20.1,52,54.5,64.1
MFCL8900CDWZU1,35,59.5,66.5,64.5
MFCL9570CDWZU1,36.1,65.2,67.5,72.6
MFCL2750DWZU1,14.9,51.7,58,43.4
MFCJ6945DWZU1,28.7,57.6,68.1,50.4
DS720DZ1,1.18,7,35.4,25.4
C11CF66001A4,67,100,91.5,59
C11CC25002,5.11,42.5,36,22
C11C376125,0.01,54.5,32.2,46.5
C11CC24032,5.2,42,36,21.5
C11CC25001,0.01,42.5,22,36
C31C514007A3,3.8,40,25,24.3
C11CF37402,8.91,54,45,28
C11CF39402A1,9.28,34,4,8
C11CF39403,8.91,53.4,44.6,28.1
C11CF39401,0.01,53.4,28.1,44.6
C11CF40403,12.2,73.5,45.1,29.5
B11B204131BY,18.5,84.4,63.5,36
B11B204331BY,35,87.5,74.5,53.4
C31C518052,5.04,37.5,24,25
C31C246012,7.4,40.7,33.2,28.5
C33S045701,31.9,62,52,23
C11CE21301,0.02,74.5,41,49
C11CE22301BX,0.03,79.6,39.6,52.3
C11CE20001A0,311.4,298.4,107.5,113.5
C11CE85301DA,16.1,72,53,35
C11CG43402,0.01,59.5,24,44.5
C31C514057A0,4.06,37.5,24,25
C31CD84312,43.5,79,57,53.5
C31CD84012,43.5,79,57,53.5
C31CC79421,1.56,23.8,19.7,17.9
C31C412465,2.8,25,19.3,24
C51CD69130,0,26.7,8.8,21
C31CE74101A0,1.67,23.5,19.5,17.5
C51CD06200,0,24.6,21,16
C51CD69200,0,26.5,21.3,8.4
C11CF12302A1,45.5,153,73,65.5
C11CF86301A1,114,151,82,113
C11CF85301A1,98.5,121,82.5,113
C11CC65011BY,16.1,53,52,45.5
B11B242401BY,1.94,38.5,14,12
C11CG02401,0.02,54.5,49,53.5
C11CE85301,0.02,72,35,53
C31CE14552A0,1.5,24,19.9,14.7
C31CE14552,1.47,24,19.9,14.7
C31CA85033A0,2.5,23.5,19,23
C31CA85050,1.98,23.1,19.5,23.6
C31CD70752,1.59,23.5,19,17.2
C31CD70321A0,1.68,23.9,19.6,17.3
C31CF69321,0.01,39,31.5,30
C31CF69301,0.01,39,30.5,29.7
C31CF70321,0.01,39,31,35.5
C31CE94121A0,2.62,24,19.5,23.5
C31CG62204,5.47,38.5,29.4,28.5
C31CG62111,6.25,38.5,29.5,29.4
C31CG62213,5.67,38.2,29.4,29.2
C31CG62214,5.64,38.2,29.7,29.4
C31CG62101,6.21,38.5,29.7,29.1
C31CG62203,5.52,38.2,29.3,28.7
C31CE95141,2.23,23.8,19.2,23.1
C31CE74122A0,1.57,23.5,19.7,18
C31CH51012,2.49,23.5,19.2,28
C31CH51012A0,2.2,33.5,19.2,28
C31C514007,3.82,32.5,30,21.5
C31C513057,4.3,37.5,24,25
C31C517007,4,40,25,24.2
C31C515052,3.86,37.5,24,25
C31CA85813,2.56,24.5,20,23
C31CA85052,2.02,24.2,19.3,23.6
C31C249012,7.42,40.7,33.2,28.5
C31C514007A0,3.99,37.5,24,25
C31C176252,6.42,42,35.5,32
C31C151283,7.2,42.5,36,33
C11CA13051,8.49,55,38,29
C13S045302,9,112,14,14
C31CA85032,2.56,24.2,19.3,23.6
C31C514057BD,4.8,37,23.5,29.3
C31C412412,2.8,25,19,24
C31C412652A0,3,25.5,19.5,24
C31CA85044A1,2.56,23.5,20,23.5
C31CD38972A0,2.86,25,19.4,25
C31CE95112,2.03,23.8,19.4,23.2
C31CE95121A0,2.4,23.5,19,23
C31CE95112A0,2.04,23.5,19,23
C31CD38025B2,2.76,25,19,23.5
C31CE94551,2.62,24,19.5,23.5
C31CE94102A0,2.66,23.5,19.5,23.5
C31CD70652A0,1.64,24,19.5,17.2
C31C514057BE,3.82,33,30,22
C31CD38024C0,2.88,25.1,18.9,23.8
C31CD38024C1,2.8,25,19,24
C31CD38025C0,2.86,25,19,23.5
C31CE94751,2.62,24,19.5,23.5
C31CE74112,1.61,23.7,19.7,17.9
B11B252402,0,33,6.5,14
B11B253402,0,33,6.7,14.1
B11B226401,0,36.5,28.5,25
40CC150,41.9,73.8,64.3,56.8
36S0208,15.8,47,43,37.6
36S0308,16,47,43,37.6
36S0508,18.1,47,43,42.2
50G0225,29.9,65,55,56.5
50G0945,29.9,65,55,56.5
36SC550,17.8,47,43,42.2
42C0093,23.9,49.5,,59.4
42CC173,23.8,59.5,49.5,40.2
40C9587,64,73.5,70,95.5
36S0908,26.6,60.5,55.2,68.2
42C7343,30.5,59.4,55.8,57
42CC593,31.2,59.4,55.8,57
40N9163,22.7,55.6,44,51.9
40N9153,22.7,55.6,44,51.9
C600V_N,33.8,63.4,58,60.7
P00930-B21,0.05,1.91,19.05,8.89
STDR5000203,0.41,14.6,10.5,4.3
STDR5000202,0.41,14.6,10.5,4.3
STHP5000403,12.2,5.75,4.17,1.77
STHN1000403,0.23,3.75,10.4,14.6
STHN2000405,0.23,3.75,10.4,14.6
STEB10000400,1.36,8.58,8.35,2.68
STEB8000402,1.36,21.8,21.2,6.8
STHB2000401,0.27,13.45,17.15,2.1
STCM1000400,0.19,10.45,14.7,3.25
STCM250400,0.19,10.45,14.7,3.25
STHH2000400,8.08,1.48,4.09,5.75
STHN2000401,0.23,3.75,10.4,14.6
STHH1000402,0.23,3.75,10.4,14.6
STHP5000402,12.2,5.75,4.17,1.77
STHN1000400,0.23,3.75,10.4,14.6
STHP5000400,12.2,5.75,4.17,1.77
STHN1000402,0.23,3.75,10.4,14.6
STHN2000400,7.94,5.75,4.09,1.48
STHH2000402,0.23,3.75,10.4,14.6
STHN2000402,7.94,1.48,4.09,5.75
STHP4000402,12.2,5.75,4.17,1.77
STEA5000402,11.1,1.7,4.17,5.86
ZP250CM3A001,0.06,13.42,10.9,2.4
STJD500400,0.13,2.95,10.45,14.6
STGH2000400,0.31,4.6,12,18.3
STEA2000417,10.2,1.54,5.41,7.32
ZA2000GM1A001,0.1,2.4,10.9,15.5
ZA500GM1A001,0.1,2.4,10.9,15.5
ZA4000GM1A001,0.1,2.4,10.9,15.5
STJP500400,0.2,14.7,10.45,3.25
STJL1000400,0.26,3.1,10.3,14
STJL4000400,0.33,3.95,10.3,14.2
STJL5000400,0.33,3.95,10.3,14.2
STJL2000400,0.26,3.1,10.3,14
ZA2000CM1A003,0.1,2.4,10.9,15.5
LX500,1.1,,,
AG156W9B,0.16,0.33,38.74,25.4
AG140W9B,0.15,0.33,38.74,25.4
ASDX64GUII3CL10-C,0.02,8,1.5,11.7
AT-X510-52GPX,8.2,,,
AT-FS980M/52,5.6,,,
AT-IE510-28GSX-80,6.8,,,
AR3150,168.2,,,
AR201,14,220,16,10
AR8567,1.52,30.6,43,3.7
AR4000MV,80,,,
AR7721,2.59,84.8,6.4,16.3
AR7723,2.95,111.3,6.4,16.3
AR8123BLK,17.7,8.9,83.8,81.3
AR8679,11.9,128.3,63.5,6.7
AR4000MV12U,1.3,,,
NBRK0250,2.39,,,
AP9505I,0.5,14,23.5,7.6
AR8429,0.38,3.8,59.4,9.9
AR8561,8.19,44,71,31.5
AR3140,168.2,,,
AR7706,1.06,24.1,16.5,5.1
AP7769,,9.9,56.2,5.5
AR3104,106.8,,,
AP7768,1.14,9.9,56.5,5.4
AR2400FP1,221.1,223,68.3,81
SRTRK3,4.2,21.6,28.5,11.8
SBPSU30K40HC1M1-WP,12.3,,,
AR3350,183.2,,,
AR100HD,52.3,,,
AR8122BLK,10.5,8.9,57.6,77.5
SURTRK,3.18,,,
AR4018IA,170,,,
AP9630,0.34,15.9,23.5,5.1
AR3300,149.1,,,
AR8132A,0.34,,,
AR8166ABLK,1.82,8.9,52.7,8.9
AR7600,0.45,,,
AR2400,131.5,116,74,218.1
NBES0303,0.49,16.4,23.2,16.4
SRTRK1,3.64,5.59,27.4,2.8
AR7502,7.75,14,21.6,223.5
SYBFXR3RMI,30.9,,,
AR8105BLK,4.27,44.5,57.2,10.2
AR8571,9.89,44,86,31.5
AP5717,19.5,,,
AR203A,40.8,11.3,25.4,208.3
PNOTEPROC6-EC,,,15.8,6.9
APCRBC136,3.75,22.9,22.9,22.9
AR8136BLK,1.64,24.9,52.6,10.5
AR3100,144.6,115.6,75.2,211.8
AR8442,2.09,14,6.4,83.2
AR8008BLK,1.41,52.7,8.9,8.9
AR8775,22.1,116.8,33,43.9
AR7313,25,17.2,117.8,91.4
AR8602A,1.1,52.6,15.7,9.4
AP4423,5.51,,,
PDX332IEC-240,2.3,,43.2,15.2
AR3340,183.2,,,
PM6-GR,,16.5,31,6.5
NBES0304,,,23.2,4.8
AR4024IX432,181.7,120,80,149
AP8758,0.49,10.2,15.2,43.2
KVM0116A,3.9,33,61.9,14.6
EPDU1132M,4.48,11,16,132
SURTD2200XLIM,63.6,,,
AP6003A,2.55,,,
EPDU1116B,2.98,11,16,132
APCRBC151,10.91,49.5,36.8,15.2
PM1W-GR,,8.8,7,10.6
AR3157,184.1,,,
EPDU1132B,4.36,11,16,132
AR3107,157.7,,,
AP98896F,2.12,,,
PM1W-UK,,8.8,7,10.6
NBAC0303NA,28.2,7.13,9.76,2.44
AP7724,9.36,,,
BE650G2-UK,4.5,44.1,18.6,19
AP5821,0.08,,23.5,5
KVM-USB,0.16,12.9,12.5,4.2
AP9877,0.46,10.2,10.2,30.5
AP8716S,2.16,,8,30
AP9880,0.46,10.2,10.2,30.5
AP9879,0.46,10.2,10.2,30.5
AP9881,0.46,10.2,10.2,30.5
AP8706S-WW,1.35,5.5,7.5,24
AP9876,0.3,20.3,10.2,5.1
AP9870,0.3,20.3,10.2,5.1
AP9899,0.61,,30.5,10.2
SMX040,0.91,,,
AP8760,0.51,4.5,23,23
AP7850B,3.98,,,
AP8959EU3,8.59,,,
AP8653,10.5,,,
AP7822B,5.41,,,
AP7553,6.48,,,
AP7554,6.48,,,
AP8858EU3,4.92,,,
AP8886,11.6,,,
AP7922B,6.55,,,
AP7552,5.77,,,
AP8453,10.5,,,
NBES0302,0.31,,,
PM6U-GR,,16.5,31,6.5
PM5U-GR,,13,40.5,5.8
PM5T-GR,,13,40.5,5.8
PM5-UK,,13,40.5,5.8
PMF83VT-UK,,17,36.5,6.5
PMH63VT-UK,,6.5,16.5,31
PM5-GR,,13,40.5,5.8
PM8-GR,,17,36.5,6.4
PM5V-UK,,13,40.5,5.8
PM6U-UK,,6.5,16.5,31
APCRBC118,25.2,76.1,39.3,22.8
APCRBC124,5.84,27.5,23.4,14.6
RBC2,2.77,21.3,17.5,8.9
APCRBC117,25.2,76.1,39.3,22.8
APCRBC143,25.2,49.5,29.3,25.3
APCRBC133,12.6,49.5,36.8,15.2
SRT192RMBP2,105.5,100,60,42
SYBTU1-PLP,,86.4,20.3,22.9
APCRBC105,26.4,73.7,31.1,27.9
SMX120RMBP2U,63.6,86.9,59.6,24.3
APCRBC106,2.77,21.3,17.5,8.9
SMX48RMBP2U,35.5,62,58.9,24.6
APCRBC116,11.4,54.6,29.2,19
XBP48RM1U-LI,16.4,20,60,85
SRT72BP,37.8,83.1,59.9,23.9
APCRBC110,2.95,21.3,17.5,8.9
APCRBC135,5.14,22.9,22.9,22.9
APCRBC123,5.53,27.5,23.4,14.6
RBC17,,8.9,17.5,21.3
APCRBC115,11.7,54.6,29.2,19
APCRBC132,10.9,49.5,36.8,15.2
APCRBC140,37.3,78.1,40.9,22.6
BE550G-GR,6.93,40,27.9,12.7
SRV72BP-9A,40.2,56.5,23.5,32.5
BK500EI,7.05,36.8,24.1,17.8
SRT96BP,44.5,83.1,59.9,23.9
BV1000I,6,37.3,14.3,23.7
BR1300MI,11.8,22.5,48.5,33
BE400-GR,5.6,36.6,30,13.2
BX500CI,5.68,29.1,19,25.7
BE400-UK,5.6,36.6,30,13.2
BE550G-UK,6.5,,,
BX950UI,8.99,44,24.5,29.5
BV650I,4.8,37.3,14.3,23.7
BR650MI,7.4,14.3,44,25.5
BE850G2-UK,5,44.1,18.6,19
BK350EI,7.05,36.8,24.1,17.8
SUA1000RMI1U,25.4,77.5,55.9,19.1
SMX2200HV,47.7,63.3,58.6,33
BX700UI,6.5,34,29.5,27.5
SMX750INC,26.4,62,58.9,24.6
BR900MI,8,14.3,44,25.5
BE700G-UK,7.84,,,
BV800I-GR,5.6,14.3,37.3,23.7
LE600I,3.4,,,
LE1200I,4.5,,,
JW170A,0.86,22.5,22,5.5
90LM0560-B01170,5.5,12.7,55.9,41.5
RS300-E10-RS4,19.01,,,
VZ229HE,3.8,12.8,56.8,49
90MP00N0-BKEA00,0.81,13.6,35.6,4
MB16AP,3.1,7.6,43.4,31
90LM0510-B01E70,8.7,20.9,68.8,55.8
MB16ACE,1.65,2.99,17.1,11.4
90MP01L0-BMUA00,0.1,10,3,5
90MP0100-B0UA00,0.01,9,13.1,2.5
VA279HAL,8.3,20.3,71,45.8
VA229NR,5.1,44.2,56.6,12.4
PB278QV,11,22.4,75.5,47
VG27VQ,8.71,8.23,27.1,22
90LM05F0-B01E70,9.3,21.3,69.2,55.8
90SW00R0-M0EAY0,,19,40,59.2
90LM04G0-B01370,8.2,19,70,45.8
90LJ0080-B00520,0.88,9.5,17,13.5
90LM0381-B03170,3,7.6,43.4,31
MB16ACM,3,7.6,43.4,31
90MP00U1-B0UA00,0.11,12.6,6.7,4.5
90SB06H0-M0UAY0,2.32,,,
90SB06M0-M0UAY0,1.3,,,
90SW0080-M0EAY0,7.49,,,
90SB06T0-M0UAY0,0.52,,,
90SB0660-M0UAY0,1.62,,,
90MP01C0-B0UA00,0.18,35,28,1.2
90MP00K1-B0UA00,0.92,49.6,11,8.1
90LJ00C0-B00520,1.6,14.2,22.4,19
90LJ0070-B10120,1.8,25.5,29.8,8
90LJ0070-B01120,1.6,25.5,29.5,8
VP228DE,5.3,12.3,56.5,44
VP249H,5.13,12.6,60.3,46.5
PG248Q,9.5,28,73.5,41.5
90LM0180-B01170,2,5.7,43.5,29.7
BE229QLB,,19,64.3,37.8
PB328Q,16.5,35,84.7,55.2
PA27AC,11.5,29.7,75.9,43.6
PQ22UC,8.8,7.17,28.1,22.7
BE249QLB,,18,66,42
VG278Q,8.21,7.48,27.6,18
XG438Q,22.82,11.6,42.1,28.4
MB169C+,2,5.7,43.5,29.7
VS197DE,3.9,11.4,49.5,42.1
XG32VQ,9.6,29.8,82.9,57.7
VX279C,7,11.9,68,55
MX32VQ,13.3,29.2,84.3,59.8
VA326HR,,23.16,87.32,60.17
2L-7D02DH,0.29,,,
VC986-AT,0.1,12,1.9,21.2
UC232A1-AT,0.07,12.4,4.2,15.8
VC925-AT,0.1,12,1.9,21.2
UC232A-AT,0.06,12.4,4.2,15.8
UCE60-AT,0.19,16,11.6,23.9
CL6700MW-ATA-EE,14.7,71.8,66.8,13.5
KA7169-AX,0.16,12.4,4.2,12.9
UC2324-AT,0.59,23.9,5.9,16
2L-7D02UDX3,0.53,,,
2L-5302U,0.25,,,
2L-5303U,0.34,,,
2L-5202U,0.17,,,
2L-5203U,0.24,,,
2L-5206P,0.53,,,
2L-7D02UDPX4,0.3,,,
2L-5305P,0.48,,,
2L-7D02U,0.27,,,
KA7168-AX,0.16,12.4,4.2,12.9
KA7188-AX,0.16,12.4,4.2,12.9
KA7175-AX,0.17,12.4,4.2,12.9
KA7177-AX,0.19,12.4,4.2,12.9
2L-7D02UH,0.24,,,
2L-5202P,0.21,,,
2L-5203P,0.29,,,
2L-5205U,0.36,,,
KA7170-AX,0.17,12.4,4.2,12.9
2L-7D02UD,0.31,,,
2L-5203UP,0.26,,,
2L-5206UP,0.42,,,
2L-7D03UI,0.42,,,
KA7570-AX,0.17,12.4,4.2,12.9
CS724KM-AT,1.07,28.3,6.2,17.3
US421A-AT,0.28,15,7,25.6
KH1508AI,4.08,,,
CS682-AT,0.59,16.3,7,23.5
CS1742C-AT,2.18,9.84,22.22,26.67
US224,7.8,6.1,2.17,8.78
CS22DP-AT,0.44,15.5,5.5,22.5
CS692-AT,0.55,16.3,7,23.5
CS82U-AT,0.98,23.9,5.9,17.5
CS1744C-AT,,10.16,34.29,20.96
CS84U-AT,1.69,28.3,10,17.3
CS22U-AT,0.4,15.5,5.5,22.3
VK112EU-AT,0.34,23.9,5.9,16
US224-AT,0.22,15.5,5.5,22.3
UC1284B-AT,0.15,12.4,4.2,15.8
UE350A-AT,0.29,11.9,5.9,16
UE2120,0.53,18.6,5.6,15.7
PDU41005,3.9,25,50,6.5
9H.LGVLA.TSE,10.2,,,
9H.LGWLA.TSE,13.4,,,
9H.LGVLA.FSE,10.2,,,
9H.LJ1LB.QBE,25.6,,,
9H.LGYLB.QBE,9.1,,,
9H.LHXLB.QBE,5.2,,,
9H.LG8LA.TSE,9.2,,,
9H.LJFLB.QBE,12.8,,,
9H.LHNLB.QBE,8.7,,,
9H.LHWLA.TBE,7.4,,,
9H.JLS77.13E,4.08,46,34,18
9H.LHXLB.QBU,5.2,,,
9H.LGMLB.QBE,12.6,,,
UML-323-90,15.1,8.07,35.8,23.9
FU8-0576-000,0.01,3.8,4.8,3
0333C004,0.05,1.9,11.5,
PR3000ERT2U,40.3,62,56,27.5
PR1000ERT2U,29,53,56,27.5
PR2200ERT2U,33.5,53,56,27.5
YX54N,13.1,19.7,82.7,52.8
P1917S,6.61,45.21,38.99,16.79
DELL-U3419W,16.01,,,
P2217,7.03,55.09,37.9,16.51
DELL-UP2718Q,11.6,69.49,43.51,19.99
DELL-U3219Q,,83.39,26.01,54.51
DELL-U2719DC,8.62,6.69,26.8,16.5
DELL-U4919DW,26.4,140.49,32.51,53.29
210-AEUR,3.75,,,
210-AGYH,8.27,65.41,23.8,43.99
U2412MWH-WHITE,8.27,65.41,23.8,43.99
DELL-UP3218K,,33.2,21.8,10.6
DELL-P2018H,6.12,20.1,6.61,13.9
DELL-U2520D,8.8,,,
U2415,8.35,25.5,9.53,17.8
210-AEVE,9,64.8,24.21,45.29
210-AEVC,8.35,,,
210-AQVJ,7.2,62.99,17.5,40.59
43NY4,0.22,10.5,13.8,5.7
CHWGG,0.36,12.8,30.7,4.7
G4X7T,0.2,10.9,12.8,7.2
7FHHV,0.33,12.8,29.5,5
KXTTW,0.18,7.9,15.9,4
0285K,0.18,9.1,12.7,5.9
1W2Y2,0.4,,,
5D91C,0.42,17.2,39.5,7
HMPFH,0.45,28,39,5.2
28H80,0.74,47.4,37,6
N18GG,0.42,17.2,39.5,7
TDK33,0.3,19.4,27.1,4.6
3CRH3,0.24,16.3,24.1,2.8
FGF20,0.4,,,
H76MY,0.47,17.3,39.6,7
HK6DV,0.4,,,
M1WCF,0.4,,,
RMJCY,0.75,6,36.8,47
T6V87,0.17,11.2,20.9,4
FV34F,0.4,,,
KG7VF,0.5,19.4,45.1,5.5
4F5YV,0.59,17.3,39.5,7.1
RT74M,0.34,11.7,18.7,6.8
7V69Y,0.48,17.1,39.6,7.1
RNP72,0.51,28.1,38.9,5.3
X16TW,0.24,12.7,30.1,4.8
V6VMN,0.27,12.9,30.3,4.8
MYJ96,0.42,17.2,39.6,7.2
W7NKD,0.43,17.5,39.5,7
TP1GT,0.33,12.6,30.1,4.6
3WN11,1.09,9.4,26,8.5
GD1JP,0.4,12.6,29.5,4.5
5GT3K,0.29,19.4,27.1,4.7
DXD9H,0.06,9.5,16.6,2.5
GG4FM,0.36,12.8,29.6,4.5
39DY5,0.31,17.1,42.7,5.4
P2214H,7.17,,,
G6J41,0.22,10.9,15.4,6.4
FTH6F,0.34,17.1,39.5,7
G8VCF,0.39,17.1,39.4,7
D4CMT,0.31,12.8,30.2,4.8
K00F5,0.35,10.6,14.5,6.5
5VC2M,0.45,17,39.3,7.2
K3JK9,0.5,17.1,39.3,7.2
M7R96,0.3,12.5,29.4,4.6
TXF9M,0.48,17.1,39.5,7.1
47RW6,0.6,15.6,21.5,6.3
0MFK9,0.8,15.9,25.2,6.6
2TXYM,1.92,9.4,26,8.5
6TFFF,0.21,9.4,11.7,4.6
FY8XM,0.27,12.6,30.7,4.7
CYMGM,0.36,17.2,39.6,7.4
2YK0F,0.22,8.8,14.1,4.4
Y3F7Y,0.28,16.3,24.2,2.7
MS3220-BLK,0.14,4.65,9.1,14.2
MS5320W-GY,0.19,5.3,8.75,16
G3TXG,2.23,7.6,43,28.2
VPK90,2.23,8.1,47.2,29.4
F60PX,1.59,7.6,37.3,33.6
6JGFC,2.31,7.6,43,28.2
WM2KM,2,7.6,49.4,32
PGJT2,3.34,7.6,49.3,33.2
V14VY,2.56,8.1,47.2,29.4
344RT,2.31,7.6,43,28.2
90PCH,2.15,7.6,37.3,34.7
1WWJT,2.58,8.1,45.2,29.4
C0WCT,5.33,29.7,49.4,21.3
JX26T,2.8,23.8,49.8,13.3
DFF7J,5.33,39.4,48.7,26.4
MYH06,29.6,61.5,78.9,45.4
210-AKBD,9.5,60,21.41,37.49
DUB-H7/E,0.48,22.5,15,6.8
DUB-1340/E,0.07,22.5,15,6.8
DUB-H4/E,0.38,16,10.5,9.4
DMC-700SC/E,0.67,27.4,20.8,6.8
DMC-300SC/B,0.77,27.4,20.8,6.8
DMC-300SC/E,0.77,27.4,20.8,6.8
DGS-1016D/E,1.71,32.8,18,10.8
DGS-1210-24,3.24,49.3,24.9,7.2
GO-SW-5E/E,0.15,10.5,6.5,9.8
DIS-100G-5PSW,0.7,21,18.1,7.5
DGS-3130-30TS/SI,4.47,50.6,38.8,9
DES-1024D/B,1.9,37.6,28.2,7.8
DGS-1024D/B,2.5,39.1,26.2,10.2
DES-105/B,0.45,22,17,6.2
DGS-108/B,0.65,25,20.8,6.8
DGS-3130-30PS/SI,6.32,59.5,45,11.8
DGS-1008P/E,1.69,32.8,18,10.8
DGS-1008D/B,0.28,15.8,10.4,9.4
DGS-1210-48,4.69,55.2,35.4,9.8
DGS-3130-54PS/SI,6.88,59.5,45,11.8
DES-1008D/B,0.31,15.8,10.4,9.4
DES-1008PA,1.19,25,20.8,6.8
DGS-3120-24TC/SI,4.27,51.1,34.8,9.1
DGS-108/E,0.65,25,20.8,6.8
DGS-105/B,0.5,22,17,6.2
DGS-1210-24P,4.92,52.1,36.5,9.2
DGS-3130-54S/SI,6.32,59.5,45,11.8
DGS-3130-54TS/SI,4.83,50.6,42.7,7
DGS-1005D/B,0.22,11.6,10,8.2
DGS-1016D/B,1.77,32.8,18,10.8
DGS-1024D/E,2.43,39.1,26.2,10.2
DES-108/B,0.61,25,20.8,6.8
DGS-1026MP,3.7,50.6,38.8,9
DGS-3130-30S/SI,4.47,50.6,38.8,9
DGS-1250-28XMP,4.76,56.3,39.3,8.9
DES-1210-28P,4.49,54.6,34.9,9.6
DGS-105/E,0.45,22,17,6.2
DGS-1008MP,2.85,39.1,26.2,10.2
DIS-S301SX,2.26,5.16,2.91,1.93
DGE-528T,0.15,13.7,20.8,3.6
DWA-182,0.02,13.8,13.8,4
DWA-172,0.06,20.8,13.7,3.6
DWA-131,0.07,10.9,14.1,1.9
DWA-121,0.01,13.8,13.8,2
DUB-E100,0.12,13.8,13.8,3
DWA-171,0.02,10.9,14.1,1.9
DPE-101GI,0.42,21.3,15.3,6.8
PSM-12V-55-B,0.22,9,10.2,5.5
DWR-921/E,0.75,27.4,20.8,6.8
DSR-250N,1.39,33.7,22,8.5
DIR-809/B,0.81,34.4,24.2,7.4
DWR-921/B,0.9,28,21,7
DAP-1360/B,0.66,27.4,20.8,6.8
DAP-1360/E,0.6,27.4,20.8,6.8
DAP-2662,0.39,24.8,20.8,7.3
S0838860,,43,27.8,35
S0717930,0.2,16,8.8,20.2
S0946320,0.6,6.5,16,26.5
S0883990,0.42,8.4,12,26.5
S0968960,5.3,40,25.6,28.9
S0721520,0.03,9.5,1.9,14.9
S0721440,0.23,10.8,6.5,8.3
S0722440,0.22,7.7,7.8,7.8
EMIB04,3.98,,,
ESWB22,4.6,,,
E615169,0.32,6.35,16.5,16
E347918,13.5,54.8,64.8,48.4
E649473,8.3,23.3,51.1,51
E877820,8.3,23.3,51.1,51
E077464,8.3,23.3,51.1,51
E738607,7,20.7,44.7,38
E327528,8.2,19,62,42.3
E351806,12,31.8,68,52.6
E126288,7.54,16.9,68,46
A61CF26111,0.46,23.5,12.7,8
A61CF26101,0.46,23.5,12.7,8
V11H961041,8.71,49.5,49.5,23
V11H901041,11.7,56.5,53.6,20.7
C31C514057,4.06,37.5,24,25
C31C163272,1.84,27,23.5,18.5
C31C178262,1.9,27.9,23.5,19
C31C515052B0,3.86,37.5,24,25
C11CA13041,0.01,55,29,38
B11B241401PU,0,38.3,14.1,9.5
C11CH12301A1,168,80,158,149
B11B239401PU,0,52,40.5,19.5
C13T605600,0,17,2.5,11
C13T603B00,0,19,3,11
C13T591100,0,34,6,14.5
C13T636300,0,40,6,14.5
C13S020449,,8.8,4.4,3.1
C13S020452,,8.8,4.4,3.1
C13T580B00,0,10,3.5,8
C13T653700,0,21.5,4,11.5
C13T653A00,0,21.5,4,11.5
C13T694400,0,35.1,4.7,11.6
C13T687200,0,34.8,5,11.8
C13S020566,,9,5,3
C13T755240,0,18.5,2.7,11.2
C13T755440,0,18.7,2.9,11.6
C33S020642,,8,7,1.5
C33S020639,0.52,31,10,3
C13T850200,0.16,10,8,3.5
C13T824500,0,32,6,14.5
C13T804500,0,40,6,14.5
C13T804600,0,40,6,14.5
C13T804B00,0,40,6,14.5
C13T32414010,,3.3,14.5,12
C13T908240,0,19,3,11.5
C13T24244012,0.04,2.6,10.2,14.5
C13T29924012,0.04,2.6,10.2,14.5
C13T18024012,0.04,2.6,10.2,14.5
C13T26124012,0.04,2.6,10.2,14.5
C13T33444012,0.04,2.6,10.2,14.5
C13T13014012,0.08,4.3,10.2,14.5
C13T29934012,0.04,14,9.8,2.5
C13T913A00,0,21.5,4,11.5
C13T913D00,0,21.5,4,11.5
C13T913100,0,21.5,4,11.5
C13T34614010,0.04,2.6,10.2,14.5
C13T04C340,0,19,2.6,11.5
C13T40D340,0,13,3.5,11
C13T40D240,0,13,3.5,11
C13T41F440,0,24.5,4.5,11.5
C13T03A34010,0.02,10.3,2.6,14.5
C13T591600,0,40,6,14.5
C13T603400,0,19,3,11
C13T603700,0,19,3,11
C13T596100,0,32,6,14.5
C13T596500,0,32,6,14.5
C13T636400,0,40,6,14.5
C13T653100,0,21.5,4,11.5
C13T692500,0,24.5,3,11.5
C13T693300,0,24.5,4.5,11.5
C13T694100,0,35,5,12
C13T15914010,,3.3,14.5,12
C13T15944010,,3.3,14.5,12
C13T15994010,,3.3,14.5,12
C13T642100,0,32,5.5,14.5
C13T789140,0,14,3,8.5
C13T76034010,,3.3,14.5,12
C33S020621,0.52,31,10,3.5
C13T850500,0.16,10,8,3.5
C13T850800,0.16,10,8,3.5
C13T16344012,0.04,2.6,10.2,14.5
C13T13034012,0.05,3.2,10.2,14.5
C13T12934012,0.05,2.6,10.2,14.5
C13T27034012,0.04,2.6,10,14.5
C13T24344012,0.05,2.6,10.2,14.5
C13T913300,0,21.5,4,11.5
C13T00R340,0.13,17.5,5.8,5.8
C13T944140,0,29,4,12
C13T964140,0,28.9,4,16.4
C13T40C240,,13,3.5,11
C13T03U44010,0.01,10.3,2.6,14.5
C13T44JB40,0,35,4.7,11.5
C13T591700,0,40,6,14.5
C13T580900,0,10,3.5,8
C13T603300,0,19,3,11
C13T544600,0,29,2.7,11
C13T636500,0,40,6,14.5
C13T636700,0,40,6,14.5
C13T692200,0,24.5,3,11.5
C13T642600,0,24.5,4.3,12
C13T08074021,0,6.2,15,19.5
C33S020601,,8.5,4.5,3
C33S020604,,8.5,4.5,3
C13T76054010,,3.3,14.5,12
C13T76064010,,3.3,14.5,12
C33S020620,0.52,31,10,3.5
C33S020618,0.52,31,10,3.5
C13T824A00,0,32,6,14.5
C13T800800,0,35,4.5,11.5
C13T800100,0,35,4.5,11.5
C13T29914012,0.04,2.6,10.2,14.5
C13T24334012,0.05,2.6,10.2,14.5
C13T26324012,0.05,2.6,10.2,14.5
C13T18124012,0.04,2.6,10.2,14.5
C13T24314012,0.04,14.1,9.7,2.4
C13T26314012,0.05,2.6,10.2,14.5
C13T16334012,0.04,2.6,10.2,14.5
C13T913500,0,21.5,4,11.5
C13T37964020,0.05,3.2,10.6,14.6
C13T02W24010,0.04,2.6,10.2,14.5
C13T04C440,0,19,2.6,11.5
C13T40C340,,13,3.5,11
C13T03A14010,0.02,10.3,2.6,14.5
T0713,,14,11,3
C13T44QD40,0,24.5,4.5,11.5
C13T44Q840,0,24.5,45,11.5
C13T544300,0,2.8,29,10.9
C13T591500,0,40,6,14.5
C13T636600,0,40,5.8,14.5
C13T596700,0,32,6,14.5
C13T636A00,0,40,6,14.5
C13S020451,,8.8,4.4,3.1
C13T653600,0,21.5,4,11.5
C13T693500,0,24.5,4.5,11.5
C13T694300,0,35,4.6,11.6
C33S020464,0.21,13.5,9,4.5
C13T15984010,,3.3,14.5,12
C33S020484,,12,5.5,3
C13S020565,,9,5,3
C13T76024010,,3.3,14.5,12
C13T76084010,,3.3,14.5,12
C33S020641,,8,7,1.5
C13T804D00,0,40,6,14.5
C13T804400,0,40,6,14.5
C13T804100,0,40,6,14.5
C13T804300,0,40,6,14.5
C13T824D00,0,32,6,14.5
C13T32474010,,3.3,14.5,12
C13T908440,0,19,3,11.5
C13T800700,0,35,5,11.5
C13T24254012,0.05,2.6,10.2,14.5
C13T29914022,,2.6,14.5,10.2
C13T913700,0,21.5,4,11.5
C13T35944010,0.07,3.3,12,14.5
C13T34794010,,37,17,15
C13T945340,0,29,3.5,12.5
C13T04B140,0,19,2.6,11.5
C13T04B240,0,19,2.6,11.5
C13T40C140,0,13,3.5,11
C13T41R240,0,24.5,3,11.5
C13T41R540,0,25.4,3.6,12.2
C13T41F240,0,24.5,4.5,11.5
C13T44Q440,0,24.5,45,11.5
C13T44QA40,0,24.5,45,11.5
C33S020410,,12,5.5,3
C13T603900,0,19.3,3.2,11.1
C13T602300,0,19,3,11
C13T33624012,0.05,2.6,10.2,14.5
C13T27024012,0.04,2.6,10.2,14.5
C13T27124012,0.05,2.6,10.2,14.5
C13T24364012,0.04,14.2,9.7,2.4
C13T26334012,0.04,14.2,9.7,2.4
C13T27114012,0.09,6.4,10.2,15
C13T24264022,,14.2,2.4,9.8
C13T946140,0,29,3.5,16.5
C13T02V14010,0.04,2.6,10.2,14.5
C13T41F540,0,24.5,4.5,11.5
C13T603100,0,19.2,2.7,11.1
C13T603500,0,19.1,3.2,11.1
C33S020404,0.1,8.8,4.6,6.5
C33S020407,0.14,14.6,4.5,6
C33S020405,0.1,8.8,4.6,6.5
C13T544700,0,2.8,29,10.9
C13T596600,0,24.5,4.3,12
C13T596800,0,32,6,14.5
C13T692400,0,24.5,3,11.5
C13T15934010,,3.3,14.5,12
C13T70214010,0,3.7,15,19.5
C13T70244010,0,3.7,15,19.5
C33S020490,0.2,13.5,8.8,4.3
C33S020603,,8.5,4.5,3
C13S020563,,9,8.8,4.5
C13T26704010,,5.1,14.5,12
C13T824100,0,32,6,14.5
C13T824700,0,32,6,14.5
C13T908340,0,19,3,11.5
C13T838140,0,37,9,16.5
C13T612200,0,19,3,11
C13T603200,0,19,3,11
C13T603C00,0,19,3,11
C13T636900,0,40,6,14.5
C13T636B00,0,40,6,14.5
C13T653B00,0,21.5,4,11.5
C13T692100,0,24.5,3,11.5
C13T694500,0,35,4.6,11.6
C13T79044010,0,3.7,15,19.5
C13T79134010,0,3.7,15,19.5
C13T26614010,,4.3,14.5,12
C33S020619,0.52,31,10,3.5
C13T850400,0.16,10,3.5,8
C13T824600,0,32,6,14.5
C13T824200,0,32,6,14.5
C13T824B00,0,32,6,14.5
C13T804200,0,40,6,14.5
C13T824300,0,32,6,14.5
C13T800400,0,35,4.5,11.5
C13T33514022,,4.3,15,10.2
C13T13014022,,4.3,14.7,10.2
C13T913800,0,21.5,4,11.5
C13T913400,0,21.5,4,11.5
C13T03R240,0.13,17.5,5.8,5.8
C13T03R440,0.13,17.5,5.8,5.8
C13T37954020,0.05,3.2,10.3,14.6
C13T41R340,0,24.5,3,11.5
C13T614800,0,29,2.7,11
C13T44J940,0,35,5,11.5
C13T605C00,0,17,2.5,11
C13T606100,0,29,3,11
C33S020403,,7.3,4.5,5.7
C13T06114010,,14,3,11
C13T591400,0,40,6,14.5
C13T58464010,0,7.7,15,21
C33S020268,0.2,14.5,10.5,4.5
C13T605900,0,17,2.8,11
C13T596900,0,31.8,5.7,14.5
C13T636100,0,40,6,14.5
C13T653200,0,20.2,2.8,10.5
C13T693400,0,24.5,4.5,11.5
C13T694200,0,35,5,11.6
C13T15974010,,3.3,14.5,12
C13T70234010,0,3.7,15,19.5
C13S020564,,9,5,3
C13T789240,0,14.1,2.5,8.2
C33S020640,,8,7,1.5
C13T850900,0.16,10,8,3.5
C13T824400,0,32,6,14.5
C13T804A00,0,40,6,14.5
C13T824900,0,32,6,14.5
C13T907140,0,19,5.5,11.5
C13T800000,0,35,4.5,11.5
C13T12944012,0.04,14.5,9.4,2.5
C13T13044012,0.05,3.3,10.2,14.5
C13T27144012,0.05,2.6,10.2,14.5
C13T913200,0,21.5,4,11.5
C13T35924010,0.07,3.3,12,14.5
C13T02F14010,0.04,14.2,10,3
C13T02H14020,0.05,2.3,10.6,14.6
C13T944340,0,29,4,12
C13T944440,0,29,4,12
C13T40D140,0,13,4.7,11
C13T03U14010,0.01,10.3,2.6,14.5
C13T44Q940,0,24.5,4.5,11.5
C13T05534010,,3.3,14.5,12
C13T605100,0,17,2.5,11
C13T612400,0,19,3,11
C13T591300,0,40,6,14.5
C13T596400,0,32,6,14.5
C13T596300,0,31.8,5.7,14.5
C13T596A00,0,32,6,14.5
C13T636200,0,40,6,14.5
C13T692300,0,24.5,3,11.5
C13T693100,0,24.5,4.2,11.5
C33S020175,0.23,14.5,10.5,4.5
C13T15924010,,3.3,14.5,12
C13T70114010,0,14,2.8,8.2
C33S020602,,8.5,4.5,3
C13T79124010,0,3.7,15,19.5
C33S020591,0.24,2.5,16.5,15
C13T850100,0.16,10,3.5,8
C13T804900,0,40,5.8,14.5
C13T804700,0,40,6,14.5
C13T800200,0,35,4.7,11.5
C13T800500,0,35,4.5,11.5
C13T24224012,0.03,14.1,9.7,2.4
C13T27014012,0.04,2.6,10.2,14.5
C13T24234012,0.04,2.6,10.2,14.5
C13T24214012,0.04,2.6,10.2,14.5
C13T26114012,0.04,2.6,10.2,14.5
C13T913600,0,21.5,4,11.5
C13T37814020,0.04,3.3,10.2,14.5
C33S020655,,16.5,5,7.5
C13T945240,0,29,3.5,12.5
C13T04A240,0,19,2.6,11.5
C13T41F340,0,24.5,4.5,11.5
C13T41R440,0,25.4,3.6,12.2
C13T44Q140,0,24.5,45,11.5
C13T44JD40,0,35,4.7,11.6
C32C823991,,10.2,8.3,3.7
C32C823861,,10.2,8.2,3.4
C32C823891,,10,8,3.5
C32C823361,,10,8,3.5
C32C824121,,10,8,3.5
C32C824131,,10.4,8.5,3.9
C31CH77102,31.3,70.6,62,49.5
C31CH76202,28.2,71,51.5,50
C51CB70380,2.2,9.8,34.4,29.9
C11CC68132,16,68,59,43
C51CB70330,0.97,26.2,20,8.4
C53S655006,0.06,8,3,7
C53S652002,0.05,8,7,2.5
C53S654024,0.06,2.9,9,7.5
C53S654025,0.06,2.9,9,7.5
C53S654023,0.06,2.9,9,7.5
C53S654016,0.06,8,7,2.5
C53S655014,0.07,3.5,9,7.5
C53S656905,0.08,9,3.5,7.5
C53S653003,0.04,8,2.5,7
C53S656005,0.05,8,7,2.5
C53S657006,0.12,8,4.5,7
C53S652004,0.05,8,7,2.5
C53S657002,0.13,9.4,5,7.7
C53S656903,0.08,8.7,3.5,7.5
C53S654009,0.06,8,2.5,7
C53S652003,0.05,8,7,2.5
C53S654014,0.06,8,2.5,7
C53S654017,0.06,2.9,9,7.5
C53S655012,0.06,8,3,7
C53S653007,0.04,8,2.5,7
C53S653008,0.04,8,2.5,7
C53S656902,0.07,8.7,3.5,7.5
C53S654008,0.06,8,2.5,7
C13S041746,2.62,48,12,12
C13S041387,6.24,116.5,12.5,11.2
C13S042372,7.3,66.7,17.7,17.7
C13S041719,3.57,49,32.5,3.5
C13S041725,3.21,48,15,15
C13S041385,3.38,66,12,12
C13S042111,5.8,63.3,48.5,3
C13S041220,6.44,116,11.5,11.5
C13S042095,2.4,61,43.5,1.5
C13S042096,2.22,61,43.5,1.5
C13S041853,3.65,65.5,12,12
C13S041598,6.83,85,62.5,2.5
C11CE41301A0,147,148.4,80,108
C11CE40301A0,199,204,83,109
C11CH12301A3,0.17,80,158,149
C13S050603,0,13.4,7.2,7.3
C13S050614,0,17.7,6.3,8.2
C13S050651,0,8.3,6,8.3
C13S050602,0,13.4,7.2,7.4
C13S050604,0,13.3,7.2,7.3
C32C845040,0.66,24,16.5,7.3
C32C881017,0.19,17.5,10.5,4
C31CH51011A0,2.2,33.5,19.2,28
C31CF70321PH,0.01,39,31,35.5
C31CG62204P1,5.96,38.5,29.4,28.5
C31C517057,5.2,37.5,24,25
C31CF70301,7.88,39,35,31
C31CG62216,5.5,38.2,29.5,29.3
C32C825375,0.41,24.3,18.4,5.2
C32C825341,0.48,19,9,8.5
2119140,0.18,17.5,4,5
2093752,0.23,23.7,6.4,4.5
C13T642000,0,32,6,14.5
C13S051228,0,38.5,28.5,32.5
C13T774140,0.23,14.5,6.2,8
C13T664340,0,14.5,8,6.2
C13T00P340,0.13,17.8,5.8,5.6
C13T664240,0,14.5,8,6.2
B12B813561,,19.2,3.6,11.4
B12B813501,0,18.7,3.4,11.6
C33S020580,0.31,23.3,17.7,3.5
C13T582000,0,27.7,5.2,9
C13S210102,0,14.5,8.6,8.6
C13T366100,,10.2,4,5.5
B12B813421,,10.5,5.2,6.9
C33S045537,0.47,10.8,11.3,9
C33S045719,2.27,21,22.5,11.5
C33S045721,1.69,21,22,9
C53S633004,0,10.5,12,12.5
C33S045548,0.69,10.8,11.3,11.3
C33S045720,1.69,21,22,9
C53S633001,0,10.5,12,12.5
C33S045542,0.45,10.8,11.3,9
C33S045553,7.3,32.5,25,14.5
C33S045714,2.92,21,22.5,11.8
C33S045536,0.31,10.8,11.3,6
C53S633003,0,10.5,12,12.5
C53S633006,0,10.5,12,12.5
C33S045718,2.29,21,22.5,11.5
C53S654010,0.06,8,2.5,7
C53S635002,0,15,5,15.5
C33S045538,0.62,10.8,11.3,11.2
C33S045541,0.62,10.8,11.3,11.3
C33S045552,7.42,32.5,25,14.5
C53S634003,0,10.5,12,7.5
C33S045549,0.7,10.8,11.3,11.3
C33S045713,2.94,21,22.5,11.8
C33S045738,8.93,31.6,31.9,25
C53S633005,0,10.5,12,12.5
C33S045543,0.46,10.8,11.3,8.9
C33S045715,2.17,21,22,9
C13S015610,0,3.3,39.8,9
C43S015358,,11.5,8,1
C13S015336,0,49.5,3,8
C43S015369,,20.5,9,3
C43S015376,,13.5,8,3
C13S015262,,13,3,12.5
C43S015374,,13.4,8,3
C43S015453,,17.5,9,3.5
C13S015337,0,32,3.2,8.4
C43S015362,,13,7,2.5
C43S015371,,8.6,0.3,17.7
C13S015637,0,33,2.8,7.6
C43S015360,,13,7,2.5
C13S015307,0,33,4,8.5
C43S015366,,12,3,4.9
C43S015354,,11.4,8,1
C13S015633,0,33,2.8,7.8
C43S015435,,9.5,6.5,2.5
A62B098112,0.17,31.5,4.5,4.5
C12C890501,0,28.5,9,12
B12B813581,0,19,3.5,11
C13S053038BA,0,44.8,21,21.5
C32C890634,0.1,10.2,3.6,8.3
C13T699700,0,28.5,9,12.5
C32C881008,,10.2,8.1,3.5
C32C890739,0.14,18.5,3.5,11.5
C12C890191,0,28.5,9,12.5
A62B098101,0.17,31,4.5,4.8
C32C831093,,9,4.3,6
C32C815471,5.62,49.5,30,38.5
C13T619100,0,32.4,5.5,15.2
B12B813481,0,17.8,4.1,11.7
A62B132111,2.47,31.5,18.3,9.4
C32C890737,0.18,18.5,11.5,3.5
B12B819381,0,35.5,12.8,20.5
V13H010L67,0,14,14,12.5
V13H010L71,0,14,14,14
V13H010L75,0,15.5,14,14
V13H010L90,0,15.5,13,14.5
V13H010L91,0,15.5,13,14.5
V13H010L80,0,16,14,14.3
B11B240401BY,19.4,78,61.3,29.5
B11B250401,4.95,37,27,32
B11B232401,1.84,43.5,8.5,30.5
B11B241401BY,1.76,38.3,9.5,14.1
B11B249401,3.6,39.5,24.5,24
B11B224401BY,10.5,62,43.5,28
C33S020596,0.32,20.5,9.5,8
C12C932871,0.01,50,24,46.5
C13S041154,0.3,35.4,24.3,0.6
S26361-K1653-V140,7.42,,,
S26361-K1374-V140,7.9,,,
S26361-K1471-V140,7.2,,,
S26361-K1497-V141,8.4,,,
FI27Q-P,119,27.9,72,56.5
DS-D5032FC-A,9.25,19.7,80.3,51.3
DS-D5032QE,6.76,13.6,80.4,50
DS-D5024FC,6,,,
ISD-SMG318LT-F,,23,70,227
DS-3E0310HP-E,1.22,,,
SS660A,3.25,18.1,60.3,15
CN622AE,0.14,2.87,24.17,7.16
CN625AE,0.4,5.31,27.09,7.16
CN628AE,0.21,2.92,24.2,8.66
B3P20A,0.25,12.9,20.2,4
C4844A,0.15,3.9,12.5,14.3
C8773EE,0.05,14,3.6,11.4
CN053AE,0.09,12.6,11.4,3.6
C2P19AE,0.05,2.3,10.6,11.35
C2P07AE,0.07,3.7,11.3,11.5
L0R95AE,0.17,2.8,21.5,4.8
F6V25AE#BHK,0.05,3.7,11.3,11.5
H6Y90AA#ABB,0.7,21,15.6,7.7
90Y8926,1.74,,,
90Y8877,1.74,,,
41A5327,1.63,23.3,49.5,6.3
LH6542UHS-B1,35,161.6,18.7,99.8
LH5546HS-B1,,22.3,144.8,95.2
TF6538UHSC-B2AG,69,31,167,102
LH3246HS-B1,,18.2,85.9,60.3
LH8642UHS-B1,83.3,222.4,37.3,142.7
TF3215MC-B1,12.8,15.5,89,63
TF5538UHSC-W2AG,,24.5,140,93
TF1515MC-B2,4.6,17.5,46,47
TF3215MC-B1AG,12.8,15.5,89,63
BX80671I76900K,,11.6,4.4,10.1
BX80684I58600K,0.09,11.6,4.4,10.1
BX80684I59400F,,11.6,7,10.1
CD8069504194301,0.2,13.7,4.3,11.2
BX80660E52620V4,,14,4.4,11.7
BX806734112,0.2,13.7,4.3,11.2
BX80684I99900K,0.62,16,18,18
BX80684I79700K,0.09,11.6,4.4,10.1
CM8068403362610,0.34,11.6,7,10.1
BX80660E52680V4,0.1,10.1,11.6,4.4
BX806734108,0.2,13.7,4.3,11.2
BX80684I59400,,11.6,7,10.1
CM8070104290511,,11.6,7,10.1
CM8066201920600,0.34,11.6,7,10.1
BX80673W3175X,0.32,13,10.4,4.5
BX80684I59500F,,11.6,7,10.1
CD8069504194001,0.2,13.7,4.3,11.2
CD8069503956401,0.2,13.7,4.3,11.2
CM8068403358819,0.34,11.6,7,10.1
BX80684I99900KF,0.09,11.6,4.4,10.1
CD8069504283304,0.2,13.7,4.3,11.2
BX80660E52687V4,0.1,10.1,11.6,4.4
BX80677I57400,0.34,11.6,7,10.1
CM8068404174503,0.32,11.6,7,10.1
BX80684I39100F,0.34,11.6,7,10.1
BX80684i79700,0.34,11.6,7,10.1
BX80684I39100,0.34,11.6,7,10.1
BX8069510980XE,0.49,13.8,13.8,6.1
BX80557E1400,,41.4,15.7,14.8
BX80684I59600K,0.09,11.6,4.4,10.1
CD8069504193701,0.2,13.7,4.3,11.2
CM8068403377319,0.34,11.6,7,10.1
CM8070104282327,,11.6,4.4,10.1
14208-14,0.11,7,1,5
1600-289,0.02,5,5,10
14201-19,0.1,2,15,17
8800-00-37,0.02,5,5,10
14207-50,0.09,11,9.5,4
204019,0.03,15.2,17.8,1.3
14207-44,0.1,22.5,1,16
14163-00,0.1,7.7,5,8.5
14201-44,0.05,1.5,16,21
8800-00-101,0.12,5,9,1
7410-109,0.27,5,14,13
7810-209,1.57,28.7,36.6,45.6
7410-209,0.27,5,14,13
7510-209,0.27,4.5,14.5,13.2
100-46000000-60,0.31,5.6,11.8,18
14201-17,0.1,1,16,16
14201-30,0.05,1.5,16,21
8800-01-37,0.04,5,5,10
8800-00-75,0.02,5,5,10
8800-00-94,0.04,0.5,13.5,20
8800-00-88,0.02,5,5,10
8800-00-46,0.02,5,5,10
14201-10,0.07,1,8,20
8800-01-46,0.02,5,5,10
88001-99,0.03,1,12,24
14201-16,0.04,1,15,15
14201-12,0.04,2,8,10
14201-61,0.05,9,16,1.5
14201-13,0.1,5,5,10
14208-33,0.07,14,7.4,6.5
14207-56,0.19,2.7,17.8,12
SDCS2/64GB,0.01,10.16,0.56,11.43
SDCS2/128GB,0.01,10.16,0.56,11.43
DT70/64GB,0.02,10.16,1,11.43
DT70/128GB,0.02,10.16,1,11.43
1102M33NL2,10,35.6,43.8,37.9
MK-715,12,,,
STFR4000800,0.5,5.4,12,18.6
STHZ2000800,0.2,14.5,8.95,3.65
STHA14000800,1.6,24,18,12
04X6435,0.04,,,
4X90U45346,0.03,12,21,1
4XH0S69185,0.09,,,
61DDUAT6UK,1.67,27.6,40.2,6.1
61EDGAT2UK,9.59,48,69.4,16.3
61C9KAT1UK,4.07,12,58.2,35
61DBMAT1EU,7.8,70.6,16,45
61DCRAT1UK,7.8,70.6,16,45
61DBMAT1UK,7.8,70.6,16,45
61E6GAT2UK,7,72.3,45.2,12.7
61F0GAT1UK,8.1,14.9,42.3,62
61C6MAT1EU,9.32,18.7,71.5,45.5
61ECGAT2EU,9.75,69.4,48,16.3
61C6MAT1UK,9.32,18.7,71.5,45.5
61DDUAT6EU,1.67,6.1,27.6,40.2
5A10H42925,,,14.7,5.7
01AV438,0.39,18.1,38.5,5.2
01AV422,1,,,
01AV671,0.51,30.2,39.4,8.2
00UR886,1,,,
5CB0R28201,0.6,43,33,4
00PH133,0.14,,,
01YT242,0.69,30.2,38.4,8.7
61FEMAT6UK,7.2,39,57.7,18.7
00JT800,1,,,
40AH0135SA,1.95,42.2,20,8.6
5D10T95195,0.52,27.3,34.7,7.2
02DA170,0.4,,,
5CB0R28213,0.57,6.8,43.4,32.7
5D10T79505,0.28,21.2,29.6,3.7
5H50J36055,0.31,30.2,39.3,8.2
5D10M14182,0.74,30.1,39.4,8.2
01AV419,0.2,,,
01FR150,1,,,
5D10K93435,0.61,30.1,39.4,8.2
01EN019,0.52,30.2,39.3,8.3
02DC316,0.1,,,
02DL762,0.55,30.3,39.4,8.2
5CB0T45070,,4.5,34.1,4.1
01AV407,0.3,,,
00JT988,0.04,8.3,13.1,3.1
01AV424,1,,,
02DA167,1.5,,,
01HY592,0.3,,,
40A80045EU,0.73,18.2,21.4,6.4
61FBMAT6UK,7.22,39,57.7,18.7
5D10N45602,0.7,4,32.5,42.6
5D10Q90268,0.61,30.1,39.4,8.2
01LW084,0.4,,,
02DA381,0.4,,,
5A10J75112,0.55,13.8,20.5,6.3
01AV433,0.4,,,
02DD009,0.65,29.5,44.9,6.1
5D10T45069,0.54,27.3,34.9,7.2
5D10Q89746,0.52,44,33,5
61F5GAT1UK,8.1,62,42.3,14.9
5D10K81086,0.62,30.3,39.3,8.7
01AV406,0.4,,,
01AV490,1,,,
5D10Q93993,0.71,58,33,8
00UR887,1,,,
61F6MAT2UK,7.5,17.5,59.9,38.7
61F7MAT2UK,8.17,18.7,42.2,62.2
00HW023,0.4,,,
40AV0135EU,1.18,17.5,20.4,7.5
4X90V55523,0.12,9.2,18.1,2.8
4XB0W79582,0.12,14.4,17.7,5.3
4X30H56873,0.99,48,17.7,4.3
4X30M86918,1.08,48.5,20.5,4.2
4X30M39497,1.06,54.3,16.7,4.4
4X30M86890,1.08,48.5,20.5,4.2
4Y40T11851,1.28,20.2,47.2,5.5
4X30M86899,1.08,48.5,20.5,4.2
4X30M86889,1.08,48.5,20.5,4.2
4X30M86904,1.08,48.5,20.5,4.2
4X30M86917,1.08,48.5,20.5,4.2
4X30T25800,0.89,14.8,50,3.6
0B47217,0.49,34.1,20.1,3.3
4X70S69154,0.03,5.7,15.7,1.5
4X70W22200,0.03,1.5,5.7,15.7
GXH0W29068,0.51,7,30,7
4XC0M95181,0.1,17.7,14.4,5.3
4X40U97972,0.58,25.4,37.1,2
4X40X54259,0.64,8.5,41,32
4X40V09689,0.66,3.7,22.1,32.2
4X40W19826,0.66,9,39,32
40A70045SA,0.78,18.2,21.4,6.4
40AH0135EU,1.95,42.2,20,8.6
40AH0135UK,1.95,42.2,20,8.6
40AH0135US,1.95,42.2,20,8.6
40AN0135DK,1.4,16.4,27,7.5
40AN0135IT,1.4,16.4,27,7.5
40AN0135JP,1.4,16.4,27,7.5
40A60045EU,0.87,17,16,13.5
40AN0135IS,1.4,16.4,27,7.5
40AH0135DK,1.95,42.2,20,8.6
40AJ0135SA,2,42.2,20,8.6
40AN0135EU,1.4,16.4,27,7.5
40AH0135WW,1.95,42.2,20,8.6
40AJ0135WW,2,42.2,20,8.6
40AN0135IN,1.4,16.4,27,7.5
40ANY230EU,1.9,19.5,27,8.5
40AN0135BR,1.4,16.4,27,7.5
40AN0135CH,1.4,16.4,27,7.5
40AN0135AU,1.4,16.4,27,7.5
40AJ0135IT,2,42.2,20,8.6
40AH0135IT,1.95,42.2,20,8.6
40AS0090US,0.96,15.8,21,7.5
FRU01HY744,2,42.2,20,8.6
40A70045DE,0.78,18.2,21.4,6.4
40AJ0135DK,2,42.2,20,8.6
40AJ0135EU,2,42.2,20,8.6
40AN0135UK,1.4,16.4,27,7.5
40AS0090EU,0.96,15.8,21,7.5
4X90S92381,0.18,,,
40AS0090DK,0.96,15.8,21,7.5
40AN0135SA,1.4,16.4,27,7.5
40AN0135US,1.4,16.4,27,7.5
40ANY230UK,1.9,19.5,27,8.5
40A70045DK,0.78,18.2,21.4,6.4
40AF0135EU,1.35,16.5,27,8.8
40AS0090UK,0.96,15.8,21,7.5
40AN0135AR,1.4,16.4,27,7.5
04W3955,2.64,21.5,44.3,11.2
40AS0090IT,0.96,15.8,21,7.5
40AS0090SA,0.96,15.8,21,7.5
40AS0090CH,0.96,15.8,21,7.5
40AU0065EU,0.56,21,21.5,6.5
40AU0065UK,0.56,21,21.5,6.5
4XF0R41604,0.19,,,
4XA0N06917,0.5,,,
4X20H15597,0.25,4.3,8.5,12
4X20M26276,0.46,14.4,23.8,5.4
4X90U90618,0.07,,,
70C0D30,0.87,,,
70C0D40,0.87,,,
50F0ZA0,2,,,
52D0Z00,2.5,,,
C930X72G,1.42,,,
50F0Z00,2,,,
E260X22G,0.91,,,
52D0ZA0,2.5,,,
12A5845,2.6,,,
50F2H00,0.9,,,
E250A21E,1.07,,,
0E250A11E,1.07,10.8,39.1,16.4
26Z0082,82,,79.2,80.6
26Z0084,16.7,,64.8,42.7
26Z0080,56,,79.2,80.6
3070166,0.06,,,
11A3540,0.06,3.1,9.4,11.2
36S3120,5.53,46.8,42.8,19.3
27X6410,0.42,30.5,20.3,16.5
50G0855,28.6,88.9,86.4,22.9
C925X76G,0.6,,,
C792X77G,0.61,,,
C950X76G,0.6,,,
C540X75G,0.55,19.2,46.5,14
25B2950,22.3,62.4,53.8,47.9
32C0050,31,78,73.91,40.64
50G0802,7.3,58.6,49.4,20.7
993-001137,0.33,20.4,3.8,20.64
981-000472,0.18,20,5.4,22.3
910-005931,0.02,11,10.19,1.6
940-000138,0.3,20.1,7.95,16.76
920-003161,0.6,45.4,5.08,12.38
993-001391,0.21,20,3.05,20.7
942-000031,1.28,22.5,21,23
910-005236,0.05,12.6,1.2,20.1
920-002515,0.69,16.3,2.92,47.4
920-002429,1.72,48.1,7.46,25.24
920-004484,1.5,50.37,26.08,5.12
920-007131,0.53,37,3.1,15.3
920-002379,1.48,20.8,5.88,46.83
920-008685,1.2,53,4.8,20
920-008677,1.2,53,4.8,20
920-009415,1.17,45.05,14.75,3.95
920-002822,0.76,46.83,2.86,18.42
920-002524,0.69,16.3,2.92,47.4
920-004481,1.35,50.37,26.08,5.12
920-005692,1.44,47.4,3.4,21
920-002823,0.81,52.5,16.3,4.9
920-002360,1.48,20.8,5.88,46.83
920-002488,0.71,46.83,2.86,18.42
920-002380,1.48,20.8,5.88,46.83
920-005216,1.05,48,18.8,2.7
920-006350,1.03,31,4.1,20.1
920-005210,1.05,48,18.8,2.7
920-002506,0.76,46.83,2.86,18.42
920-002563,0.86,52.5,16.3,4.9
920-007921,0.72,50.6,14.2,4.1
920-002421,1.72,48.1,7.46,25.24
920-008351,0.96,53.1,19.3,4.5
920-004526,0.74,51,15.8,4.6
920-008669,1.05,48,18.8,2.7
920-002929,1.07,48.5,20,3.5
920-002443,1.72,48.1,7.46,25.24
920-003088,0.74,39.37,16.51,2.86
920-003735,0.66,45.41,3.18,15.88
920-004509,0.74,51,15.8,4.6
920-004512,0.74,51,15.8,4.6
920-008224,1.24,52.6,4.9,22.1
920-008024,0.72,50.6,14.2,4.1
920-008683,1.2,53,4.8,20
920-008304,1.34,46.2,3.9,22
920-007119,0.47,37,3.1,15.3
920-003986,0.98,46,18.7,6.2
920-004511,0.74,51,15.8,4.6
920-003056,0.74,39.37,16.51,2.86
920-004523,0.74,51,15.8,4.6
920-007143,0.53,37,3.1,15.3
920-007128,0.53,37,3.1,15.3
920-007905,0.72,14.2,50.6,4.1
920-008221,1.24,52.6,4.9,22.1
920-002642,0.69,16.3,2.92,47.4
920-008679,1.2,53,4.8,20
920-008875,1.6,56.4,5.7,20.4
920-002388,1.33,20.8,5.88,46.83
920-009404,1.36,45.05,14.75,3.95
920-009403,1.17,45.05,14.75,3.95
920-002489,0.71,46.83,2.86,18.42
920-002539,0.86,52.5,16.3,4.9
920-004510,0.74,51,15.8,4.6
920-002534,0.86,52.5,16.3,4.9
920-002420,1.72,48.1,7.46,25.24
920-007137,0.53,37,3.1,15.3
920-004524,0.74,51,15.8,4.6
920-004527,0.74,51,15.8,4.6
920-008533,1.12,18.7,7,46
920-008676,1.2,53,4.8,20
920-007895,0.6,45.4,5.08,12.38
920-009274,0.71,39.3,15.6,2.6
920-002479,0.69,16.3,2.92,47.4
920-002528,0.69,16.3,2.92,47.4
920-002925,1.07,48.5,20,3.5
920-007145,0.53,37,3.1,15.3
920-008168,0.7,47.7,14.2,4.1
920-007130,0.47,37,3.1,15.3
920-002487,0.76,46.83,2.86,18.42
920-002552,0.86,52.5,16.3,4.9
920-004483,1.5,50.37,26.08,5.12
920-002437,1.72,48.1,7.46,25.24
920-002508,0.71,46.83,2.86,18.42
920-002482,0.76,46.83,2.86,18.42
920-003626,0.69,16.3,2.92,47.4
920-007141,0.53,37,3.1,15.3
920-007127,0.53,37,3.1,15.3
920-003999,0.98,46,18.7,6.2
920-002543,0.86,52.5,16.3,4.9
920-008042,1.08,40,16.9,3.3
920-008226,1.24,52.6,4.9,22.1
920-002492,0.76,46.83,2.86,18.42
920-008038,1.08,40,16.9,3.3
920-008496,1.49,46.3,4,18.3
920-008675,1.2,53,4.8,20
920-009411,1.17,45.05,14.75,3.95
920-002516,0.69,16.3,2.92,47.4
920-003052,0.66,45.41,3.18,15.88
920-004535,0.74,51,15.8,4.6
920-005218,1.05,48,18.8,2.7
920-007129,0.53,37,3.1,15.3
920-008041,1.08,40,16.9,3.3
920-008222,1.24,52.6,4.9,22.1
920-009188,0.86,45.5,15,3.5
920-009167,1.73,49.4,5.8,25.1
910-003360,0.11,8.7,4.2,13.2
910-002237,0.12,18.6,12.6,8.3
910-002239,0.12,12.6,8.7,18.6
910-005003,0.15,12.6,8.3,18.6
910-001793,0.13,8.7,4.2,13.2
910-005139,0.29,19.4,15,6.3
910-005155,0.25,14,4.5,18
910-005213,0.24,11.3,5.2,15.3
910-005694,0.33,14,5.9,17.5
910-002201,0.13,18.6,12.6,8.3
910-004879,0.13,12.6,8.7,18.6
910-005441,0.17,11.6,4.2,17.1
910-003357,0.11,8.7,4.2,13.2
910-002236,0.12,12.6,8.7,18.6
910-002238,0.14,12.6,8.7,18.6
910-004346,0.2,13.6,4.7,19.2
910-004641,0.12,12.8,7.5,20.1
910-004798,0.11,7,4,10.8
910-002334,0.17,12.6,8.3,18.6
910-002732,0.1,12.6,8.3,18.6
910-004881,0.1,7,4,10.8
910-005508,0.12,8.7,4.2,13.2
910-002143,0.2,22.1,14.8,9.1
910-002235,0.12,18.6,12.6,8.3
910-002240,0.14,12.6,8.7,18.6
910-005215,0.18,11,4.2,15.1
910-005710,0.22,11.1,5.55,15.15
910-001950,0.27,16.4,9.2,22.4
910-001949,0.19,12.6,9.3,18.4
910-001603,0.19,5.24,13.02,18.1
910-002735,0.1,12.6,8.3,18.6
910-004287,0.15,18.6,12.6,8.3
910-004362,0.33,15,6.3,19.4
910-004424,0.12,12.5,8.2,20
910-004909,0.15,12.7,8.6,18.4
910-004791,0.18,12.6,9.3,18.4
910-005695,0.33,14,5.9,17.5
910-001794,0.13,8.7,4.2,13.2
910-002496,0.17,22.1,14.8,9.1
910-002142,0.14,12.6,8.3,18.6
910-002731,0.1,12.6,8.3,18.6
910-004640,0.12,12.8,7.5,20.1
910-004642,0.1,7,4,10.8
910-004878,0.13,12.6,8.7,18.6
910-004911,0.15,12.7,8.6,18.4
910-004913,0.12,7.9,4.3,12.1
910-004880,0.13,12.6,8.7,18.6
910-005004,0.15,12.6,8.3,18.6
910-005153,0.25,14,4.5,18
910-005154,0.25,14,4.5,18
910-005179,0.46,17.5,6.3,19.1
910-005448,0.37,15.2,8.6,19.4
939-001811,0.42,14,13.3,9.6
993-000439,0.04,20.3,20.7,0.7
993-001143,0.17,5,20.3,20.6
939-001487,0.28,20.4,3.8,20.64
993-001389,0.1,20,1.2,20.7
914-000034,0.06,7,2.5,19
914-000052,0.07,7,2.5,19
939-001647,0.28,12.5,4.8,12.5
989-000430,0.33,12.5,4.8,12.5
939-001644,1.3,28.3,12.5,8.3
950-000005,0.27,20.5,20.5,4.05
960-001102,2.54,47,12.5,19.9
960-001186,2.08,39.92,22.12,14.89
910-004862,0.2,7.7,3.2,20
910-001356,0.13,12.6,7.5,19.9
910-001357,0.14,12.6,7.5,19.9
910-003506,0.17,12.6,7.8,21.5
910-005166,0.2,7.7,3.2,20
910-001350,0.13,12.6,7.9,21.5
PT3-00008,,16.1,50.7,4.6
FHD-00002,0.2,2.84,8.23,15.91
60004305,13.8,32.1,76,54.2
60004921,24.4,73.1,90.9,32.2
60004811,12.8,25.9,59.1,49.1
100013538,0.98,10.5,28,19.4
EX3700-100UKS,0.31,17.8,14.3,9.9
EX6120-100UKS,0.31,14.3,17.8,9.9
SRS60-100UKS,2.14,22.6,26.8,17.2
GS308E-100PES,0.8,18.2,12.6,10.1
GS324T-100EUS,2.71,46.5,22.9,7.9
GS110TP-300EUS,1.49,26.7,16.1,8.6
GS316-100UKS,1.27,43,16.7,7
GS308T-100UKS,0.75,27,22.6,6.4
GS205-100UKS,0.38,23.5,14,6.1
GS348T-100EUS,4.19,34.9,50.8,9
GS105E-200UKS,0.57,23.9,15.5,6.3
GS108E-300UKS,0.84,18.2,12.6,10.1
GC108PP-100UKS,1.46,26.9,21.5,7.3
GS305PP-100UKS,1.27,26.9,21.5,7.3
XSM4556-100EUS,20.9,88.8,59.3,18.6
GS108T-300PES,0.78,27,22.6,6.4
GS208-100UKS,0.47,22.5,19,5.9
GC110P-100UKS,1.7,38.4,8,19
GS324TP-100EUS,3.97,45.2,26.8,8.8
AXLM761-10000S,5.29,7.17,1.85,5.28
A6150-100PES,0.29,12.5,14.3,5.2
SRK60-100UKS,4.03,28.4,26.3,27
RBK13-100UKS,1.63,28,14.6,17.5
RBK20-100UKS,1.64,21.4,17.8,18.9
WAC104-100UKS,0.78,19.2,24.7,9.8
RAX120-100EUS,2.32,33,24.9,14.1
RBK50-100UKS,2.67,25.15,24.1,19.8
XRM570-100EUS,2.89,37.9,27.5,23.1
R7000-100UKS,1.49,34.5,25.4,9.3
WAC564-100EUS,1.87,22,26.2,16.6
42931703,3.6,,,
43363203,2.15,,,
43529405,3.35,,,
44848806,4.12,,,
43324421,0.48,11.3,30.2,7.2
43865723,0.49,11.3,30.2,7.2
43487712,0.72,7,38.8,11
43865724,0.84,11.3,30.2,7.2
44643004,0.62,7,38.8,11
44574702,0.36,8,30,9.3
44318605,0.56,13.5,30.2,7.4
44059253,0.64,7.2,38.3,11
44059256,0.68,7.2,38.3,11
44844505,0.75,7,44.2,14.6
44844508,0.75,7,44.2,14.6
42918913,1,10.2,48.4,11.7
43487710,0.72,7,38.8,11
43865721,0.49,11.3,30.2,7.2
44059105,0.62,7,38.8,11
44315307,0.49,13.5,30.2,7.4
44574802,0.48,8,30,9.3
44917602,0.6,8,30,9.3
44973533,0.18,5.6,30,5.2
44844613,0.7,7,44.2,14.6
43459331,0.25,5.6,30.6,5.2
43872305,0.42,11.3,30.2,7.2
43487709,0.72,7,38.8,11
44250724,0.56,10.8,39.9,11
43837132,0.7,10.2,48.4,11.7
44059168,0.62,7.2,38.3,11
44844507,0.75,7,44.2,14.6
44992402,0.36,8,30,9.3
43865722,0.49,11.3,30.2,7.2
43324422,0.48,11.3,30.2,7.2
44059107,0.64,7,38.8,11
44643002,0.62,7,38.8,11
44643003,0.62,7,38.8,11
44318606,0.59,13.5,30.2,7.4
44059165,0.59,7.2,38.3,11
44059255,0.64,7.2,38.3,11
44973535,0.18,5.6,30,5.2
44844615,0.7,7,44.2,14.6
43872307,0.42,11.3,30.2,7.2
44315305,,13.5,30.2,7.4
44318608,0.57,13.5,30.2,7.4
43381905,0.42,11.3,30.2,7.2
43459329,0.25,5.6,30.6,5.2
43979102,,4.7,26.2,4.6
44059211,0.66,7,38.8,11
44469804,0.54,12.3,31.2,12.3
44318607,0.53,13.5,30.2,7.4
44844506,0.75,7,44.2,14.6
44844616,0.72,7,44.2,14.6
42918915,1,10.2,48.4,11.7
43381906,0.45,11.3,30.2,7.2
43324423,0.48,11.3,30.2,7.2
44059108,0.66,7,38.8,11
44059106,0.64,7,38.8,11
44643001,0.62,7,38.8,11
44315306,0.49,13.5,30.2,7.4
44973534,0.6,8,30,9.3
43872306,0.45,11.3,30.2,7.2
44250721,0.56,10.8,39.9,11
43459371,0.25,5.6,30.6,5.2
44059209,0.68,7,38.8,11
44059166,0.62,7.2,38.3,11
43449705,4.12,,,
44341902,2.25,,,
43363412,2.25,,,
43870024,1.31,14.9,37.2,23.1
44064011,1.85,12.8,46.4,21
44494202,4.5,38.5,39.2,32
44844406,1.94,19,45.7,26
43381705,1.31,14.9,37.2,23.1
44318505,1.31,14.9,37.2,23.1
43449016,1.85,12.8,46.4,12
42126605,1.37,14.9,32.7,23.1
43870022,1.31,14.9,37.2,23.1
43870023,1.31,14.9,37.2,23.1
43913808,1.31,14.9,37.2,23.1
44064009,1.85,12.8,46.4,21
43449015,1.85,12.8,46.4,12
44064010,1.85,12.8,46.4,21
44315107,1.31,14.9,37.2,23.1
44844405,1.94,19,45.7,26
44844408,1.94,19,45.7,26
44315108,1.31,14.9,37.2,23.1
44315105,1.31,14.9,37.2,23.1
44574307,1.7,25.8,39.1,23.6
44064012,1.85,12.8,46.4,21
43381724,1.38,14.9,37.2,23.1
43979002,1.16,12.5,32,14.5
44318508,1.31,14.9,37.2,23.1
44844407,1.94,19,45.7,26
42126608,1.31,14.9,37.2,23.1
43449013,1.85,12.8,46.4,12
E1P1D0YWE1Z1,4.13,23.3,31.7,43.3
H1AX00000081,6.4,,,
DS-9072PWC,,17.8,205.5,13.3
3800-RAK,4.2,35,61.5,15
325E1C/00,10.2,23.6,80,62.5
242B9T/00,11.1,16.8,62,43.3
243B1/00,7.66,19.8,73,46.5
223V5LHSB2/00,3.87,10.7,55.5,41.4
322E1C/00,10,23.6,80,62.5
346B1C/00,15.3,28.2,93,52.5
328E1CA/00,10.5,23.6,80,62.5
271E1SCA/00,6.7,16,73,52.4
276E8VJSB/00,6.53,13.5,66,52.3
222B9T/00,9.91,16.1,57.5,42
241B7QUPBEB/00,8.94,22.4,60.3,49.2
436M6VBPAB/00,20.7,33.8,109,76.4
241E1SCA/00,5.37,15.4,59.5,47.5
TS-1683XU-RP-E2124-16G/256TB-EXOS,21.8,,,
TS-1683XU-RP-E2124-16G /224TB--EXOS,21.8,,,
TS-1683XU-RP-E2124-16G/?64?TB-TE,21.8,,,
TS-231P2-1G/32TB-IW,2.32,,,
TL-D800C,7.54,,,
QNA-T310G1T,0.36,,,
QNA-T310G1S,0.33,,,
TS-251D-2G,2.58,,,
TS-251+-2G/4TB-SIW,2.32,,,
TS-1685-D1531-32G-550W,16,,,
SU437A,0.15,11.3,14,6.8
SU400A,3.67,27,36.2,22.7
JC97-02288B,,7,8.2,3
JC69-00987A,0.1,0.8,2.7,0.2
JC96-06246A,0.43,9.3,9.2,52.5
MZ-7KM120E,0.7,18.9,24.1,18.8
MZ-7KM960E,0.71,18.9,24.1,18.8
MZ-7LM1T9E,0.71,18.9,24.1,18.8
CLT-Y406S,0.66,7.3,18.3,36.3
CLT-C506L/ELS,,12.8,35.8,11.2
CLT-M404S/ELS,0.84,18.1,38.7,7.9
MLT-D101S,0.73,15.8,32.6,10.8
CLT-C406S/ELS,0.66,7.3,18.3,36.3
CLT-M406S/ELS,0.66,7.3,18.3,36.3
MLT-R116/SEE,0.73,9.5,34.2,26.6
CLT-K506L,1.13,12.5,37.8,14.1
MLT-D103L,1.04,9.1,19.3,34.1
CLT-R406/SEE,1.19,17.4,33.9,29.8
CLT-Y404S/ELS,0.84,19.1,38.7,7.9
CLT-Y506L,0.94,12.8,35.8,11.4
CLT-Y504S/ELS,,,,11.6
CLT-W506,,11,13.7,6.5
CLT-M506L,0.96,12.8,35.8,11.2
CLT-W406,0.11,12.7,12.9,5.6
CLT-W504/SEE,0.07,9.6,14.2,6
CLT-C404S/ELS,0.84,18.1,38.7,7.9
MB-MC64HA/EU,0.05,13.8,8.9,2
CLT-T508,2.3,,,
CLT-R809/SEE,1.39,14,57.8,11.5
MLT-R204/SEE,4.32,28.3,54.4,34.6
CLT-R808/SEE,1.5,13.8,58.1,11.1
LH65WMRWBGCXEN,50.6,19.8,169.1,105.5
LH55WMRWBGCXEN,35.2,19,146.4,91.5
LH65QHREBGCXEN,34,18.5,161.1,97.3
LH55UMHHLBB/EN,27.1,31,135.5,84.5
LH75QBREBGCXEN,49,22.3,187.1,112.7
LH13QBREBGCXEN,1.7,24.8,37.6,13.2
LH55UDEBLBB/EN,29,32,135.5,80.9
LH49PHFPMGC/EN,17.9,72.1,119.5,16.7
LH98QMNEBGC/EN,149.4,81.5,250,161.8
MUF-128BE3/APC,0.02,15.4,10.1,1.3
MUF-256BE3/APC,0.02,15.4,10.2,1.2
MUF-64BE3/APC,0.02,15.4,10.2,1.2
SDSSDA-240G-G26,0.06,1.03,12.7,17.78
SDSSDA-480G-G26,0.06,1.03,12.7,17.78
SDSQXCG-032G-GN6MA,0.01,0.66,10.16,15.24
SDSQXAF-032G-GN6MA,0.01,0.66,10.16,15.24
SDSDXPK-064G-GN4IN,0.02,10.16,15.24,1.4
SDSQXAF-032G-GN6AA,0.01,0.66,10.16,15.24
SDCZ60-064G-B35,0.03,0.86,7.62,12.7
SDCZ48-016G-U46,0.03,1.19,10.16,15.24
SDDDC2-128G-G46,0.03,1.17,10.16,15.24
SDDDC2-064G-G46,0.03,1.17,10.16,15.24
SDDDC2-032G-G46,0.03,1.17,10.16,15.24
SDCZ50-016G-B35,0.02,0.64,7.62,12.7
SDCZ48-256G-U46,0.03,1.19,10.16,15.24
SDDD3-128G-G46,0.02,1.17,10.16,15.24
SDCZ48-064G-U46,0.03,1.19,10.16,15.24
SDCZ50-064G-B35,0.02,0.64,7.62,12.7
SDCZ60-032G-B35,0.03,0.86,7.62,12.7
SDCZ50-128G-B35,0.02,0.64,7.62,12.7
SDDD3-064G-G46,0.02,1.17,10.16,15.24
SDCZ50-032G-B35,0.02,0.64,7.62,12.7
SDDD3-032G-G46,0.02,1.17,10.16,15.24
SDCZ48-032G-U46,0.03,1.19,10.16,15.24
STHH1000400,0.23,3.75,10.4,14.6
STHP4000400,12.2,5.75,4.17,1.77
STFR1000800,0.35,13.9,8,2.4
FW-49BZ35F,19,14.8,118.8,77.6
LTLOCK3DCOIL,0.09,22,12.8,
BRNCHLOCK,0.08,22,13,
LTLOCKNBL,0.15,22,13,
LTLOCKKEY,0.14,13,0.4,22.3
LTANCHORL,0.11,23,13,8.5
LTLOCK,0.19,22,20,
ICUSBAUDIO2D,0.11,14.3,17.3,3.2
ICUSBAUDIO,0.09,17.1,14.3,3.2
ICUSBAUDIO7D,0.2,14.4,16.4,3.2
PEXSOUND7CH,0.19,14.3,17.5,3.2
ICUSBAUDIO7,0.08,17.3,14.6,3.1
MOD4AVHD,0.2,25,10,21
GCHDMIFF,0.02,12.5,9,1.2
GCDVIIFF,0.03,12.5,9,0.8
USBPLATE,0.06,22.5,12.5,1.9
GC15HSM,0.01,12.5,9,0.01
GCMDP2DPMF,0.02,12.5,9,1.3
HDACFM,0.01,12.5,9,1.3
DB92422,0.05,14.4,10.2,3.5
ICUSB2322F,0.28,21.2,14.6,3.9
USBPNLAFHD3,0.04,22.5,12.5,1.6
ESATAPLT18IN,0.28,0.07,12.8,22
ICUSB232D,0.2,14.3,17.3,3.3
USB31CAADG,0.01,12.5,9,1.1
ICUSB232PROC,0.05,20,22,
GC9SM,0.01,12.5,9,0.01
PLATE25F16LP,0.05,2,12.8,22
PLATE9MLP,0.03,0.01,12.8,22
GCAUD3535FF,0.01,12.5,9,1.9
DVIVGAFMBK,0.04,12.5,9,1.6
ICUSB232SM3,0.07,22,20,1.5
USB3SSATAIDE,0.42,15,21.5,5.2
NM9FF,0.04,,9,12.5
HDMIDVIFM,0.04,12.5,9,1.7
GC46FM,0.02,12.5,9,1.3
HDMIDVIMF,0.03,12.5,9,1.5
DMSDVIVGA1,0.14,14.3,1.7,28.7
UUSBMUSBMF,0.01,,9,12.5
ICUSB2324852,0.31,20.8,14.4,4
DVIVGAMF8IN,0.07,22.5,12.5,3.5
ICUSB2321X,0.1,14.4,17.4,3.2
ICUSB422,0.22,23,4,16
DP2DVIS,0.06,22,20,2
SAT2IDEADP,0.2,14.7,11,5.2
ICUSB2322I,0.4,21.4,14.5,4.1
MUY1MFFS,0.01,12.5,9,0.7
LENX1MDPUGBK,0.16,14.2,16.6,2.9
USBUBLTADPW,0.02,14.9,6.7,1.6
USB2CUBADP,0,12.5,9,0.6
ICUSB232C,0.05,22,20,
USB3C2ESAT3,0.05,25,3.4,1.7
RJ45COUPLER,0.01,12.5,9,1.8
GC98FF,0.02,12.5,9,
USBMBADAPT,0.02,12.5,9,1.1
ST121UTPGB,1.66,12.5,2,22.3
USB2SATAIDE,0.41,21.5,14.9,5.3
STUTPEALRGB,0.73,,,
DP2DVIADAP,0.04,12.5,9,1.9
MACAMDPGBK,0.18,16.9,14.1,3.3
GC46FMKEY,0.02,12.5,9,1.4
NM9MF,0.04,,9,12.5
GC46MFKEY,0.01,12.5,9,1.2
USBPS2PC,0.09,17.5,14.2,3
UUSBMUSBFM,0.01,,9,12.5
VGA2VID,0.39,11.8,20.9,6
DVI2VGACON,0.29,14.6,16.8,6.4
PNL9M16,0.02,,12.8,22
USB3SPNLAFHD,0.07,22.5,12.5,2.5
ICUSB232FTN,0.21,14.6,20.8,3.9
USB3S2SAT3CB,0.06,19.8,22,1
USBEXTAA6IN,0.03,22.5,12.4,0.9
DVIVGAMF,0.03,12.5,9,1.5
GC15HSF,0.01,12.7,8.9,
DVIVGAMFBK,0.03,12.5,9,1.5
PATA2SATA3,0.1,14.2,17.3,3.2
GC1515MFRA1,0.03,12.5,9,2.8
ICUSB2321F,0.18,17.5,14.5,3.2
GC1515MFRA2,0.03,12.5,9,2.8
VGA2HDU,0.15,17.3,14.4,3
HD2SDI,0.63,21.7,15.1,5.5
USB31C2SAT3,0.32,17,14,5
ICUSBCPLLD25,0.11,22,20,1
GC46MF,0.01,12.5,9,1.4
AT925FM,0.05,0.01,9,12.5
GC258MF,0.03,12.5,9,
ICUSB422IS,0.39,23,4.5,16
SLSATAADAP6,0.02,22.5,12.5,0.8
USB3SPLATELP,0.07,22.5,12.5,1
DP2HD4KS,0.03,22.5,12.5,1.3
ICUSB232PRO,0.1,17.5,14.5,3
GC9SF,0.01,12.5,9,0.01
GC98MF,0.02,12.5,9,
C6CROSSOVER,0.01,12.5,9,1.9
DP2HDMIADAP,0.02,12.5,9,1.1
ICUSB2321FIS,0.22,7.2,10.5,2
ICUSB232DB25,0.14,17.2,14.3,3.2
SDI2HD,0.49,15.2,21.5,5.2
USB312SAT3CB,0.06,22,19.8,1
USB31CSAT3CB,0.04,22,19.5,0.5
USB312SAT3,0.32,14.3,17.6,5.1
CMVBMOD,1.1,49.3,12.9,9.8
CMSCOILED2,0.23,25.2,33,0.6
MOD4CABLEH,0.4,13,14,12
WKSTNCM2,0.22,35,46,3.6
BOX4CABLE,1.15,18,18,12
WKSTNCM,0.35,32.7,25.4,2.6
PWRSTRPCLMP,0.34,10.5,16,6.8
BOX4MODULE,2.4,14,36,24
LTANCHOR,0.1,22.3,13,2.78
CMSCOILED4,0.52,35,46,0.4
BEZ4MOD,0.9,19.2,19,13.4
FCREADMICRO3,0.1,17.5,14.2,3.2
CFASTRWU3C,0.05,22,19.8,1.5
35FCREADBK3,0.27,16.3,14,3.7
FCREADU3C,0.1,10.4,12.9,3.1
35BAYCF2SAT,0.2,17.5,14,3
6SD4FCRTB3C,0.11,21,14.5,4
CFASTRWU3,0.06,22,19.8,3
SDMSDRWU3AC,0.04,10.5,7,2
4SD4FCRU31C,0.34,19.5,14.2,5
SCREWTHUMB,0.13,12.5,9,1.4
FAN775E,0.43,11.6,11.6,10.1
FAN3701U,0.23,10,3,14.6
FANBOX12,0.18,20.3,14.7,3
FAN1156PWM,0.31,10.1,10.2,8.5
FAN12025PWM,0.19,20.1,14.5,3.2
MONSTNDCORNR,2.4,59,28.5,9.8
WALLSTSI2,14.4,95,59,15
WALLSTS2,12.5,78.5,39.6,21.1
ARMSTSLG,22.1,100,80.5,21
MONSTND,3.75,46,35,8
ARMSTSCP2,12,89,40,21
WALLSTSI1,11.6,95,59.5,15.2
SDOCK1EU3P,2,37.6,18.9,9.1
SATERASER4,2.6,45,23.1,8.5
MDP2DPMM6,0.08,22,20,1.1
DISPL5M,0.32,22,20,4.3
MDPMM2MW,0.07,22,20,2
MDPMM3MW,0.11,22,20,2
MDP2DPMM2M,0.08,22,20,2.7
DISPL15MA,0.66,33,25.5,4.6
DISPLPORT10L,0.22,22,20,3.4
DISPL2M,0.15,22,20,3.2
MDISP2M,0.08,22,20,1.4
DISPLPORT6L,0.13,22,20,3
MDP2DPMF6IN,0.02,22.7,12.6,1.5
MDP2DPMM1MW,0.05,14.3,19.2,2
DISPL10MA,0.47,33,25.5,4
MDP2DPMM3M,0.11,22,20,2.2
DP14MM3M,,33,25,1
MDP2DPMM1M,0.05,22,20,1
DISPL1M,0.1,22,20,1.5
MDISP1M,0.04,22,20,1.2
DP14MM2M,0.27,33,25,1
DPPNLFM3PW,0.09,22,20,2.5
DPPNLFM3,0.09,20,,21
DP2MDPMF6IN,0.02,22,20,
MDP2DPMM4M,0.14,22,20,2.9
DISPL3M,0.22,22,20,2.2
DISPL7M,0.58,33,25.5,5.3
DP14MM1M,0.07,22,20,
MDP2DPMM10,0.11,22,20,2.2
DISPL50CM,0.06,22,20,2.1
MDP2DPMM2MW,0.08,22,20,1.1
DP14MM5M,0.42,32.8,25,1
DP14MM4M,0.35,25.5,33,3.6
BRACKET225PT,0.08,14.3,10.9,3.7
S251BU31REM,0.72,23.9,15.7,7.9
HSB4SATSASBA,1.59,,,
SATSASBP425,1.04,21.6,19.4,8
BRACKET125PT,0.06,,,
HSB225S3R,0.35,,,
BRACKET25X2,0.19,16.5,14,3.8
25SATSAS35HD,0.25,,,
HSB100SATBK,0.37,15.9,20.6,5.1
25SATSAS35,0.2,,,
S25SLOTR,0.23,,,
HSB220SAT25B,0.48,17.1,12.6,5.4
25SAT35HDD,0.26,16.3,11.5,3.8
BRACKETFDBK,0.1,17,15.1,4.8
DRW150SATBK,0.83,19.5,15.3,4.7
BRACKET,0.07,12.5,9,2.5
50FIBLCSC2,0.04,22,20,2.6
FIBLCLC5,0.08,22,20,2
50FIBLCST10,0.14,22,20,2.8
SMFIBLCSC10,0.14,22,20,2.8
MPO8LCPL3M,0.06,20,22,1
FIBLCLC1,0.03,22,20,1.6
FIBLCSC1,0.04,22,20,2.6
A50FBLCSC2,0.05,22,20,5.6
A50FBLCLC3,0.05,9.5,12,3.2
MPO8LCPL1M,0.04,22,20,1
450FBLCLC1,0.03,22,20,1.2
QSFP40GAO7M,0.17,32.5,25,1
MPO12PL1M,0.03,22,20,1
FIBLCLC2,0.03,20,0.9,21.2
50FIBLCLC1,0.03,22,20,1.2
SMFIBLCSC1,0.03,19.9,0.58,21.1
FIBSTSC3,0.08,19.9,1.5,21.1
A50FBLCLC1,0.02,22,20,1.4
450FBLCLC3,0.05,22,20,1.5
QSFP40GAO10M,0.19,32.5,25,1.5
MPO8LCPL10M,0.11,22,20,1
MPO12PL5M,0.06,21.5,20,1.5
FIBLCLC3,0.06,22,2,1.5
FIBSTSC2,0.05,19.9,1.1,21.1
50FIBLCST2,,22,20,2.8
SMFIBLCLC1,0.03,22,20,1.4
QSFP40GAO30M,0.4,24.8,32,1
MPO12PL3M,0.04,21.5,20,1.3
FIBLCST3,0.06,22,20,2
450FBLCLC2,0.04,22,20,0.58
450FBLCLC15,0.21,20,22,3.2
FIBLCST1,0.04,22,20,2
FIBLCSC3,0.06,22,20,2.6
FIBLCST2,0.05,22,20,2
50FIBLCST1,,22,20,2.3
QSFP40GAO15M,0.24,32.5,25,1
MPO12PL10M,0.1,21.5,20,1.9
MPO8LCPL2M,0.05,22,20,1
50FIBLCLC2,0.04,22,20,1.3
50FIBLCSC1,0.04,22,20,2.6
50FIBLCLC10,0.15,22,20,3
A50FBLCLC5,0.08,22,20,2.4
MPO12PL2M,0.04,22,20,1
1394_96_6,0.11,19.9,1.7,21.1
CTK100P,0.25,18.7,13,2
RJ4511TOOL,0.34,7.6,20.7,2.7
SDOCKU313E,0.86,17.1,16.1,9.1
SDOCK2U33V,0.78,13.5,12.5,12
SATDOCKU3S,0.73,17.2,16.2,9.1
SDOCKU33BV,0.7,17,16.1,9.4
SDOCK4U33,2.18,34.1,21.4,17
SDOCK2U313,0.98,21,19,12
SDOCKU313,0.76,9.1,16.3,17.1
SDOCK2U33,1,12.2,18.9,21.2
SDOCKU33EBV,0.76,17.1,16.2,9.3
S2510BPU33,0.19,17.5,13.5,4.2
S3510BMU33,0.79,13.4,22.5,10.6
UNI251BMU33,0.24,13.1,16.1,3.2
SM2NGFFMBU33,0.13,13.1,16.3,3.1
S351BU313,0.74,22,13.5,10.6
SM22BU31C3R,0.2,16.5,13.1,3.2
S2510BMU33,0.22,13.5,17.9,4.2
SM21BMU31C3,0.14,13.1,16.1,3.2
S251BMU3FP,0.24,17.5,13.2,4
S3510SMU33,0.8,22,13.5,10.6
SMS1BMU313,0.14,16.2,12.8,3.4
S351BMU33ETG,1.1,24,15.3,10
SM21BMU31CI3,0.11,9.8,16.8,3
S2510BU33PW,0.33,21.8,15.1,5.3
S352BU33RER,2.9,30.1,20.8,18.7
S251BMU313,0.16,16.2,13,3.3
S352BU313R,1.75,26.1,18.6,15.1
S251SMU33EP,0.28,13.5,17.9,4.2
S252BU313R,0.91,22.8,16.3,11.2
M2E1BMU31C,0.16,15.4,10.6,3.5
S2510BPU337,0.13,14.6,9.3,4.4
S251BRU31C3,0.48,13.5,18,6.3
HEATGREASE20,0.04,15.2,8.4,2.3
USBPLATE4,0.07,22.5,12.5,2.2
USBPLATELP,0.05,22.5,12.5,2.1
PEXUSB3S4V,0.14,13.2,16.2,3.3
PCIUSB3S4,0.17,14.5,17.5,3.3
PEXUSB3S42,0.14,14.4,17.1,3
SFF86448PLT2,0.11,14.5,17.3,3.3
PEX2S1050,0.15,17.4,14.3,3.2
PEX8S1050LP,0.75,29,19,7
PEX1394A2V2,0.12,14.2,17,3
PEX4S953LP,0.37,14.9,21.3,5.1
PEX2S553LP,0.18,17.3,14.3,3.2
PEX1394B3LP,0.2,14.4,17.5,3.2
ECUSB3S254F,0.11,14.5,17.5,3.1
USB3SPLATE,0.08,22.5,12.5,1.8
PEXM2SAT32N1,0.13,13,16.2,3.2
PEX2S953,0.14,14.2,17,3
PLATE9M16,0.04,,12.8,22
PEXESAT32,0.13,14.5,17.5,3.2
PEX1S553LP,0.13,17.4,14.3,3.2
PEXESAT322I,0.15,14.4,17.3,3
SAT32MSAT257,0.03,14.4,17.4,0.3
PEX4SFF8643,0.11,17.7,14.4,3.1
PCI2S1P,0.2,14.5,17.5,3.2
PCI2S232485I,0.2,21.2,14.7,4.1
PEX2PECP2,0.19,16.9,14.4,3
PEX4S553,0.23,17,14.1,3
PEX2MPEX,0.16,21.1,14.6,4.2
IDE2SAT2,0.09,14.5,17.5,3.3
U2M2E125,0.1,17.5,14.5,3
PEX1S953LP,0.11,17,14.2,3
PEX1394B3,0.21,21.3,14.8,4.1
PEX2S5531P,0.21,17.4,14.5,3.1
MPEX1394B3,0.2,14.5,17.5,3.2
PEXUSB3S44V,0.2,20.8,14.5,4.1
PEXUSB3S24,0.13,14.5,17.4,3.2
PIB2M21,0.11,17,14.2,3
PEXUSB312C3,0.12,17.3,14.2,3
PEXUSB311AC3,0.12,14.2,17,3
ST122UTPAGB,1.24,24.2,9.2,18.8
USBMBADAPT2,0.03,12.5,2,23
PEXSAT32,0.13,17.5,14.5,3.2
PEX4S232485,0.39,21,14.6,4.1
MPEX4S552,0.2,21.2,14.5,4
PEXUSB3S25,0.15,17.1,14.3,3
SAT32M225,0.1,14.5,17.5,3.2
PEXUSB3S7,0.15,17.6,14.3,3.2
PEXUSB311EI,0.12,14.3,17,3
35BAYCF2IDE,0.22,22,4.8,15.8
EC1394B2,0.07,14.9,7.8,25
PEXUSB4DP,0.13,14.4,17.4,3.2
PCIUSB7,0.14,17.4,14.4,3.2
PEX4S553B,0.34,14.5,20.8,4.1
SAT2M2NGFF25,0.12,13.1,16.2,3.2
M2E4SFF8643,0.07,14.2,17,3
PEX8M2E2,0.16,21.7,15.7,4
PCI1394MP,0.12,14.5,17.5,3.1
ICUSB232INT1,0.16,17.3,14.3,3.2
PEX2S553,0.15,17.5,14.5,3.2
PCIUSB3S22,0.15,17.5,14.4,3.2
PEXUSB3S11,0.14,17.5,14,3
PEXUSB3S23,0.13,17,14.5,3.2
PEXUSB3S42V,0.2,20.9,14.5,3.9
PEX4M2E1,0.15,15.9,21.9,4.6
PEX16S550LP,1.2,29.3,19.2,7
PEX4SFF8639,0.16,22,16,4.5
PEX2S953LP,0.15,17.2,14.2,3.2
HB30A10AME,1.4,29.5,19,7
HB30A7AME,1.3,29.4,19,7
HB31C2A2CB,0.18,21,14,3.8
ICUSB2324X,0.65,15.1,21.5,5.3
ICUSB2324I,0.52,15.2,21.6,5
ICUSB2328I,0.86,19.1,29.6,7.1
ST7200USBM,0.5,15.1,21.6,5.1
ST4300U3C3,0.61,10.4,16.6,9
HB30C4ABW,0.11,17.2,14.4,3.2
PEX2PCI4,2.4,24.5,20,21
ST4202USBGB,0.3,15.2,9.5,26
ST1030USBM,0.6,24.6,16.9,5.7
ST103008U2C,0.64,19.4,29.3,7.3
ST53004U1C,0.41,15.1,21.6,5.3
ICUSB23208FD,2.1,21.7,44.9,6.4
HB30C3A1CST,0.52,15,10,9.5
HB20A4AME,0.5,24,17,5.5
HB20A7AME,0.6,24,17,5.5
HB31C3A1CPD3,0.18,21,14.5,4
HB31C4AS,0.5,21.3,5.1,14.9
ST4200USBM,0.4,14.6,21,4
HB30A3A1CFB,0.13,4,13,16.8
ST93007U2C,0.87,29.2,19.3,7.1
HB30C4AFPD,0.12,3,17,14.2
HB30C5A2CST,0.65,19,9.8,9.5
HB31C3ASDMB,0.18,14.6,21,4
HB31C3A1CS,0.5,21.3,5.1,14.9
ST4300MINU3W,0.11,13.3,16.4,4.2
ST7300U3M,0.6,16.9,10.5,10.4
HB30A3A1CSFS,0.38,4.9,16.5,13.1
ST4300MINI,0.34,22.5,15.7,5.7
ST43004UA,0.14,17.2,14.4,3.2
HB30C4AB,0.1,17.2,14.7,3.3
ST4200MINIC,0.11,17,14.2,3
ST4300USB3GB,0.44,21,15,8
ST4300MINU3B,0.12,13,16.5,4
ST7300USB3B,0.56,20.9,14.8,6.3
ICUSB23216FD,2.31,45.1,21.5,6.1
ICUSB2324,0.38,22,15,5.3
HB31C3A1CB,0.2,20.7,14.4,3.8
ST7202USBGB,0.36,15,8.73,22.5
ST7320USBC,0.41,14,12,8.2
ST4300USBM,1.2,19.1,29.5,6.9
USB2EXT4P15M,0.93,23.7,21.4,6
ST7300USBME,0.6,19,29.5,6.9
HB30C3A1CFB,0.1,16.3,13.3,4.2
ST73007UA,0.47,11.6,22.9,5.8
ST4200MINI2,0.11,17.5,14.6,3.3
HB30C4AFS,0.37,4.9,16.5,13.1
HB30C3A1CFBW,0.12,4,13,16.3
ICUSB234858I,1.6,29,19,6.7
ICUSB234854I,0.6,24,16.5,5.5
HB30C5A2CSC,0.55,21.3,14.9,5.1
HB31C4AB,0.1,17,14.2,3
HB30C4AIB,0.11,14.2,17,3
PYO2LP4SATA,0.03,,12.8,22
ATXP4EXT,0.02,22.5,12.5,1.5
USBINT5PIN24,0.02,22.5,12.5,1
SATAPOWADPL,0.02,0.07,12.8,22
PYO2LSATA,0.03,22.5,12.5,0.8
SATAPOWADAPR,0.02,22.5,12.5,0.01
SATAPOWEXT8,0.02,22.5,12.5,0.8
SATPCIEX8ADP,0.02,0.07,12.8,22
SATPCIEXADAP,0.02,,12.8,22
LP4SATAFM12,0.02,22.5,12.5,0.9
PYO2LP4LSATA,0.03,15.8,12,1
FAN4EXT12,0.01,22.5,12.5,0.8
LP4POWEXT12,0.02,22.5,12.5,1
SATAPOWADAP,0.01,12,9,1
PCIEX68ADAP,0.02,22.5,12.5,1.7
PYO2L,0.03,22.5,12.5,0.9
LP4P4ADAP,0.01,12.5,9,1.4
EPS8EXT,0.03,,12.8,22
EPS48ADAP,0.03,22.5,12.5,1.2
LP4SATAFM6IN,0.02,12.5,9,0.9
LP4PCIEX8ADP,0.02,22.5,12.5,1.5
PYO4SATA,0.04,22.5,12.5,1.7
ATX2024FM,0.05,22.5,12.5,1.2
TX3SPLITTER,0.01,0.01,9,12.5
SATAPOWEXT12,0.03,22.5,12.5,0.8
PCIEPOWEXT,0.02,22.5,12.5,1.2
FAN4SPLIT12,0.02,22.5,12.5,1.4
LP4PCIEXADAP,0.02,9.4,7.7,2
ATX24POWEXT,0.08,22.5,12.5,1.2
LP4SATAFMD,0.03,8.5,1.2,11.5
SAS729PW18,0.04,22.5,12.5,2.5
PYO2LP4LSATR,0.04,22.5,12.5,2.3
LP4SATAFM2L,0.03,12.4,0.4,22.2
PCIEXSPLIT6,0.03,22.5,12.5,1.4
DVID4N1USB6,0.47,33,25.5,4
SVECONUS10,0.27,29,14.5,1.6
USBVGA4N1A6,0.48,25.1,2.2,32.6
SVECONUS6,0.19,22.5,12.5,2.2
RKCONSUV15,0.44,33,1,25.5
SVUSB2N1_10,0.45,40,14,2.6
SVUSBVGA10,0.26,29,14.5,5.3
NOTECONS01,0.4,4.5,30,16
USBDVI4N1A6,0.53,33,25.5,3.2
SVECONUS15,0.36,22,20,2.8
SVECON6,0.19,12.6,2.7,21.3
SVUSB2N1_6,0.3,29,14.5,2.6
SV565UTPHDU,2.46,37.5,21.4,10.3
SV565UTPUL,1.37,29.4,19.7,7.2
SV1631DUSBGB,3.8,59.5,8.8,26.4
SV831DUSBGB,3.45,59.5,8.8,26.4
SV231QDVIUA,3.5,59.6,26.3,8.9
SV431DVIUAHR,1.24,41.1,9.5,21.4
SV431DD2DUA,1.88,24.5,29.5,8.6
SV211HDUA,0.46,25,16.1,6.2
SV231DDVDUA,1.29,19.9,29.5,7.2
SV431DUSBU,1.6,21.5,41.1,8.9
SV1631DUSBUK,6.06,59.3,26.3,12
NOTECONS02,0.36,30.3,16.6,4.6
SV565HDIP,,19.5,36.5,23.5
SV431USBAEGB,1.66,41,9,21.5
SV431DL2DU3A,0.3,26.8,16,19.15
SV231DPDDUA,1.19,18.7,24.9,10
SV231DVIUA,1.1,18.7,24.2,9.1
SV831DUSBUK,4.7,60.6,26.2,12.1
SV431HDU3A2,1.6,24.7,29.7,8.5
SV231DPDDUA2,1.2,24.9,18.6,9.7
SV431DPDDUA2,1.8,29.7,24.3,8.7
SV411KUSB,1.4,21,18,14.5
CAB831HD,3.29,52.8,5.7,15.5
SV231DVGAU2A,1.2,18.7,24.1,9.2
SV231DPU34K,,23.8,18.9,9.1
SV841HDIEGB,4.22,50.5,11.8,36
SV431DVIUAGB,1.6,44,21,8.6
SV231DPUA,1.3,25,10,18.1
SV1631DUSBU,3.53,46.8,8.9,26.4
SV231HDMIUA,1.1,25,18.8,10
SVKMS2,0.12,17.8,15.9,2
SV231USBDDM,1.7,34.8,25.3,7.2
SV431DHD4KU,1.8,29.5,12.4,8.5
SV211KUSB,0.64,21.7,8.9,8.7
SV211KDVIGB,1.25,20.8,14.2,18
SV431DDVDUA,1.8,24.9,29.5,8.6
SV831DUSBAU,4.7,59.1,12.3,26.4
SV831DUSBU,3.3,57.3,8.9,26.8
SV831DVIU,3.77,59.5,26.5,9
SV211USB,0.44,25,16.4,6.3
SV431USB,1.3,29.5,19.6,7.2
SV431DPUA,1.6,41.1,21.4,8.7
SV211DPUA4K,,21,6,16
SV211HDUA4K,0.52,16,25,6.3
USBDUPE17,3,,23.5,8.5
SDOCK2U313R,0.99,,30,8.8
SU2DUPERA11,1.9,,18.5,10
SDOCK1EU3P2,2.1,,18.3,9
USBDUP12,0.55,,16.8,7.7
SATDUP11,1.6,,18.7,12.3
USBDUP15,0.74,,18,8.2
SATSASDUPE11,2.4,,19.2,9.1
USBDUPE115,4,,25,11.5
SATDOCK4U3RE,2.73,,17,21.5
SATDOCK2REU3,0.89,,16.5,13
SATDUP11IMG,1.71,,18.5,11.9
USB2ADC1M,0.06,21.5,9.2,3.2
RUSBCLTMM2MB,0.05,18.3,7.5,3
RUSBCLTMM2MW,0.07,18.3,7.5,3
RUSBCLTMM1MB,0.05,14.5,7.5,1.7
RUSBCLTMM1MW,,17,7.5,1.7
USB56KEMH2,0.14,16.3,13.6,3.2
PCSCREWKIT,0.5,21,10.8,3.5
SSPMSUDWM,0.2,22.5,12.5,1
BRACKET25SAT,0.12,22.5,12.5,2
EOC1110K,1.57,19.5,23.8,16.4
RS232EXTC1GB,1,31.5,5.7,13.8
USB110EXT2,0.17,12.8,12.8,6
POEEXT1GAT,0.34,20.5,13.5,7
POEINJ4G,1.63,30.5,18,9
UPOESPLT1G,1.86,28.4,33.4,7
MCMGBSCSM10,0.56,28.5,13.8,6.6
MCM110SC2GB,0.28,17.5,14.5,6.5
ET91000SC2,0.77,13.8,20.5,8.9
MCM1110SFP,0.54,13.9,28.4,6.8
MCM10GSFP,0.35,20.7,14.4,3.8
ET91000LC2,0.77,13.8,20.6,8.9
ET91000SM10,0.77,13.6,20.6,9
ET90110ST2,0.76,13.7,20.7,9
ET91000LCOAM,0.79,20.6,13.6,9.2
ET90110WDM2,1.36,27.9,21.1,10.1
MCM1110MMLC,0.56,28.4,14,6.8
ET90110SM302,0.77,13.7,20.6,8.9
MCMGBSCMM055,0.56,13.3,28,6.6
MCM110ST2GB,0.28,17.5,14.5,6.5
ET90110SC2,0.78,23.3,19,7.7
ET1000S40LC2,0.75,13.8,20.5,8.9
ET91000SM402,0.7,20.5,14,9.1
ET91000SFP2,0.79,20.8,13.7,9.2
ET91000SM20,0.78,20.7,13.7,9
IES51000,0.52,17.6,13.9,8.3
IES101002SFP,2.2,46.5,20.9,6.7
IES5102,0.31,19.8,17.8,7.9
IES81GPOEW,0.93,3,17.3,9.2
IES81000POE,1.75,37.1,19.7,6.9
IES81GW,0.96,30,17,9
IES101GP2SFW,0.93,30,17,9
455883B21ST,0.05,12.1,7.5,3.2
SFP1000ZXST,0.05,12,9,3
SFP1000TXST,0.05,12,9,3
SFP10GBZRST,0.05,11.5,9,3
SFP100BLXST,0.1,11.7,9.2,3.3
SFP100BBXUST,0.05,11.7,9.2,3
3CSFP91ST,0.04,10.2,9.3,3.2
SFP1000BXUST,0.05,11.6,9.2,3.4
AR-SFP-1G-LX-ST,0.05,11.5,9,3.1
AR-SFP-1G-SX-ST,0.05,11.5,9,3.1
AR-SFP-10G-LR-ST,0.05,11.5,9,3.1
QSFP40GESR4E,0.06,20.5,12,35
SFP1GBX10UES,0.05,11.5,9,3.1
SFP10GSREMST,0.05,11.5,9,3.1
44W4408-ST,0.05,11.5,9,3.1
SFP1GEFEETST,0.08,23,20.7,1.5
J4859CST,0.05,9.3,11.8,3.2
JD089BST,0.05,9.3,11.9,3.5
SFP100BZXST,0.05,11.8,9.5,3.4
SFP10GBLRST,0.05,11.5,9,3
SFP1000EXST,0.05,11.6,9.2,3.2
SFP1GBX40DES,0.05,11.5,9,3.1
10301-ST,0.05,11.5,9,3.1
CTPSFP1GETST,0.08,23,20.7,1.5
EW3A0000712-ST,0.05,11.5,9,3.1
RX550MSFPST,0.08,23,20.7,1.5
453154B21ST,0.06,12.2,7.5,3.3
SFP1000LHST,0.05,11.7,9.2,3.4
SFP1000LXST,0.05,11.7,9.2,3.3
SFP1GZXEMCST,0.05,11.5,9,3.1
10301-T-ST,0.05,11.5,9,3.1
SFPGE10KT3R5,0.08,23,20.7,1.5
XBR-000180-ST,0.05,11.5,9,3.1
SFP1000SXST,0.05,12,9,3
SFP1000BXDST,0.05,11.6,9.2,3.4
0231A0A6-ST,0.05,11.5,9,3.1
10057H-ST,0.05,11.5,9,3.1
AR-SFP-10G-SRL-ST,0.05,11.5,9,3.1
J9151D-ST,0.05,11.5,9,3.1
J9151E-ST,0.05,11.5,9,3.1
SFP-10GBASE-SR-ST,0.05,11.5,9,3.1
57-0000075-01-ST,0.05,11.5,9,3.1
J9151A-ST,0.05,11.5,9,3.1
J8177CST,0.05,9.2,11.8,3.4
J4858CST,0.05,9.3,11.9,3.3
JD118BST,0.05,9.3,11.8,3.2
SFP100BFXST,0.05,12,9,3
SFP10GBSRST,0.05,11.5,9,3
SFP10GBTST,0.06,12,7.4,3
EW3P0000557-ST,0.05,11.5,9,3.1
LX-ST,0.05,11.5,9,3.1
PLUS-LR-ST,0.05,11.5,9,3.1
PLUS-SR-ST,0.05,11.5,9,3.1
SFPGE40KT5R3,0.08,23,20.7,1.5
GLCTEST,0.05,11.5,9,3.1
EXSFP1GESXST,0.04,9.1,11.8,3.3
SFP10GBLRMST,0.05,12,9,3
EW3A0000710-ST,0.05,11.5,9,3.1
SFP1GBX10DES,0.05,11.5,9,3.1
SFP1GLXEMCST,0.05,11.5,9,3.1
RX10KMSFPST,0.08,23,20.7,1.5
SFP1GELHST,0.08,23,20.7,1.5
XG-SR-ST,0.05,11.5,9,3.1
SFPSXMM,0.04,11.5,2.5,6.5
AJ716BST,0.05,9.3,11.8,3.3
EXSFP10GELRS,0.05,9.3,11.9,3.4
10056-ST,0.05,11.5,9,3.1
SFP10GUSREMS,0.05,11.5,9,3.1
SFP1GBX40UES,0.05,11.5,9,3.1
10302-ST,0.05,11.5,9,3.1
SFPP10GESRST,0.08,23,20.7,1.5
N6PATCH75YL,0.97,25,3.52,32.4
M45PAT15MBK,0.58,33,25.5,3.2
N6PATC3MGR,0.14,22,20,1.7
N6PATC5MGR,0.21,22,20,3.3
N6PATC2MOR,0.09,22,20,2.9
45PAT1MGR,0.05,22,20,1.6
45PAT3MOR,0.12,22,20,1.8
N6SPAT2MBL,0.09,22,20,2.2
N6PATC10MYL,0.41,33,25.5,2.6
45PAT50CMWH,0.03,22,20,1.2
45PAT50CMRD,0.03,22,20,1.6
N6PATC50CMRD,0.04,22,20,1.3
45PAT10MPL,0.37,33,25.5,2
6ASPAT3MBK,0.14,22,20,1
SFP10GPC2M,0.1,20,21.8,0.4
QFXQSFPDAC3M,0.26,32.5,25,2
N6PAT200CMBKS,0.05,20,22,
N6PAT200CMBLS,0.05,20,22,
6ASPAT150CMGR,0.08,20,22,
N6PATC750CMWH,0.33,20,22,4
N6PATC750CMPL,0.33,20,22,
N6PATC50CMYL,0.04,22,20,1.4
45PAT10MBL,0.37,33,25.5,2
45PAT7MBK,0.26,33,25.5,2
6ASPAT1MBK,0.06,22,20,1
6ASPAT2MBK,0.1,22,20,1
WIR6CMRBK,14,45,45,21
JD096CST,0.08,23,20.7,1.5
QSFP40GPC05M,0.11,32.5,25,2.5
SFP10GPC5M,0.3,32.5,25,0.6
EXSFP10GEDA5,0.31,33,25,2.5
J9285BST,0.41,27,25,2.5
6ASPAT7MGR,0.3,20,22,
N6PAT100CMGRS,0.03,20,22,
N6PAT250CMGRS,0.06,20,22,1
6ASPAT750CMBK,0.3,20,22,
N6PATC150CMGN,0.08,20,22,2
N6PATC150CMRD,0.08,20,22,
N6PATC150CMOR,0.08,20,22,
N6PATC750CMRD,0.33,20,22,4
6ASPAT5MAQ,0.21,20,22,
N6PATCH100GR,1.2,33,25.5,4.8
N6PATCH100RD,1.3,25.6,4.6,33
N6PATCH50WH,0.7,25,2.4,32.5
N6PATCH75BL,0.95,33,25.5,4.5
N6PATC15MGR,0.65,33,25.5,4
N6PATC50CMBL,0.04,22,20,1.5
N6PATC10MBK,0.4,33,25.5,3.4
N6PATC2MGN,0.09,22,20,1.3
N6PATC2MYL,0.09,22,20,1.8
N6PATC2MPL,0.09,22,20,1.4
45PAT2MGN,0.09,22,20,1.5
45PAT2MBK,0.12,22,20,1.4
N6PATC5MGN,0.21,22,20,2.7
45PAT1MWH,0.05,22.3,20,1
N6SPAT1MBL,0.06,22,20,1.5
N6PATC7MWH,0.29,22,20,3.4
45PAT5MBK,0.2,33,25.5,3.2
WIRC6PATGRRL,13.3,21.8,37.8,38.5
N6PATC2MBK,0.1,22,20,1.2
N6PATC7MBK,0.3,22,20,2.7
M45PAT15MWH,,33,25.5,3.2
N6PATC3MBK,0.13,22,20,1.4
N6PATC3MRD,0.14,22.5,20,2.3
N6PATC3MGN,0.14,22,20,1.9
45PAT3MGR,0.12,22,20,1.3
45PAT1MBL,0.05,22,20,1.2
N6PATC10MGR,0.42,33,25.5,4.2
N6SPAT50CMGR,0.04,22,20,1
N6SPAT50CMBK,0.04,22,20,1.4
45PAT5MGR,0.19,33,25.5,2
45PAT50CMYL,0.03,22,20,1
45PAT50CMGN,0.03,22,20,1.6
45PAT5MRD,0.2,33,25.5,1.9
N6PATC5MYL,0.23,22,20,2.6
45PAT7MYL,0.26,33,25.5,2
45PAT7MOR,0.26,33,25.5,2
45PAT7MBL,0.26,33,25.5,2
6ASPAT2MAQ,0.09,22,20,2
N6PATC5MPL,0.22,22,20,1
JG081CST,0.31,27,25,2.5
QFXQSFPDAC1M,0.15,32.5,25,1.5
QSFP4SFPPC3M,0.47,32.5,24.5,3
N6PAT50CMGRS,0.02,20,22,
N6PAT300CMBLS,0.06,20,22,
N6PAT150CMBLS,0.04,20,22,
6ASPAT150CMAQ,0.08,20,22,1.5
M45PATCH10BL,0.12,22,20,1.5
N6PATCH100PL,1.3,25.6,4.6,33
N6PATCH100YL,1.3,25.6,4.6,33
N6PATCH75GR,0.77,25,3.52,32.4
N6PATCH75RD,0.97,25,3.52,32.4
N6PATC15MRD,0.6,33,25.5,7.2
N6PATC15MPL,0.6,33,25.5,3.8
N6PATC15MWH,0.65,33,25,4
N6PATC1MYL,0.06,22,20,1.3
N6PATC5MRD,0.21,22,20,3
N6PATC50CMGR,0.04,22,20,1
45PAT2MRD,0.09,22,20,1.3
45PAT2MBL,0.09,22,20,1.7
N6PATC10MGN,0.42,33,25.5,2.8
N6PATC7MYL,0.29,22,20,3
45PAT50CMBL,0.04,22,20,1.6
N6PATC50CMPL,0.04,22,20,1.4
45PAT10MYL,0.37,33,25.5,2
45PAT10MGR,0.36,33,25.5,2
6ASPAT50CMBL,0.04,22,20,1
6ASPAT3MAQ,0.14,22,20,2
6ASPAT50CMGR,0.04,22,20,1
6ASPAT50CMBK,0.04,22,20,1
SFP10GPC1M,0.08,22,20,0.4
J9283BST,0.13,23,20.7,2
N6PAT50CMBKS,,20,22,
N6PAT50CMBLS,0.02,20,22,
N6PAT250CMBLS,0.06,20,22,1
6ASPAT5MBL,0.21,20,22,0
N6PATC150CMGR,0.08,20,22,2
N6PATC750CMGN,0.34,20,22,
N6PATC750CMYL,,20,22,
N6PATC750CMBL,0.33,20,22,
M45PATCH50BL,0.54,33.5,25,4.5
N6PATCH100GN,1.3,25.6,4.6,33
N6PATC15MGN,0.6,33,25.5,3.2
N6PATC50CMBK,0.04,22,20,1.2
N6PATC1MBK,0.1,22,20,1.2
N6PATC7MBL,0.3,22,20,3.5
C6ASPAT14GR,0.2,19.5,3,21
N6PATCH75WH,0.95,33,25.5,3.7
WIRC5ECMRGRY,9.7,35.5,35.5,21.5
N6PATC2MWH,0.1,22,20,1.7
45PAT1MGN,0.05,22,20,1.2
45PAT2MYL,0.09,22,20,1.2
N6PATC1MOR,0.06,22,20,1.4
45PAT1MYL,0.05,22,20,1.2
N6SPAT3MBK,0.09,22,20,2.5
N6PATC10MWH,0.4,33,25.5,2.9
45PAT5MBL,0.2,20.6,24.5,1.3
N6PATC50CMOR,0.04,22,20,4.5
6ASPAT1MAQ,0.06,22,20,1
JD095CST,0.05,23,20.7,1.5
EXSFP10GEDA3,0.14,23,20.7,2
QSFP4SFPPC2M,0.36,32.5,25,3
J9281BST,0.08,23,20.7,1.5
6ASPAT5MGR,0.21,20,22,
N6PAT300CMGRS,0.06,20,22,
6ASPAT750CMAQ,0.3,20,22,
N6PATC150CMBL,0.08,20,22,
N6PATC750CMGR,0.33,20,22,4
6ASPAT5MBK,0.21,20,22,
WIRC6PATBLRL,13.3,21.9,37.9,38.5
WIRC5ECMR,9.5,35.5,21.7,35.2
N6PATC1MBL,0.1,22,20,1.2
N6PATCH3RD,0.05,22,20,1.2
N6PATC10MBL,0.4,33,25.5,3.4
N6PATC3MOR,0.14,22,20,3.1
N6PATC5MOR,0.21,22,20,3
N6PATC1MGN,0.06,22,20,1.4
N6PATC1MWH,0.05,22,20,1.1
45PAT3MYL,0.12,22,20,2
45PAT3MBL,0.12,22,20,1.5
45PAT1MBK,0.05,22,20,1.2
45PAT1MOR,0.05,22,20,1.8
N6SPAT3MGR,0.16,22,20,1
45PAT50CMBK,0.03,22,20,1.4
45PAT5MYL,0.2,33,25.5,1.1
45PAT50CMOR,0.03,22,20,1.4
45PAT5MGN,0.2,33,25.5,2.1
N6PATC1MPL,0.06,22,20,1.9
N6PATC50CMWH,0.04,22,20,1.1
N6PATC10MPL,0.41,33,25.5,3.5
45PAT7MRD,0.26,33,25.5,2
45PAT10MRD,0.36,33,25.5,2
JG326AST,0.09,32.4,24.7,1
QSFP4SFPPC1M,,23,20.7,1.5
N6PAT100CMBLS,0.03,20,22,
6ASPAT750CMBL,0.3,20,22,
N6PATC750CMBK,0.33,20,22,
N6PATC750CMOR,0.33,20,22,4
N6PATC150CMPL,0.08,20,22,
M45PATCH25BL,0.28,33,25.5,2.7
N6PATC15MBL,0.6,22,20,2.2
N6PATC3MBL,0.14,22,20,2
N6PATC5MBL,0.2,22,20,2.8
N6PATC5MWH,0.21,22,20,2.8
N6PATC2MRD,0.09,22,20,1.2
N6PATC3MYL,0.14,22,20,1.6
45PAT3MBK,0.12,22,20,1.9
N6PATC7MGR,0.29,22,20,2.6
45PAT2MOR,0.12,22,20,1.6
N6PATC7MGN,0.29,22,20,3.3
N6SPAT2MGR,0.09,22,20,1
N6SPAT5MGR,0.2,22,20,1
N6SPAT1MBK,0.06,22,20,1.6
N6SPAT5MBK,0.21,22,20,1
N6PATC7MOR,0.29,22,20,2.6
N6PATC10MRD,0.4,33,25.5,2.6
45PAT5MOR,0.2,22,20,1.6
N6PATC3MPL,0.14,22,20,2.5
45PAT7MWH,0.26,33,25.5,2
45PAT7MGR,0.26,33,25.5,2
45PAT7MPL,0.26,33,25.5,2
6ASPAT3MGR,0.14,22,20,1
6ASPAT2MBL,0.1,22,20,1.5
6ASPAT3MBL,0.14,22,20,2
6ASPAT2MGR,0.09,22,20,1
6ASPAT1MGR,0.06,22,20,1
QSFP40GPC1M,0.15,32,20.7,2
QSFP40GAC7M,0.5,33.5,28,3
SFP10GAC10M,0.35,25,33,0.6
N6PAT200CMGRS,0.05,20,22,
6ASPAT7MBK,0.29,20,22,0
N6PAT250CMBKS,0.06,20,22,1
6ASPAT150CMBL,0.08,20,22,
6ASPAT750CMGR,0.3,20,22,
N6PATC150CMBK,0.08,20,22,
N6PATC150CMWH,0.08,20,22,
M45PATCH6GR,0.08,22,20,1.5
N6PATCH100BK,1.3,33,25,4.5
N6PATCH100BL,1.2,33,25.5,5
N6PATC2MBL,0.1,22,20,1.4
45PAT15MGR,0.54,33,25.5,3
N6PATC5MBK,0.2,22,20,2.8
N6PATC15MBK,0.6,33,25.5,5.2
WIR6CMRBL,13.2,45.6,44.8,23.5
WIR5ECMRWH,9.9,35.3,35.2,22.7
N6PATC3MWH,0.14,22,20,1.9
N6PATC1MGR,0.06,22,20,1.6
N6PATC2MGR,0.1,22,20,2.6
N6PATC50CMGN,0.04,22,20,1.2
45PAT2MWH,0.08,22,20,2.3
45PAT2MGR,0.09,22,20,1.6
45PAT3MWH,0.12,22,20,2
45PAT3MGN,0.12,20,1.5,11.5
N6PATC1MRD,0.06,22,20,1.2
45PAT1MRD,0.05,22,20,1.6
N6SPAT50CMBL,0.04,22,20,1
N6SPAT5MBL,0.2,22,20,2.8
N6SPAT2MBK,0.09,22,20,1.3
N6PATC10MOR,0.41,33,25.5,3.5
N6PATC7MRD,0.29,22,20,3.2
M45PATCH6BK,0.08,22,20,1.2
45PAT5MWH,0.2,22,20,1.7
45PAT50CMGR,0.03,22,20,1
N6PATC7MPL,0.31,22,20,2.3
45PAT10MBK,0.37,33,25.5,2
6ASPAT1MBL,0.06,22,20,1
6ASPAT50CMAQ,0.04,22,20,1
QSFP40GPC3M,0.27,32.5,25,2.5
EXQSFP4050CM,0.12,32.5,25,1.5
JD097CST,0.14,23,20.7,2
SFP10GPC05M,0.07,22,20,0.4
N6PAT100CMBKS,0.03,20,22,
N6PAT150CMGRS,0.04,20,22,
N6PAT300CMBKS,0.06,20,22,
N6PATC150CMYL,0.08,20,22,
6ASPAT7MBL,0.28,20,22,
USB31000S,0.14,16.5,13,4
PEX1000MMSC2,0.21,21.8,17.1,4.9
ST1000SPEXD4,0.14,14.3,17,3
US1GC30B,0.1,14.5,17.1,3
USB31000S2H,0.1,14.2,17,3
ST1000SPEX43,0.18,14.5,20.9,4
PEX10000SFPI,0.18,17.2,14.2,3.2
US1GC303APD,0.12,14.2,17,3
ST100S,0.13,14.3,17,2.9
ST1000SPEX2L,0.13,14.4,17.3,3.1
ST1000SPEXI,0.1,17,14.2,2.8
ST3300G3UA,0.15,17.1,14.3,3.2
US1GC30A,0.11,17.3,14.3,3.2
PEX10GSFP4I,0.18,17,14.2,3
ST1000SPEX2,0.13,17.1,14.2,3.2
USBBT1EDR2,0.08,17.2,14.2,3.3
USB32000SPT,0.15,14.1,17.1,3.1
USB150WN1X1W,0.04,8.5,5.6,0.6
ST3300GU3B,0.37,15.2,21.7,5.3
ST4000SPEXI,0.16,14.3,17.1,3.1
US1GC301AU2R,0.1,14.4,17.2,3
ST10GPEXNDPI,0.2,28.6,22.1,11.6
US1GC30DB,0.1,5.1,14.1,3
PEX100S,0.12,14.4,17.2,3
USB1000IP,0.36,16,22,4.7
USB31000SPTW,0.13,14.3,17,2.9
US1GC30W,0.08,17.2,14.3,3.2
USB31000SA,0.1,20.4,11.2,2.1
ST20000SPEXI,0.24,14.7,20.8,4
HB30C3A1GEA,0.1,17.2,14.5,3.2
ST5GPEXNB,,17,14.2,3
ST1000SMPEX,0.15,17.5,14.4,3.2
USB300WN2X2C,0.07,14.3,17.1,3.2
PEX20000SFPI,0.18,17,14.3,3
HB30C3A1GE,0.34,22,15.2,5.3
USB433ACD1X1,0.07,17.4,14,3.1
US1GA30SXSC,0.05,14.2,17,3
US5GC30,0.11,14.2,17,3
USB31000NDS,0.1,17.3,14,3.2
USB150WN1X1,0.04,17.2,11.1,1.4
ST2000SPEXI,0.17,14.4,17.2,2.9
PEX1000SFP2,0.2,21.7,17.1,5.2
ST4000PEXPSE,0.43,29.6,18.8,6.6
US2GC30,0.1,17,14.2,3
US2GA30,,1.6,2.7,8
ST1000BT32,0.14,14.3,17,3
ST2000PEXPSE,0.25,16.5,23.1,4.5
USBBT1EDR4,0.07,13.4,17.3,3.3
USB31000SPTB,0.13,14.5,17.2,3
USB2100,0.13,14.6,17.2,3.2
ST10000SPEXI,0.2,20.9,14.5,4
USB31000SW,0.12,13.3,16.2,4.5
USB433WACDB,0.1,14.4,17.1,3.2
US1GC301AU,0.09,17,14.3,3
US1GC30PD,0.11,17.4,14.7,3.2
US1GA30SFP,0.05,26.5,17,3
US100A20SFP,,26.7,5,3
US1GC30SFP,0.1,14.2,17,3
PEX40GQSFPI,0.24,20.7,11.4,3.8
ST10GSPEXNDP,0.39,12.1,15.9,2.05
LENYMCHDVUGK,0.16,16.8,14.1,3.2
CTKRPR,2.45,33.6,18.9,12
USB3SDOCKHDV,0.88,29.6,19.5,6.6
CDP2HDUACP,0.12,17.5,14.6,3.2
TB33A1C,1.6,28.5,18.5,11.6
TB3DK2DHVUE,1.3,25.4,18.7,6.5
DK30C2HAGPD,,20.8,14.5,3.8
DK30CH2DEPUE,1.7,32,16,8
USB3SMDOCKHV,0.19,14.3,16.7,4.3
DKT30CDVPD,0.13,17.2,14.2,3
USB31GEHD,0.15,14.6,17.2,3.3
USB3SDOCKDD,1.02,18.6,25.5,9.5
USB3DOCKHDPC,1.1,19.8,25.1,7.1
DKT30CHV,0.15,22.3,12.6,3.4
DK30CH2DPPDU,1.45,29.6,16.1,7.1
DKT3CHSD4GPD,0.15,17,11.6,2.5
DKT30CHVSCPD,0.14,14.2,17.9,3
TB3CDK2DPUE,1.5,16,27.2,11.5
CDP2VGAUACP,0.11,17.1,14.5,3.4
TB31PCIEX16,3.1,36,29,14.5
DKT30CHCPD,0.14,17,14.2,3
DKT30CHPD,0.2,21.2,14.6,4.1
DK30A2DH,0.9,31.8,13,5.2
USB3SDOCKHD,0.9,27.3,19,10.9
DK30ADD,0.8,30.7,14,6
USBA2DPGB,0.22,11.4,20,3.8
DKT30CSDHPD3,0.16,17.4,14.3,3
TB3DK2DPM2,1.4,28.8,13.8,12.5
DKT30CHVGPD,0.17,17,14.2,3
DKT30CHPDW,0.19,21.3,14.7,4.2
TB3DOCK2DPPU,1.5,29.5,14.5,9
DKT30CVAGPD,0.13,17.2,14,3
DK30C2DAGPD,0.3,20.8,14.5,4.2
MOD4DOCKACPD,2.1,25.1,21.1,1
PANELHU24,0.49,49,5.7,4.7
C6PANEL24,0.68,49,5.5,4.5
POEINJ1GW,1.04,19,23,7.6
IM12D1500P,0.2,13.8,9.2,5.7
ITB20D3250,0.84,16.6,24.2,5.5
SVA5N3NEUA,0.2,17.7,13.1,3.5
SVA9M2NEUA,0.23,7.2,14.6,6.1
PXT101EUR,0.2,12.6,3.6,21
USB2TYPEH,0.03,22.5,12.5,0.8
PXT1001M,0.19,22,20,1
CPUFANADAPT,0.01,12.5,9,1.2
PXTNB2SUK6,0.14,29,21,14.5
PXTNB3SUK1M,0.16,22,20,1
PXTNB2SEU1M,0.07,22,20,1.5
PXT101UK,0.24,22,20,4.9
SVUSBPOWERUK,0.27,10,6,7
USB2TYPEM,0.03,22.5,12.5,0.9
PXTNB3SUK2M,0.21,29.4,14.3,1
PXTNB3SEU2M,0.21,22,20,4
USB2TYPEH2M,0.05,22.5,12.5,1.4
PXT101UK3M,0.33,22.5,20,6
PXTNB3SEU1M,0.13,22,20,1
USB2TYPEN1M,0.03,11.8,14.4,1
PXTUKC192M,0.35,29,14.5,4
PXT101YEU2M,0.31,29,21,14.5
USB2TYPEM2M,0.05,22.5,12.5,1.2
PXTNB2SUK1M,0.12,22,20,1
PXT101YUK,0.34,33.3,25.4,1
ETCHS2UPSU,1.75,35.6,21.4,6.9
PM1115U2,0.33,21.5,14.9,5.4
ICUSB128410,0.17,22,20,1.6
ICUSB1284,0.14,22,20,2.6
CMHOOK1UN,0.08,22.5,12.5,4.5
CMBRUSH1U,0.51,48.9,5.1,2.8
UNIRAILS3U,4.12,48.7,10.5,15
RKPNLHS4U,1.2,53,19.5,4.3
RKPNLTL1U,0.4,54.5,6,3.7
CABSCREWM52B,0.89,26.6,13.8,1.4
CABSHELFV1U,2.3,53,27.5,5.7
4UDRAWER,9.75,52.8,44.6,20.9
ADJSHELF,5.5,73,52,6.5
CABSCREWM6B,0.51,22,12,1.6
CMLB102,1.73,50,11.5,5.5
CMHOOKMW,0.25,12.7,12.7,8.2
CABSHF2POST,5.35,57,48,11.6
CABSHELF22,4.8,58.5,56.6,11
CMPNL1UC,1.15,56.8,13.2,6.3
CABSCREWM5B,0.45,22.2,12.5,1.4
RDA2U,0.29,21,12,2.5
CMVER40UD,2.1,94.5,15.2,10.8
SV431RACK,0.64,28.7,8.3,5.6
4POSTCASTER,1.79,9.5,8.4,3.9
CABSHELFHD,6.3,50.8,50.2,11.8
RKLCDBKT,3.16,48.9,32.3,10.6
CABSCREWSM6,0.29,12.4,7.5,1.7
UNIRAILS2U,4,10.5,49.3,10.9
RKPNLTL1UV,0.25,53.5,5.7,3.7
CABSCRWM520,0.19,22,12.5,1.1
CABSHELF,3.8,56.7,43,11.2
CABSCREWS,0.3,24.6,12.5,1.3
ADJSHELFHD,6.8,77,53.4,9
SH39LK,4.61,50.6,27.4,15
SLIDESHELFD,6.55,63,48.3,7.4
RK119WALLV,0.97,51.8,16.7,7.1
CABSHELF1U,1.49,50,19.5,7
UNISLDSHF19M,10.1,74,55.1,11.3
CMDUCT1UX,0.86,57.3,8.7,6.3
CABSHELF1U10,2.46,50.3,28.6,5.8
CABSHELF116,3.9,44,56,7
CMHOOK1UL,0.11,22.5,12.5,4.6
CABSHELF22V,4.6,58,50.5,11.5
UNISLDSHF192,10.1,75,54.8,12
CMVER20UF,2.84,94.5,16,12.8
WALLMOUNTH1,0.84,51.5,20,6
RKLCDBK,2,47.2,5.4,22
UNISLDSHF19,8.38,68,52.7,13.8
BLANKB1,0.32,49.3,5.5,2.4
UNIRAILS1U,2.9,49,10.7,7.5
CABSCREWSM62,0.59,21.6,12,1
CABLMANAGER2,0.44,50,5.2,3.7
CABLMANAGERH,0.7,53.5,12,5.7
UNIRAILS1UB,4,67,23,11
CMHOOK1U,0.08,22.5,12.5,4.6
CABSHELFV,3.4,40.6,48.2,8.8
ADJSHELFHDV,7,77,52.8,8.4
RDA1U,0.15,22,12.5,2
CMLB104,1.97,51.4,12.4,8.2
CABSHELF116V,3.7,43,43,5.7
CLPSCRW1032,0.39,22,11.8,1.4
RKPNLLT,0.7,49,11,10
RKCONS1708K,19,76.5,61.5,18.5
RKCONS1908K,,76.5,61.5,19
RKCONS1716K,21,76.5,61.5,18.5
RKCOND17HD,18.9,81.3,56.7,10.9
RACKCOND1701,22.9,81.2,54.3,20.3
RKCONS1701,17.1,76.5,61.5,19
4POSTRACK36,47.2,178.9,64.2,16.9
4POSTRACK25,41.7,128.4,63.8,17.2
RK819SIDEM,21.2,59.5,57.7,51.8
RK1219WALLOH,20.7,66,63.5,71.8
RK319WALLV,1.4,51.8,16.5,16
WALLSHELF4U,7.69,50.6,38.6,4.3
RK920WALM,22,63.5,67.5,59
RK12OD,3.08,61,16.4,9.9
RK1219SIDEM,24.7,59.2,56.2,69
RK419WALVSGB,23.1,77.4,71,28.8
4POSTRACK42,41,200,27,17
4POSTRACK12U,26.3,65,36.1,16
WALLSHELF8U,12,54,50.7,4.3
RK1833BKM,64,94,64.5,111.2
RK12WALLO,11,67,53,13
RK15WALLOA,17.8,80,53,13
RK12WALLOA,17,67,53,13
RK619WALLO,10.7,52.5,62,47.5
RK812WALLO,8.2,65,55.4,10.4
WALLSHELF,9.12,55.3,46.4,38
RK960CP,27.9,83.8,73,14.7
RK2433BKM,73.5,94,64.5,139
RK830WALVS,39,46,72,102
RK630WALVS,35,37,72,100
RK819WALLOH,17.7,66,63.5,54.8
RK2536BKF,81.6,131,107.5,29.4
RK8OD,2.6,55,11.2,8.1
WALLMOUNT8,7.6,52.2,38.2,39.2
RK1233BKM,56.2,90.9,63.5,85
RK1820WALHM,68.7,60,64,100
4POSTRACK18U,29.8,142,25,13
RK419WALVO,11.9,57.6,54,23.3
RK219WALVO,9.7,57.4,53.2,15.4
2POSTRACK16,9.27,90.7,34.8,7.3
RK1520WALHM,84,67.5,63.5,85.5
RK15WALLO,11.6,80,53,12.5
RK1232WALHM,59,64,89,78.5
PORACK12U,26.6,62.5,55,22
RK919WALLO,13,52.5,62,61
RK619WALLGB,13.3,68.5,46.5,46.8
RK1236BKF,52.6,97.4,73.4,32.2
2POSTRACK42,29.9,205.2,21.7,17.1
RK619WALLV,2.2,53.1,29.7,16.4
RK9WALM,20.8,53,67,58
4POSTRACK8U,24.8,84,29.5,14.5
RK619WALLOH,16.4,66,63.6,48
RK419WALLV,1.69,51.9,21.1,16.2
RK219WALLV,1.2,53.3,16.8,11.6
RK2236BKF,75.3,117.5,106.8,29.2
WALLMNT12,11,53,38.3,56.7
RK616WALM,19.6,67.5,52.5,45
4POSTRACK15U,27.6,93.5,27.5,15
RK4OD,2.5,16,54.9,12.5
SATA18,0.2,,12.8,22
SLSATAF12,0.04,22.5,12.5,2.2
SATA6LA1,0.01,22.5,12.5,1.5
SATA8RA1,0.01,22.5,12.5,1.5
ESATAPLATE1,0.04,22.5,12.5,2
SATA24RA1,0.02,22.5,12.5,1.4
LSATA12RA1,0.01,22.5,12.5,0.7
IDE66,0.05,12.3,1.02,2
SATA36,0.25,0.07,12.8,22
SATA6,0.01,1.27,8.89,11.43
SATA18POW,0.03,22.5,12.5,1
LSATA6,0.01,22.5,12.5,0.9
LSATA18,0.02,13.5,12,1
ESATA3,0.07,22.5,12.5,1.6
ESATA6,0.14,25.5,12.5,1
SLSATAF20,0.02,5,1,18.4
SATA12RA1,0.01,22.5,12.5,0.7
SATA6RA1,0.01,22.5,12.5,1.4
LSATA24,0.02,12.5,1,22
SATA18LA1,0.25,0.07,12.8,22
LSATA8,0.01,22.5,12.5,1.5
SATA12LA1,0.22,0.07,12.8,22
SATAEXT30CM,0.02,16.8,12.4,1
SLSATAF36,0.04,22.5,12.5,2.8
SATA12,0.01,12.5,9,1.7
SATRD30CM,0.03,22,12.8,
SATA22PEXT,0.04,22.5,12.5,1
SATRD60CM,0.08,12.8,22.9,
SAS808782P50,0.1,14,6,6
ISAS88881,0.16,33,25,1.4
SAS7070S200,0.27,33,25.5,2.2
ISAS88701,0.19,33,25.5,1.4
ISAS88882,0.24,32.5,25,1.5
SAS8087S450,0.05,22.5,12.5,2
SAS8087S4R50,0.05,22.5,12.5,0.4
SAS7070S100,0.2,13.8,1.5,28
SAS87431M,0.06,22.5,12.5,2.3
ISAS88702,0.27,33,25.5,2.4
SAS43SAT1M,0.05,22.5,12.5,1.6
MXT1001MBK,0.09,22.5,12.5,
SCNM9FM2MBK,0.12,22.5,12.5,
SCNM9FF1MBK,0.09,22.5,12.5,0.01
MXT1003MBK,0.15,22.5,12.5,1.8
ICUSB232V2,0.06,22,20,2.1
SCNM9FF2MBK,0.12,22.5,12.5,
SCNM925FM,0.18,0,12.8,22
SCNM9FM1MBK,0.09,22.5,12.5,1.5
MXT1002MBK,0.12,22.5,12.5,1.5
ISAS88883,,33,25.5,2.5
MXT10050CMBK,0.07,22.5,12.5,1.5
USBPNLAFAM1,0.03,22.5,12.5,1.2
UUSBHAUB50CM,0.03,22.5,12.5,1
UUSBHAUB3M,0.08,22.5,12.5,1
USB3SAB3BK,0.06,22.5,12.5,2.1
USBAB1MR,0.04,22.5,12.5,1.7
USBEXTPAA3MW,0.06,22.5,12.5,1.4
USB2AAEXT25M,1.26,21.4,22.7,5.9
USB31CAADP,0.02,12.5,22.5,1.2
USB3SAB10M,0.65,22.5,21.3,6
USB31CC1M,0.05,22.5,12.5,1.2
USBAUB50CMRA,0.02,22.5,12.5,0.5
USB2CC1MR,0.04,22.5,12.5,1
USB2CMB2M,0.06,22.5,12.5,1
USB31AC50CM,0.03,22.3,9,1
USB2C5C4MW,0.21,22,20,1
USBPNLAFAM3,0.05,22.5,12.5,1.4
USB3SEXT1MBK,0.06,22.6,19,2
USBEXTAA5DSK,0.12,22.5,12.5,3.2
USBUPS06,0.08,0.01,12.8,22
USB2HAB1M,0.05,22.2,12.5,1
USB2HAB50CM,0.04,22,12.5,1
USB2HABM1M,0.05,22.2,12.5,1
USB2HABM50CM,0.03,22,12.5,1
USB2AAEXT35M,1.73,18.5,15,15
USBPAUB50CMW,0.02,22.5,12.5,1.1
UUSBOTGRA,0.01,12.5,9,1
USBAUB1MBK,0.03,25.5,12.2,1.5
USB3EXT6INBK,0.03,16.4,2,1.3
USB2AC1M,0.03,22.5,12.5,0.8
USB3AU50CMLS,0.05,22.5,12.5,2
USB2CC50CM,0.02,22.5,12.5,0.8
USB2CUB2M,0.06,22.5,12.5,1
USB2AC50CM,0.03,12.5,22.5,1
USB2CUB50CM,0.02,22.5,12.5,0.8
USB2CB50CM,0.03,22.5,12.5,1
RUSB2AC2MW,0.05,22,12.5,5
USBFAA_6,0.08,11.2,1,22.5
USB2HAUBY3,0.05,22.5,12.5,1.4
USB3SEXT1M,0.06,22,20,1.7
UUSBHAUB2M,0.06,22.5,12.5,1
USB2AAEXT15M,0.87,21.4,22.5,6
USB3AAEXT10M,0.76,21.4,22.5,6
USBEXTPAA1MW,0.03,22.5,12.5,1
USBAMB1MU,0.03,22.5,12.5,1
USB2AAEXT5M,0.47,21.5,22.6,5.8
USB3AUB50CMS,0.05,22.5,12.3,1
USB3SEXT5DKB,0.14,22.5,12.5,4.3
USBPNLAFAM2,0.04,22.5,12.5,1.4
USB3AUB15CMS,0.03,22.2,12.4,1
USBAUB3MBK,0.06,22,12.4,1.5
LTUB1MWH,0.06,17.3,8.2,3.1
USB2CUB1M,0.03,22.5,12.5,0.8
USB31CUB1M,0.04,22.5,12.5,1.1
USB3AU1MRS,0.07,22.4,12.3,1.9
USB2CC2M,0.05,22.5,12.5,1.1
USB315CC1M,0.05,22,12.5,0.7
USB2C5C1M,0.03,22.5,12.5,1
RUSB2CC1MW,0.03,7.5,14.5,1.7
USB2HABMY6,0.07,16.2,10.7,1.6
USBEXTAA6BK,0.07,22.5,12.5,2.2
UUSBHAUB6IN,0.02,12.5,9,1
USBPNLBFBM1,0.03,22.5,12.5,
USBMUSBFM1,0.02,2.5,12.5,1.2
UUSBMUSBMF6,0.01,,9,0.4
USB2HABM6IN,0.01,12.5,9,0.8
USBEXTPAA2MW,0.04,22.5,12.5,1.1
UUSBHAUB1M,0.03,22.5,12.5,1
USBAMB2MD,0.05,22.5,12.5,1.1
USBAUB2MD,0.05,22.5,12.5,1
USB2AAEXT10M,0.68,21.5,22.5,5.8
USB3AUB2MS,0.1,22.5,12.5,2
USBAUB2MBK,0.05,22.5,12,1
USBAUB1MRA,0.03,22.5,12.5,1.1
USBAUB2MLA,0.05,22.5,12.5,1
USB315CB2M,0.09,22.5,12.5,1
USB2CB3M,0.11,22.5,12.5,1
USB2CC3M,0.1,22,12,0.5
USB31CC50CM,0.03,22.5,12.5,0.7
USB2C5C2M,0.12,22.5,12.5,1
USB2AA2M,0.08,22.2,12.5,1
USBPAUB2MW,0.03,22,12,1
USB3CAUB1M,0.06,22,20,1
UUSBOTGW,0.01,12.5,9,0.9
USBAUB15CMBK,0.02,22.4,12,1
USB3AUB3MS,0.14,22.4,12.5,1
USB31AC1M,0.05,22.5,12.5,1.3
USB3AU2MRS,0.11,22.5,12.5,2
USB3AU50CMRS,0.05,22.5,12.5,2
USB3SAA3MBK,0.12,22,20,1.8
USB315CC2M,0.1,22,20,1
USB2C5C4M,0.23,22,20,2.8
LTCUB1MGR,0.09,19.8,15,2
USB2C5C2MW,0.11,22,12.5,1
LTCUB2MGR,0.12,20,15,2
USB2AAEXT20M,0.99,17.2,14.8,12.2
USB3AAEXT3M,0.3,23.5,14.8,5.2
USB2HAB65AC,0.97,22.6,21.4,5.9
USBPNLBFBM3,0.1,22.5,12.5,2.1
USBAB1ML,0.04,22.5,12.5,1.1
USB3SEXT2MBK,0.09,22,20,1.8
USB3LINK,0.13,16.3,13.1,3.2
UUUSBOTG8IN,0.01,22.5,12.5,1
USB2CB2M,0.06,22.5,12.5,1
USB2AC1MR,0.03,22.5,12.5,1
USBEXTAA3BK,0.04,22.5,12.5,1.3
UUSBOTG,0.01,12.5,9,1
USBPNLAFHD1,0.02,22.5,12.5,1.2
USB2HABM3RA,0.03,22.5,12.5,0.8
USB2HABM2M,0.08,22.2,12.5,1
USB2HAB50AC,0.74,22.5,21.5,6
USBPAUB1MW,0.02,22.5,12.5,0.6
USBAUB1MU,0.03,22.5,12.5,1.4
LTUB1MBK,0.05,15.7,8,3.1
USB3AU1MLS,0.07,22.5,12.5,2
USBAUB2MRA,0.05,22.5,12.5,1.1
UMUSBOTG8IN,0.01,22.3,12.3,1
USB31C5C1M,0.06,22.5,12.5,1.7
USB2AC4M,0.16,22,20,1.9
USBAUB50CMLA,0.02,22.5,12.5,1
USB315AC1M,0.05,22.5,12.5,1
USB2C5C3M,0.17,21,12.5,3.5
USB2C5C50CM,0.03,22.5,12.5,1
USB315C5C6,0.09,22.5,20,1
RUSB2CC2MW,0.04,7.5,16,3
USB3AUB50CMB,0.04,22,20,0.7
USBINT5PIN,0.02,25.5,12.5,0.6
USB2AA1M,0.02,22.2,12.5,1
USB2HAB30AC,0.5,14,14,6.8
USB3AAEXT5M,0.46,22.8,14.7,5.2
USB3CAB2M,0.1,22,20,1.6
USB3CAB1M,0.06,22,20,1.6
USB3SAB1M,0.06,22.5,12.5,1
USBAUB50CMBK,0.02,22.2,12.5,1.5
USB3AU2MLS,0.11,22.5,12.5,2
USB3SAB5M,0.36,21.5,22.4,3.2
USBAUB1MLA,0.03,22.5,12.5,1.2
USB2CB1M,0.03,22.5,12.5,1.1
USBUBEXT50CM,0.02,17,14.2,3
USB2CC1M,0.03,22.5,12.5,0.6
USB2AC2M,0.05,22.5,12.5,1
USB31CB1M,0.05,22.5,12.5,1.5
USBC3LINK,0.13,14.2,17,3
CDP2VGAW,0.03,22.5,12.5,1.7
PEXHDCAP2,0.37,14.8,20.5,4.2
PEXHDCAP60L2,0.3,14.4,20.7,3.8
USB3HDCAP,0.4,21.5,15,5.3
DVI2VGAE,0.07,8.8,20,1.8
HDMI2VGA,0.54,11.8,21,6
HD2VGAE2,0.05,22,20,1.5
DP2DVID2,0.23,14.3,17.4,3.5
VGA2HDPRO2,0.9,28.3,18.5,7.4
HD2DP,0.14,22.1,18.5,3.3
MDP2DVI,0.04,22,20,1.8
MDP2VGA,0.04,22,20,0.6
VID2VGATV2,0.46,11.8,20.9,6.1
MDP2VGAW,0.04,22,20,1.5
VID2HDCON,0.31,12.4,15.5,5.6
VGA2HD2,0.54,21,11.5,6.1
DP2VGA3,0.04,22,20,1.8
MDP2HDVGA,0.04,22,20,1.5
DP2VGAA,0.06,22,20,1.6
TB32HD2,0.22,21,14.5,4
HD2VGAA2,0.07,18,8,2
MDP2HD4KS,0.02,22.5,12.5,1.4
DP2HDVGA,0.05,22,20,1.4
DVI2DP2,0.06,25.4,3.4,1.7
DP2VGA,0.1,21.6,1.2,19.2
VSEDIDDVI,0.24,15.7,10.2,4.6
HDMI2DP,0.39,15.6,22.7,5.4
DVI2HDMIA,0.36,12.3,17.2,6
DP2VGDVHD,0.07,22,20,1.7
MDP2HDVGAW,0.04,22,20,1.3
HD2DPVGADVI,0.14,17,14.4,3
TB32DP2T,0.22,21.2,14.5,4
VID2HDCON2,0.58,25.5,20,6
SVID2USB232,0.2,14.4,20.7,3.8
MCHD2VGAE2,0.03,25.5,4.5,1.5
MDP2VGA2,0.04,22,20,1.8
HD2VGAMICRO,0.01,14,17.5,3
DP2HD4KADAP,0.04,14.5,9.8,2.6
HD2VID2,0.55,21.05,15,5.2
DP2VGA2,0.05,22,20,2.1
DP2HDMM1MB,0.06,20,22,1.5
HD2VGAMICRA,0.04,17.8,8.1,2
VS421HD4K,0.53,21.6,14.7,5.2
VS221HDQ,0.85,29.4,19.7,7.2
VS421HD4KA,0.84,15.5,23.5,6.4
VS221HD4KA,0.84,15.6,23.5,6.3
ST122VGA,0.47,14.5,17,6.6
VS221HD2VGA,0.6,23.7,15.5,6.6
VS421HD20,0.43,15.1,2.2,5.3
VS222HDQ,0.55,29.2,19.5,7.2
VS221VGA2HD,0.66,15.7,23.6,6.4
VS721MULTI,2.7,45.9,26,9
VS222HD4K,0.84,15.6,23.5,6.5
HDVGADP2HD,1.2,21.1,29.6,6.5
VS221HD20,0.38,15.3,21.7,5.5
VS421HDDP,0.4,12.5,16,6.5
CRJ45C6SOL50,0.07,22.5,12.5,3
CRJ4550PK,0.09,22.5,12.5,2.5
PRESREMOTEG,0.2,19,9.6,4.5
PRESREMOTE,0.18,19.5,9.8,4.4
R300WN22ODG,1.25,35.5,21.2,8.6
ASP86RGL,0.41,23,20,4
ASP66GLX-S,0.2,17,12,3
ACA930EUZ,0.08,14.19,13,3
ACA41EUZ,0.11,12,4,9.5
ACH924EUZ,0.15,19.5,3,12
ACH114EU,0.1,14.8,5.3,19.5
AKP10EU,0.2,21,7,15.3
CUCT02UA14EU,1.36,41.09,14.5,35.5
TBT914EU,0.67,9,40,30
TCG470GL,1.35,48.29,15.19,44
CN01,1.03,43,9,35
CNP1,1.29,41.5,10.19,36.5
TSS929GL,0.25,34.59,3,27.29
TAR300,0.61,42,9,36
TBR003EU,2.53,44,20,40
TSB938GL,0.98,33,17,45.5
TCG460GL,1.24,43,15,41.5
TBT913EU,0.67,9,39,30
TSS95104EU,0.3,41,3.5,30
TBT915EU,0.91,10,43,32
TSS865GL,0.56,36,6,26.1
CUCT02UA15EU,1.5,44,12,36
CN414EU,0.58,38.7,7.5,32.5
TSS99101GL,0.51,45,5,37
TSS931GL,0.27,37.4,3.2,30
TSS94604EU,0.23,35,4,29
TBT917EU,1.08,8.69,40,39.5
TCG661GL,1.01,32.29,12.3,46
TBT238EU,,44,5,36.5
TCG717GL,3.29,46.9,21,44
TSS866GL,0.61,39.7,8.69,28.79
CN418EU,0.81,51,41,7.5
TSS97901GL,0.46,37,5,26.5
TSS98401GL,0.44,42.5,6,32.5
TSB96001GL,0.54,36,7.5,48.5
TCG455GL,1.06,42.2,13.69,39
TBS64902GL,,19.7,28,1.3
AWE55GL,0.99,5.4,38,30.5
DOCK171EUZ,1.8,23.5,11,16
DOCK412EUZ,0.21,16.39,13.69,3
DOCK190EUZ,1.6,22.5,8.19,18
ASF190EU,0.43,51,1,35
ASF141WEU,0.19,37,0.2,26.5
ASM133MBP6GL,0.26,31,0.01,44.4
ASF14W9EU,0.18,37.2,0.2,26.5
ASF133W9EU,0.15,33.5,0.2,22.79
ASM154MBGL,0.28,44.4,0.5,30.7
ASF238W9EU,0.56,57.59,1,37
ASF170EU,0.25,30.7,0.2,44.4
ASM154MBP6GL,0.28,30.89,0.02,44.4
ASM133MBGL,0.25,44.2,0.5,30.7
AMP13EU,0.12,6,15.39,21.79
HDTB410EK3AA,0.25,4,12.8,14
HDTB420EK3AA,0.25,4,12.8,14
HDTB405EK3AA,0.25,4,12.8,14
HDTB440EK3CA,,4,12.8,14
HDWR11AUZSVA,0.92,6,13.6,18.9
HDWG11AUZSVA,0.92,6,13.6,18.9
HDWG21CUZSVA,0.92,6,13.6,18.9
M7450,0.25,10.1,14.9,6
ARCHER VR2100,1.17,24,31.8,7.1
TL-MR3020 V3.2,0.21,10.9,11,8.15
UB400,,10.2,11.8,2.3
RE305,,10.15,15.65,9.5
RE450,,12.5,20.2,8.6
TL-WA850RE,0.2,10.15,15.65,8.9
LS105G,,12.5,12.8,9.2
TL-SG1005D,0.24,10.8,14.5,8.5
ARCHER T4U V3,,14.8,20.7,4.2
TD-W9970,0.55,23.2,26,7
Archer C20,,22.3,35.7,6.8
ARCHER C4000,1.62,26.5,36,9
ARCHER MR600,,22.3,30.7,7
TL-WR841N,0.52,20.2,28.8,8.6
ARCHER MR400,,22.3,30.7,7
ARCHER C50 V4,0.67,24,29,7.6
ARCHER VR400,0.85,24,35,8.2
EAP245 V3,,22.8,34,6.5
PLC13BK,0.39,21.79,32.51,9.02
PLC19BK,0.32,21.59,31.24,8.89
PLC13BL,0.5,21.84,31.24,9.14
P142-000-MICRO,0.01,1.27,0.64,0.64
P134-000-VGA-V2,0.02,1.27,9.91,14.99
P134-06N-VGA-V2,0.04,1.27,17.78,22.86
U336-000-GB-AL,0.08,11.94,10.16,3.1
P566-003-VGA,0.06,1.27,17.78,22.86
P137-06N-DVI-V2,0.04,1.27,17.78,22.86
P134-000-DVI-V2,0.03,1.27,9.91,14.99
P581-010-VGA-V2,0.2,1.27,17.78,22.86
P136-06N-UHD-V2,0.04,1.27,17.78,22.86
P131-000,0.02,1.27,17.78,22.86
U436-06N-GB,0.06,10.01,12.06,2.01
P136-000,0.03,1.27,17.78,22.86
P142-000-UP,0.01,1.27,9.91,13.46
P134-06N-VGA,0.06,1.27,17.78,22.86
P136-000-UHD-V2,0.03,1.27,9.91,14.99
P582-006-V2-ACT,0.14,1.27,17.78,22.86
P136-06N-HV-V2,0.05,12.19,9.91,1.27
U437-002,0.04,17.78,11.43,1.27
P134-000,0.07,1.27,17.78,22.86
P586-010-VGA-V2,0.2,1.27,25.4,20.32
P136-06N-HDV-4K,0.07,10.01,14,2.31
P134-06N-DVI-V2,0.04,1.27,17.78,22.86
U352-000-SD,0.05,6.35,14.22,1.9
P580-003,0.06,1.27,17.78,22.86
P580-020,0.37,1.27,17.78,22.86
P580-006,0.11,1.27,17.78,22.86
P583-003-BK,0.04,1.27,10.16,15.24
P580-015,0.18,1.27,17.78,22.86
P580-010,0.16,1.27,17.78,22.86
P583-006-BK,0.09,1.27,10.16,15.24
N820-03M-OM4,0.03,1.27,17.78,22.86
N458-001-62,0.02,1.27,17.78,22.86
N820-01M,0.03,1.27,17.78,22.86
N820-02M-OM4,0.02,1.27,17.78,22.86
N820-03M,0.03,1.27,17.78,22.86
N820-01M-OM4,0.02,20.32,15.24,0.64
N820-10M-OM4,0.07,1.27,17.78,22.86
N370-05M,0.05,1.27,17.78,22.86
N846-03M-24-P,0.04,1.27,17.78,22.86
N370-03M,0.04,1.27,17.78,22.86
N366-10M,0.05,1.9,17.78,22.86
N370-01M,0.02,1.27,17.78,22.86
N820-02M,0.03,1.27,17.78,22.86
N356-02M,0.03,1.27,17.78,22.86
SRFANROOF,11.3,93.98,59.06,38.1
SRXFAN3U,2.63,52.32,10.16,19.3
U457-1M2-NVMEG2,0.07,13,14.5,3.51
USA-19HS,0.18,15.24,22.86,7.62
PCE-D9-04-CBL,0.36,17.02,13.72,5.59
U442-DOCK10-S,0.09,8.13,14.48,2.03
U444-06N-H4GUBC,0.09,10.01,14,2.31
U460-003-3A1G,0.1,2.69,14.5,7.49
U460-004-2A2CB,0.04,10.01,11.99,2.01
U280-016-RM,4.85,53.59,34.8,10.67
U460-003-3AG,0.06,10.01,14,2.31
U442-DOCK1-B,0.2,13.51,16.51,2.31
U442-DOCK13-S,0.1,7.87,14.99,2.03
U460-003-3A1GB,0.08,7.49,14.5,2.69
U460-004-4AB,0.09,14.48,7.62,2.69
U360-004-SLIM,0.07,6.1,14.22,1.78
U336-U03-GB,0.1,14.48,7.37,2.84
U360-004-MINI,0.11,3.05,9.91,13.97
U460-003-3AM,0.05,10.01,14,2.31
U442-DOCK11-S,0.14,8.13,14.48,2.03
P782-006-DH,0.2,1.27,17.78,22.86
B055-001-USB-V2,0.25,12.45,12.95,4.32
B078-101-USB-8,1,26.16,15.24,11.43
B078-101-USB-1,0.09,14.73,12.45,3.81
B078-101-USB2,0.2,25.4,17.78,3.81
B004-2DUA4-K,5.53,22.61,54.61,19.81
B042-016,2.99,29.21,43.94,7.11
B032-HUA2,0.54,23.88,17.02,6.1
2POSTRMKITHD,3.18,22.1,19.3,8.64
N201-005-BK,0.08,1.27,22.86,17.78
N002-005-BK,0.06,1.27,22.86,17.78
N200-006-BK,0.08,1.27,22.86,17.78
N201-015-BL,0.21,1.27,20.32,25.4
N201-003-BL,0.06,1.27,22.86,17.78
N201-006-BL,0.1,1.27,17.78,22.86
N201-010-BL,0.14,1.27,17.78,22.86
N201-002-BL,0.03,1.27,17.78,22.86
N201-003-BK,0.06,1.27,17.78,22.86
N201-005-BL,0.09,1.27,22.86,17.78
N201-010-BK,0.14,1.27,17.78,22.86
N002-010-WH,0.1,1.27,22.86,17.78
N280-05M-BK,0.33,1.27,35.56,43.18
N201-007-BK,0.1,1.27,17.78,22.86
N201-004-BL,0.06,1.27,17.78,22.86
N201-007-BL,0.1,1.27,17.78,22.86
N201-001-BL,0.03,1.27,17.78,22.86
N001-001-BL,0.03,1.27,17.78,22.86
N201-015-BK,0.2,1.27,20.32,25.4
N280-07M-BK,0.43,1.27,35.56,43.18
U442-DOCK2-S,0.24,13.49,16.51,2.31
U442-DOCK3-B,0.12,8.51,14,2.01
U442-DOCK1,0.2,13.51,16.51,2.31
N254-048-SH-6A,1,7.01,7.39,50.01
N252-024-6A,0.86,49.78,6.35,6.86
N052-024,0.59,10.8,52.07,5.59
N252-024,0.59,10.8,52.07,5.59
N252-048-1U,1.8,9.4,49.53,5.08
N254-024,0.82,11.68,50.04,6.98
N050-012,0.31,5.51,8,27.99
N252-048,1.16,11.94,50.04,7.11
P002-001-10A,0.09,1.27,17.78,27.89
PDUBHV10,3.63,6.1,20.2,12.3
PDU12IEC,1.68,9.3,20.6,2.1
PDUMH32HV,6.67,19.3,16.8,7.8
PDUMV32HV,7.98,192.71,24.51,17.5
PDUMH20HVNET,6.53,22.4,20.7,5.4
PDUMH16HV,2.95,10.9,20.5,3.03
PDUMH15HVATNET,7.12,22.8,20.3,4.33
PDUMNV20HVLX,6.12,72.5,6,4
PDUMNV32HV2LX,6.67,73,6.4,5.2
PDUMH20HV,3.4,20.4,11.6,2.2
PDU3XMV6G20,6.85,76,5.5,6.5
PDUMH32HVAT,9.21,,,
PDUMH20HVAT,8.07,23.2,20.8,5.4
PDUMH30HVNET,7.71,19.6,16.7,7.8
PDUMH15HVNET,5.99,23,20.7,5.7
PDUMNH20HV,6.12,23,20.7,6
PDU3XMV6G32,9.3,76.6,5.91,6.89
SRCABLEDUCT1U,0.68,49.28,10.16,5.08
SRCABLETRAY,4.58,55.37,31.24,12.19
SRWF4U,25.4,87,78.99,33.99
SRCABLEDUCTVRT,3.29,87.5,14,6.5
SRSHELF4PHD,8.26,50.8,6.1,67.82
SRGROUND,2.49,199.39,9.14,6.1
SRSWITCHDUCT,8.5,21.49,72.49,56.49
SRCABLEVRT12,14.2,66.04,63.75,12.19
SRCASTERHDKIT,6.03,12.5,11.99,32
SRX42SIDEKIT,37.2,93.98,84.99,11
2-9USTAND,1.08,27.18,20.57,11.18
SRCABLERINGVRT,2,5.49,90.5,12.5
SRDRAWER2U,8.62,51.51,53.01,15.49
SRSHELF2P,3.66,47.5,50.29,10.41
SRCABLEVRT3,7.71,73.66,26.42,16
SRCABLEDUCT1UHD,1.22,49.5,14.5,7.01
SRCABLERING1U,0.66,7.49,54.61,13.97
SRSTABILIZE,6.99,73.02,27.18,12.19
SRCASTER,1.8,15.49,19,10.01
SRCAGENUTS,0.45,15.49,11.18,3.05
SRWF6U36,39.5,124.46,81.28,45.72
SRVRTBAR,6.85,203.96,22.1,13.46
SRVRTBAR48,7.35,229.87,22.1,13.46
B020-008-17,17.6,71.76,67.94,13.72
B070-008-19,18.4,83.39,59.51,16
SRW18USDP,57.6,104.65,76.2,71.12
SR45UBSP1,161.9,114.3,66.04,229.24
SR25UB,107.5,109.22,60.96,135.89
SRW9U,17.7,67.06,52.32,57.4
SRW6UKD,13.6,17.98,51.51,65.99
SRX12UBFFD,61.7,101.09,63.5,78.49
SR4POST,27.2,223.49,16.51,11.51
SR4POST25,22.2,136.4,11.51,16.51
SRX42UBDPWD,191.7,128.83,85,211.89
SRW12US,29,70.61,66.04,61.72
SR42UB,152.4,114.3,66.04,215.9
SR12UB,50.8,68.58,93.98,78.74
SRW12UDP,25.9,67.49,73.02,75.49
SRW18USG,50.6,61.29,66.29,103.4
SRX42UBDPEXP,122.5,128.83,65.4,211.89
SRX42UB,150.1,108.84,65.4,212.09
SR4POST13,19.7,141,11.51,16.51
SRW10US,26.8,61.29,67.01,61.6
SMX1000RT2U,20.8,46.23,58.67,21.59
SMX700HG,20.6,33.99,30.99,46.99
SUINT2200LCD2U,29,70,56.49,24
SMX750SLT,17.5,46.99,24.76,35.56
SUINT1000LCD2U,20,59.69,50.29,24.38
SU6000RT4UHVHW,71,73.91,59.94,32.26
SMX1500SLT,21.4,34.29,25.4,46.99
SMX1500XLRT2U,25.7,59.18,50.55,22.35
SMX1050SLT,17.5,46.99,24.76,35.56
SMX3000XLRT2UA,40.4,52.07,60.32,22.86
SU10KRT3UHV,148.7,58.4,80,97.2
AVRX550U,4.63,22.35,34.04,11.68
SU6000RT4UHVG,86.2,66.04,60.96,86.36
OMNIX350HG,12.4,20.9,26.49,35.89
SMX1000LCD,7.3,27.94,39.37,36.4
SU8000RT3UG,146.1,102.87,64.77,88.9
SMX1200XLHG,22.1,33.99,30.99,46.99
SUINT3000LCD2U,39,76,59.99,24
SMX5000XLRT3U,82.5,80.01,57.2,28.58
SMX2200XLRT2U,33.4,54.61,61.47,22.1
SMX500RT1U,8.03,53.34,40.13,10.67
SUINT1000XLCD,11.6,44.7,24.13,34.04
SU10000RT3UG,140.6,104.14,66.04,81.28
SUINT3000XLCD,27.7,49.02,29.97,43.69
BP192V12-3U,95.9,58.4,80,28.6
BP72V28RT-3U,83.9,83.82,58.42,27.94
BP48V27-2US,56.2,71.81,67.11,24.56
RBC94-2U,12.7,28.96,11.68,37.85
BP240V10RT3U,86.2,83.82,58.42,29.21
RBC94-3U,12.5,40.64,20.32,20.32
BP72V18-2US,57.1,66.04,71.12,22.86
RBC93-2U,10,35.81,30.73,10.67
U042-025,0.25,0.25,25.4,18.03
UR024-001,0.03,1.27,22.86,17.78
U420-003-G2-5A,0.03,1.27,17.78,22.86
U330-10M,0.5,0.25,22.86,26.92
U026-025,0.36,26.67,22.86,1.27
U420-010,0.09,1.27,17.78,22.86
U330-05M,0.32,1.27,17.78,22.86
U023-006,0.09,1.27,17.78,22.86
U026-016,0.18,14.99,11.43,2.54
U428-06N-F-CRA,0.02,1.27,17.78,22.86
U324-010,0.13,1.27,17.78,22.86
U040-003-C-5A,0.03,1.27,17.78,22.86
U038-006,0.04,1.27,17.78,22.86
U322-010,0.13,1.27,22.86,17.78
U244-001-VGA,0.04,13.21,13.21,2.31
P137-06N-DVI-DL,0.14,15.75,15.49,3.05
P116-003-HD-U,0.11,8.99,15.49,3
N030-100-STR,0.18,5.08,6.1,10.92
N030-100,0.16,1.27,17.78,22.86
VA2223-H,3,11,56.2,36.5
VP2768,9.62,10.6,28.3,18.1
VG2448,8.71,22.4,60.4,38.5
VP2458,8.62,15,27.2,8.07
VA2261-2,3.58,11.5,56.5,39
VG2239SMH-2,5.57,18.9,59.2,37.8
VX3211-4K-MHD,10.1,28.2,83.8,61.5
VP2768-4K,,18.1,24.4,10.6
VG2455,9.39,15.6,23.4,8.27
VA2405-H,4.5,14,61,40
VG2719-2K,8.6,72.5,19,44.4
PA503X,6.24,18.8,36.5,30
M1,1.7,19,21.9,11.9
LS850WU,8.9,49,51.5,27.6
PA503W,3.24,30,36.5,18.8
LS800HD,13.6,46.9,55.9,30.1
LS700-4K,9.1,40.2,49.9,26.1
LS750WU,8.4,49,51.5,27.6
PG707W,3.54,16.8,41.5,29.7
PA503S,3.24,18.8,36.5,30
PS501W,3.62,30,36.5,18.8
M1+,1.7,19,21.9,11.9
PG706HD,3.95,16.8,41.5,29.7
VX2476-SMH,4.8,10.9,62.3,42.1
LB-WIFI-001,0.08,15.7,9,1.6
CDE7520,41.7,22,182.8,109.8
IFP8670,95,28,212.3,134.5
IFP6570,51,22.3,166.9,101
TD2230,4.7,11.4,55,37.1
VSD243-BKA-EU0,7.6,14,64.3,43.5
115R00062,4.66,,25.5,37
115R00070,,,20,24.5
604K64592,1.77,,,
115R00138,1.98,51,22.5,22
008R13045,0.54,,,
676K05360,4.17,,,
008R13065,,63.5,27,25.5
115R00129,0.45,28,53,11.5
108R00861,1.45,59,16,16
108R00974,1.32,43,16,14
108R00713,1.43,58,20,16.5
108R01151,1.38,49,15,23
108R00973,1.32,43,16,13.5
108R01148,1.2,49,19,15
108R00972,1.32,43,16.5,14
108R00931,0.12,11,6.5,4.5
108R00933,0.12,11,6.5,4.5
108R00935,0.22,11.5,11,4.5
108R00932,0.12,11,6.5,4.5
106R01436,0.66,,,
106R01391,1.32,,,
106R01595,0.14,,,
106R01594,0.14,,,
106R01627,0.14,,,
106R01563,0.43,,,
106R01566,0.61,,,
106R02313,1.45,,,
106R02746,0.3,,,
106R02756,0.11,,,
106R02733,2.11,43.81,31.75,17.78
106R03476,0.14,,,
106R03580,0.44,,,
106R03500,0.24,,,
106R03759,0.42,,,
106R03760,0.42,,,
006R03518,0.8,,,
106R03944,1.13,12.6,12.6,33.6
106R04051,0.46,47,7.5,7
108R00865,0.59,52.5,10,9.5
106R01374,1.56,,,
013R00663,2.27,51.5,16.5,15.5
106R02247,0.22,,,
106R01535,1.81,,,
106R02307,1.68,,,
006R01383,1.63,58.4,15.87,12.6
106R02744,0.28,,,
106R03624,3.44,,,
106R03473,0.12,,,
106R03475,0.12,,,
106R03582,0.56,,,
106R03861,0.24,,,
106R03859,0.24,,,
106R04052,0.45,47,7.5,7
113R00720,1.27,,,
106R02229,0.28,,,
106R02232,0.32,,,
106R01630,0.18,,,
106R01568,0.61,,,
106R02759,0.14,,,
106R03622,2.04,,,
106R03529,0.3,,,
106R03519,0.26,,,
106R03764,0.33,,,
006R03515,0.8,,,
106R04068,0.4,47,7.5,7
106R01438,0.66,,,
106R02602,0.34,,,
106R01565,0.43,,,
106R02731,0.8,,,
106R02745,0.28,,,
106R02747,0.34,30.5,11,5.5
106R02777,0.73,,,
106R02757,0.14,,,
106R03516,0.25,,,
106R03920,0.41,,,
106R03940,0.6,12.6,12.6,33.6
106R01078,0.93,,10,11
113R00670,2.27,48.5,19.5,19
106R02246,0.22,,,
106R01533,1.43,,,
106R01597,0.14,,,
106R02758,0.11,,,
106R03517,0.23,,,
106R03503,0.23,28.5,10,4.5
106R03757,0.49,,,
106R03873,0.3,20.5,10,9.5
106R03875,0.3,20.5,10,9.5
106R03942,0.83,12.6,12.6,33.6
106R04078,0.54,47,7.5,7
106R03479,0.14,,,
106R03584,0.73,,,
106R03518,0.26,,,
113R00719,1.27,,,
106R01437,0.66,,,
106R02231,0.28,,,
106R01564,0.43,,,
106R01567,0.61,,,
106R02740,0.79,,,
106R02775,0.7,,,
106R03763,0.34,,,
106R03876,0.33,,,
101R00582,2.03,45,37.5,22.5
006R03517,0.8,,,
006R03464,1.68,,,
106R04050,0.43,47,7.5,7
106R04080,0.56,47,7.5,7
106R03474,0.12,,,
106R03477,0.14,,,
106R03501,0.23,,,
106R03862,0.27,,,
106R03874,0.32,20.5,10,9.5
106R01439,0.66,,,
106R01294,1.07,,,
106R01479,0.14,,,
106R02601,0.16,,,
106R02604,0.34,,,
006R01385,1.38,54,10.16,8.25
006R03553,0.9,,,
106R04081,0.76,47,9.5,9
113R00726,1.34,,,
106R02230,0.28,,,
106R02245,0.22,,,
106R02248,0.24,,,
003R99807,1.1,,,
106R01569,0.88,,,
106R03620,2.8,,,
106R03478,0.14,,,
106R03502,0.23,,,
106R03762,0.34,,,
106R03758,0.44,,,
106R03860,0.24,,,
006R03516,0.8,,,
108R00816,2.9,50,44.5,23.5
001R00613,0.45,53.3,12.7,12.7
108R01036,0.59,54,13,11
013R00623,,40.5,,
108R01418,1.15,16.76,45,19
108R01121,4.99,,,
113R00773,2.25,38.5,,29
013R00624,1.41,,,
101R00474,,,27,9
113R00762,,,24,
101R00554,2.2,39.4,32.58,28.5
108R01420,1.15,16.76,45,19
108R01419,1.15,16.76,45,19
101R00602,1.12,57.5,16.5,12
108R01122,2.72,,44.45,25.4
113R00736,,,,10.2
115R00056,,49,,
109R00784,0.73,39,11,10
108R00866,0.05,,,
604K73140,,,44.96,23.11
109R00783,0.73,39,11,10
008R13086,1.36,,,
108R00646,,34,8.5,15
108R01504,0.7,54,16,7
604K66430,0.32,8,6,2.5
108R01037,0.11,18.5,12.5,4.5
675K47673,,,6.2,
497N05763,0.2,16,10,3.5
008R12941,0.59,,,
008R13177,0.32,13.5,,
008R12964,0.29,13.33,6.98,5.08
108R01124,0.45,,9.5,22
108R01416,0.5,21,39.9,5.33
008R13061,0.43,,,
008R12990,0.54,55,23.5,4.5
097S04907,13.5,75,75,48
BT41,,11.3,11.9,2.6
CAM50,,11.3,11.9,2.6
DS8178-SR7U210SSFW,18.6,,,
282P-101220-000,2.8,,,
GK42-202520-000,3.2,,,
GX42-102422-000,4.1,,,
GX43-102421-000,4.1,,,
GX42-202421-000,3.2,,,
GX42-102522-000,4.1,,,
282P-101520-000,2.8,,,
GX42-102520-000,4.1,,,
GX42-202520-000,3.2,,,
GX42-202420-000,3.2,,,
GX43-102420-000,4.1,,,
GK42-202220-000,3.2,,,
282P-101522-040,2.8,,,
GX42-102421-000,4.1,,,
GX42-102420-000,4.1,,,
GK42-102520-000,4.1,,,
GX43-102422-000,4.1,,,
GX43-102520-000,4.1,,,
ZT41143-T0E00C0Z,18.6,,,
ZT41142-T4E0000Z,18.6,,,
ZT41143-T3E0000Z,18.6,,,
ZT41146-T4E0000Z,18.6,,,
ZT42163-T2E0000Z,20.4,,,
ZT42162-T0E00C0Z,20.4,,,
ZT41142-T0E0000Z,18.6,,,
ZT41143-T2E0000Z,18.6,,,
ZT41143-T4E0000Z,18.6,,,
ZT41142-T3E0000Z,18.6,,,
ZT42163-T4E0000Z,20.4,,,
ZT41146-T0E0000Z,18.6,,,
ZT42163-T0E0000Z,20.4,,,
ZT41142-T2E0000Z,18.6,,,
ZT42162-T0E0000Z,20.4,,,
ZT42162-T4E0000Z,20.4,,,
ZT42163-T0E00C0Z,20.4,,,
ZT41142-T1E0000Z,18.6,,,
ZT41143-T1E0000Z,18.6,,,
ZT41142-T5E00C0Z,18.6,,,
ZT41143-T0E0000Z,18.6,,,
ZT42162-T2E0000Z,20.4,,,
P1031925-149,0.3,,,
P1004238,0.7,,,
P1004233,0.4,,,
P1037974-011,0.25,8.6,17,4
79800M,0.25,8.6,17,4
P1058930-010,0.25,8.6,17,4
P1004230,0.4,,,
P1046696-099,0.25,8.6,17,4
P1037974-010,0.25,8.6,17,4
P1004237,0.25,8.6,17,4
P1053360-018,0.25,8.6,17,4
P1058930-009,0.25,8.6,17,4
P1046696-016,0.25,8.6,17,4
P1004232,0.4,,,
P1004236,0.25,8.6,17,4
880175-031D,7.6,,,
76642,2.27,,,
P1058930-081,0.25,,,
P1058930-080,0.25,,,
P1037974-028,0.25,,,
GS1200-5-GB0101F,0.39,8.2,12.7,9.5
GS1200-8HPV2-GB0101F,1.15,13.2,25.6,7.8
GS1920-48V2-GB0101F,3.97,28.9,49.6,9
GS1920-24V2-GB0101F,2.91,21.4,55.8,7.9
USG40W-EU0101F,1.57,,,
USG60W-EU0102F,2.23,,,
USG60W-EU0101F,2.23,,,
USG40-EU0101F,1.57,21.6,38.1,7.9
USG60-EU0102F,2.25,24,39.4,10.1
NSG50-ZZ0101F,1.41,18.5,27.6,9.8
ATP500-EU0102F,2.83,15.2,35.1,24.5
ATP100-EU0102F,1.4,10,28.4,19
ATP200-EU0102F,2.42,24.7,42.7,7.3
ATP800-EU0102F,4.8,39.2,51.9,16.3
GS2210-48HP-GB0101F,6.25,45.2,58.6,9.7
GS-108SV2-GB0101F,0.25,8.6,15.7,9.6
GS192048HPV2-GB0101F,5.25,35.5,61.6,10.7
GS192024HPV2-GB0101F,4.97,35.5,61.6,10.7
XGS4600-32-ZZ0102F,5.69,33.5,61.6,10.7
GS2210-48-GB0101F,4.1,29.3,51.2,9.2
GS1900-10HP-GB0101F,1.53,22.7,30.2,6.4
GS1300-10HP-GB0101F,2.5,22.5,33.7,8.9
XGS1010-12-ZZ0101F,1.22,22.5,30.6,6.4
XGS1930-28-GB0101F,4.47,35.5,61.6,10.7
GS1300-26HP-GB0101F,4.4,36.6,54.6,8.8
GS1350-18HP-GB0101F,3.31,33.8,39.1,8
ES1100-8P-GB0102F,2.2,27.5,31.8,7.3
GS1900-8-EU0101F,1.04,22.7,30.2,6.4
GS1900-8HP-GB0102F,1.51,22.7,30.2,6.4
RGS200-12P-ZZ0101F,1.9,19.2,13.3,23.8
NSW100-10-GB0101F,2.95,21.4,36.6,7.9
GS1300-18HP-GB0101F,3.4,27.5,44,8.9
GS2210-24-GB0101F,3.41,22,56.1,8.2
GS-108BV3-GB0101F,0.49,9,16.1,9.5
XGS2210-52-GB0101F,4.92,35.8,62.2,10.8
GS1008HP-GB0101F,1.26,13.2,25.6,7.8
GS-105SV2-GB0101F,0.21,8.2,12.7,9.5
GS-105BV3-GB0101F,0.38,8.2,12.7,9.5
GS1005HP-GB0101F,0.83,13.2,21,7.8
NWD6605-EU0101F,0.11,4.9,15.9,13.8
WSQ50-EU0301F,1.79,7.1,33.9,21.5
WSQ50-EU0101F,1.67,21.5,33.9,7.1
USG20W-VPN-EU0101F,1.5,18.5,27.6,9.8
WSQ50-EU0201F,1.79,7.1,33.9,21.5
NWA1123ACPRO-GB0101F,1.21,23.5,24,10
NWA1302-AC-EU0101F,0.54,11,19,5.7
WAC6103D-I-EU0101F,0.94,24.6,23.5,6
NWA5123-AC-EU0101F,0.7,20.9,27.8,7.2
WAX650S-EU0101F,1.49,26.6,28.2,7.9
WAC6553D-E-EU0201F,3.9,15.8,39.3,43
WAP3205V3-GB0101F,0.44,6.1,28.8,20.5
NWA5123-ACHD-EU0101F,0.99,24.7,25.1,5.5
NWA1123-ACHD-EU0101F,1.09,26.8,26.6,5.6
100-99030000-60,0.93,22,19.4,8.2
6599-823-499,0.58,18.5,21.2,9.6
7700-309,0.47,15.2,15.45,5.5
26599-899-999,0.78,10.35,18.85,25
100-99000002-60,,5.5,12.4,18.65
28599-989-989,0.9,18.85,22.7,9.2
26599-899-899,0.78,10.35,18.85,25
26599-889-989,0.78,10.35,18.85,25
26599-889-888,0.78,10.35,18.85,25
26599-999-888,0.78,10.35,18.85,25
2126-82-04,0.14,6.8,14.3,18.4
6599-823-309,0.31,21,18.1,5.3
7899-823-189,0.65,5.7,21.5,23.2
6598-832-109,0.31,9.5,12.5,6
100-99090002-60,0.28,18.2,12.2,4.2
28599-989-999,0.9,18.85,22.7,9.2
26599-899-989,0.78,10.35,18.85,25
26599-999-899,0.78,10.35,18.85,25
920-25-508-101,0.47,6.8,14,18.4
100-99000000-60,0.32,19.1,12.7,5.7
100-99090000-60,0.27,20.2,12.5,4.2
26599-889-889,0.78,10.35,18.85,25
26599-899-998,0.78,10.35,18.85,25
26599-989-988,0.78,10.35,18.85,25
930-25-509-102,,18.5,13.85,6.75
920-29-508-101,0.55,6.5,19.5,19.5
100-99010000-60,0.34,18.6,11.8,5.6
26599-999-999,0.78,10.35,18.85,25
28599-989-899,0.9,18.85,22.7,9.2
930-25-509-101,0.47,6.8,14,18.4
7899-829-289,0.65,5.7,21.5,23.2
100-98600001-60,,12,4.5,17.9
100-99090001-60,0.29,18.2,12.2,3.8
930-29-509-102,,19,19.1,6.5
930-25-503-102,,18.5,13.85,6.75
2499-829-309,0.31,5.5,18.3,14.2
7599-838-109,0.5,6.2,20.95,17.8
6599-823-399,0.58,18.5,21.2,9.6
26599-989-899,0.78,10.35,18.85,25
SURT1000XLI,27.8,59.4,63,28.6
SMX1500RMI2UNC,30,62,58.9,24.6
9PXMEZ6KI,15.5,,,
EBAB01,4.74,,,
EMAH28,5.81,22.4,14.8,7.68
SR48UB,161.9,114.3,66.04,241.3
HCINT150SL,6.71,21.84,36.07,17.78
PDU3XVSRHWA,9.21,,,
E135017,11.5,36.7,51.7,48.7
E683204,4.62,41.5,33.3,22
E331019,7,19,52.6,45
E949536,4.5,,,
E628244,46.2,,,
E796783,,31,30.5,69
E277819,1.05,8.17,47.11,10.28
E125304,14.3,76.4,56,32.2
E126483,9.58,18.7,77,52
E442161,7.3,29.9,46.2,47
E931706,8.2,37.2,45.5,50.9
E146266,7.57,19,69.2,45.2
JJ7F9,2.67,8.1,47.2,29.4
TJ1DW,2.67,8.1,47.2,29.4
V30W4,3.59,9,49.1,33.4
D90XK,3.09,8.2,49.4,31.5
6KT3G,3.01,13.3,37.45,27.55
HFYWJ,1.59,7.6,37.3,33.6
23VP6,1.59,7.6,37.3,33.6
13MYK,2.23,8.1,47.2,29.4
N026L330113EMEA,2.15,7.6,37.3,34.7
H64CF,2.9,7.6,49.4,33.2
FPD13,2.89,7.9,44.8,30.6
WPY5G,3,8.2,49.2,31.5
NWYNN,2.42,7.8,38.3,34.6
44CPX,3,8.2,49.2,31.5
RY7PM,3,8.2,49.2,31.5
8WDC3,3,8.2,49.2,31.5
5W0GX,2.58,8.1,45.2,29.4
FTPR5,2.75,8.2,47.1,30
WT68M,2.56,8.1,47.2,29.4
DMTJC,2.57,8.1,39.1,35.5
F67P7,2.67,8.1,47.2,29.4
P8TG4,2.67,8.1,47.2,29.4
Y3YF7,2.89,7.9,44.8,30.6
MPWNX,2.67,8.1,47.2,29.4
4N4GD,2.71,8.1,47.2,29.4
MRRVX,4.31,13.65,42.57,30.73
16X54,2.57,8.1,39.1,35.5
JKV5H,2.56,8.1,47.2,29.4
FV3PT,2.56,8.1,47.2,29.4
H1KN8,2.56,8.1,47.2,29.4
PCDRY,2.9,7.6,49.4,33.2
766J8,2.67,8.1,47.2,29.4
KH8PV,2.75,8.2,47.1,30
V238G,2.23,7.6,43,28.2
N021L330113EMEA,2.15,7.6,37.3,34.7
N023L350015EMEA,3.15,7.6,49.4,33.2
C6RC2,2.56,8.1,47.2,29.4
MKNW3,3.01,13.3,37.45,27.55
WPK5N,2.57,8.1,39.1,35.5
PX832,3.09,8.2,49.4,31.5
TFX2D,2.71,8.1,47.2,29.4
VCFVM,2.9,7.6,49.4,33.2
4R7Y1,2.75,8.2,47.1,30
NJVXR,2.67,8.1,47.2,29.4
86HJY,2.57,8.1,39.1,35.5
HRKV6,2.71,8.1,47.2,29.4
WGF25,3.09,8.2,49.4,31.5
175Q6EA#ABU,,48.3,6.9,30.5
VG27AQ,8,21,70.4,46.4
VG27WQ,9.3,21.3,69.2,55.8
GS308E-100UKS,0.8,18.2,12.6,10.1
WAC540-10000S,1.3,29.2,29.6,10.8
SRC60-100EUS,1.8,28.6,31,10.5
RBS50-100UKS,1.49,20.25,24.25,14.9
RBS850-100EUS,2.05,27,15,21
RBK853-100EUS,1.29,7.11,25.4,19.05
RBK852-100EUS,4.06,26,22.2,21.5
RBK53S-100UKS,3.76,31.6,26.8,28
MK63-100UKS,2.05,19.5,31.6,13.9
MC327HW-10000S,12,87.7,61.2,12.2
MC327LW-10000S,12,87.7,61.2,12.2
MC327BL-10000S,12,87.7,61.2,12.2
MC327WL-10000S,12,87.7,61.2,12.2
MC321HW-10000S,10.2,71.8,48.8,12
MC321LW-10000S,10.2,71.8,48.8,12
MC321BL-10000S,10.2,71.8,48.8,12
MC321WL-10000S,10.2,71.8,48.8,12
MR2100-100EUS,0.55,14.7,12.6,8
RAX200-100EUS,2.18,33.1,25,14.1
RAX80-100EUS,2.38,30.7,23.8,12.9
EAX20-100EUS,0.99,29,21,11
EX7500-100UKS,0.48,11.8,18.4,11.3
IDG1200,8.1,,,
IDG 1600,8.6,,,
NPW600,5.6,,,
NPW800,6.3,,,
VSD1100,20,50,24,60
VSD 2200,33,,,
VSD-3000,36.5,,,
VST 1100,13,53,20860.5,34.2
VST 1500,18.4,,,
VST2000,20.4,,,
VST800,12.2,53,20.8,34.2
TW1023ASC-B1P,1.36,6.8,39.8,22.3
T1634MC-B7X,6.6,29,45.5,36.5
GB3461WQSU-B1,12.8,23,90,46
GB3466WQSU-B1,,28.2,90.9,50.5
X3291HS-B1,12.8,14.9,81.4,62.3
GB3266QSU-B1,13.5,24.8,83.6,52.7
V11H988040,4.59,39,38.5,17
61CAKAT1EU,4.84,12.2,63.9,40.5
CT120BX500SSD1,0.06,12.7,12.7,9.53
150B5EA#ABU,,52,6.9,30.5
AP4424,9.43,,,
NBRK0750,4.17,,,
AP7586,5,,,
SURT20KRMXLI,314.1,100.3,61,99
AP8659EU3,9.05,,,
SMT2200RMI2U,49.6,98,60,25.4
AP8941,10,,,
SURT1000XLIM,27.8,,,
AP8459WW,8.35,,,
SRT6KRMXLI-6W,67,96,61,37
APCRBC152,17.6,63.5,34.3,20.3
SRT3000RMXLI-NC,39.3,87.1,59.9,24.6
SRT2200RMXLI-NC,34,81,59.9,24.6
AP7921B,3.45,,,
AP7950B,5.2,,,
E3SBTH4,28,82,56,18
EPDU1232B,6.2,11,16,195
EPDU1132S,9,,16,195
AR8136BLK200,25.9,52.7,50.1,44.5
FWD-75X80H/UKT,43,,,
FW-65BZ40H,31,18.6,157.6,96.1
7AX23AT#ABU,12.8,47.3,65,31.5
7VH44AT#ABU,6.04,21.16,53.82,46.43
7VH95AT#ABU,7,19,69.6,45
1FH48AA,9.3,21.4,53.88,51.37
CE732A,2.18,29.6,48.4,27.1
C1N58A,6.3,24.9,59.8,28.4
H6Y90AA,0.7,21,15.6,7.7
TS-1683XU-RP-E2124-16G/128TB-TE,21.8,,,
TS-251+-2G,2.32,,,
TS-251+-2G/2TB-RED,2.32,,,
TS-2483XU-RP-E2136-16G,28.6,,,
TS-2483XU-RP-E2136-16G/144TB-EXOS,28.6,,,
TS-2483XU-RP-E2136-16G/48TB-EXOS,28.6,,,
TS-451+-2G,4.3,,,
TVS-1282T3-I5-16G/96TB-IWPRO,13.7,,,
TS-2483XU-RP-E2136-16G/240TB-EXOS,28.6,,,
TS-431K,4.3,,,
TS-253D-4G,2.68,,,
TS-653D-4G,4.56,,,
TS-251+-2G/16TB-REDPRO,2.32,,,
TS-431XeU-2G,5.78,,,
TVS-2472XU-RP-I5-8G,28.6,,,
TS-1683XU-RP-E2124-16G/224TB-TE,21.8,,,
TS-2483XU-RP-E2136-16G/96TB-EXOS,28.6,,,
TS-230,1.99,,,
TS-251+-2G/24TB-IWPRO,2.32,,,
TVS-472XT-PT-4G,7.01,,,
TS-453D-4G,3.6,,,
TS-251+-2G/20TB-SIW,2.32,,,
TS-251+-2G/12TB-REDPRO,2.32,,,
TVS-1282T3-I5-16G/48TB-REDP,13.7,,,
TS-431XEU-8G,5.78,,,
TVS-872XT-I5-16G,9.19,,,
TVS-672XT-I3-8G,8.07,,,
TS-1886XU-RP-D1622-8G,18.7,,,
TS-231K,2.39,,,
TS-451DEU-2G,5.79,,,
TS-653D-8G,4.56,,,
TS-2483XU-RP-E2136-16G/288TB-EXOS,28.6,,,
TS-131K,1.99,,,
QSW-308S,1.16,,,
QGD-1600P-8G,5.56,,,
QSW-308-1C,1.19,,,
QNA-UC5G1T,0.21,,,
LS27R350FHUXEN,6,19,71.5,45.5
LU28E590DS/EN,7.75,14.1,74,46.1
LS24R652FDUXEN,6.7,38.5,60.5,21.5
LU28R550UQUXEN,7.8,46.5,73.2,17.6
LS34J550WQUXEN,9.5,16.5,89.7,43.9
MU-PC2T0R/WW,0.08,12.5,10,5
MU-PC1T0K/WW,0.18,12.2,9.6,5.2
MU-PC500R/WW,0.08,12.5,10,5
MU-PC500K/WW,0.18,13,9.6,5.4
MU-PC2T0K/WW,0.19,15.2,10.2,5.4
MU-PC1T0R/WW,0.08,12.5,10,5
JC97-03097A,0.01,6.8,9.7,3.4
BA75-03845A,0.52,30.3,43.7,5.3
TS-832PXU-4G,15.2,,,
26599-999-889,0.78,10.35,18.85,25
960-001073,1.51,42.1,15.1,9.2
960-000767,0.44,19.1,7.2,22.7
960-000867,1.14,17.3,17.7,12.4
960-000972,0.36,18,13.5,8.1
960-001055,0.2,10.15,5.22,8.1
960-001076,0.26,14.5,7.7,5.4
960-001088,0.35,11.55,5.22,8.6
960-001106,0.37,13.6,8,13.6
939-001498,0.45,45.1,9,2.3
960-001194,0.4,14,8.2,13.7
960-001227,3.44,28.9,26.5,17.8
960-001297,0.34,13.6,8,13.6
960-001281,0.34,13.6,8,13.6
981-000480,0.31,18,7.8,21.5
981-000338,0.31,18,7.8,21.5
981-000342,0.31,18,7.8,21.5
981-000512,0.25,23.6,18,7.9
981-000517,0.25,23.6,18,7.9
981-000875,0.47,23.2,19.4,8.1
981-000870,0.47,23.2,19.4,8.1
981-000854,0.46,23.2,18.5,8.1
981-000914,0.46,23.2,18.5,8.1
980-000403,9.3,31.1,30.2,42.1
920-002442,1.72,48.1,7.46,25.24
915-000262,0.44,15.4,13.6,8.1
920-002425,1.72,48.1,7.46,25.24
920-008036,1.08,40,16.9,3.3
920-008229,1.24,52.6,4.9,22.1
920-002373,1.48,20.8,5.88,46.83
989-000405,0.45,17.1,3.7,18.7
920-008227,1.24,52.6,4.9,22.1
920-008877,1.6,56.4,5.7,20.4
960-001230,2.38,50.8,19.8,11.8
920-009416,1.36,45.05,14.75,3.95
920-009477,0.76,19.5,3.1,26.7
910-005696,0.33,13.85,5.8,17.35
920-008219,1.24,52.6,4.9,22.1
920-009689,0.78,25.9,20.2,2.85
920-009710,1,29.3,23.7,2.8
920-009629,0.91,20.1,3.25,26.7
920-009645,0.91,20.1,3.25,26.7
920-009553,1.15,45.05,14.75,3.95
910-005990,0.24,11.6,5.5,16
910-005988,0.24,11.6,5.5,16
910-005989,0.24,11.6,5.5,16
910-005991,0.24,11.6,5.5,16
910-005966,0.25,11.2,5.4,15.5
920-009658,0.63,27.8,3,21.8
939-001490,0.6,26.1,6,27.6
939-001814,0.69,23.3,14.9,15.4
939-001802,1.68,21.5,21.5,18.8
AS-1023US-TR4,18.6,,,
AS-1123US-TR4,18.6,,,
CSE-213A-R740LPB,22.68,,,
CSE-213A-R740WB,22.68,,,
CSE-213LT-600LPB,21.82,,,
CSE-417E16-R1400LPB,36.3,,,
CSE-513F-350B,6.6,56.9,49.5,17.5
CSE-732D2-500B,,64.2,54.3,30.4
CSE-732D2-865B,,64.2,54.3,30.4
CSE-732D4F-500B,,64.2,30.4,54.3
CSE-743TQ-1200B,25.4,,,
CSE-747TQ-R1620B,28.08,,,
CSE-815TQ-R700WB,16.3,,,
CSE-836BE16-R920B,32.7,,,
MBI-6118D-T4,2.27,,,
SSE-G24-TG4,5.7,,,
SSG-2028R-DN2R40L,39.4,,,
SSG-6049P-E1CR60L,77.3,,,
SYS-1019P-WTR,12.2,,,
SYS-1028TP-DTTR,21.9,,,
SYS-2029BT-HTR,38.6,,,
SYS-4028GR-TXR,61.2,,,
SYS-6029TP-HTR,40.9,,,
SYS-6029TR-HTR,33.3,,,
SYS-6029U-E1CR4,32.7,,,
ICX7150-24-4X10GR-A,5.22,,,
ICX7150-48ZP-E2X10G,5.22,,,
ICX7150-C12P-2X10GR,5.22,,,
ICX7150-48PF-4X10GR,5.22,,,
ICX7150-C12P-2X10GR-A,5.22,,,
ICX7150-48-4X1G,6.67,,,
ICX7150-48PF-2X10G,5.22,,,
ICX7150-48-4X10GR,5.22,,,
ICX7150-48-2X10G,5.22,,,
V13H010L58,0.32,16,14,14
53011TCA,2.01,40.9,28.3,7.2
39416,1.4,21,31,6.5
ARMDUALSS,5.21,,,
9H.LJ6LB.QBE,7.3,70.5,51,12.5
275E1S/00,5.71,11.8,65.5,51.1
172B9T/00,7.95,15.9,44.5,42
DK-1743-A-VH-10,68,53,53,
C13T824800,0,32,6,14.5
V13H010L63,0,16,14.5,14
V13H010L60,0,13.9,14,12.8
V13H010L62,0,15.9,14.2,14.1
V13H010L61,0,13.9,14,12.7
V13H010L77,0,15.5,14,14
9H.LFELA.TBE,4.9,,,
9S6-3DA75A-012,10,16.2,94.7,52
G27F,9.5,49.5,73.7,21.8
P2719H,9.05,,,
G34WQC,12.1,,,
P2719HC,9.36,,,
CS1764A-AT-E,2.41,32.5,9.8,21
62A3UAT1WL,1.87,37.7,26.7,6.8
PG707X,3.56,16.8,41.5,29.7
TD1655,2.3,28.8,44,8.9
2L-2910,20.4,,,
BE24EQK,6.4,16.8,61,49.4
C13S051159,0,37,13.9,22.2
C13S051126,0,37,14,22
003R99615,2.82,,,
C13S051124,0,37,14,22
106R01220,0.66,,,
64040HW,2.2,,,
113R00723,1.34,,,
106R01218,0.66,,,
C13S051125,0,37,14,22
108R00579,,50,,
113R00657,2.4,,,
VZ279HEG1R,,18.3,69.2,49.9
XG27WQ,9.3,26,73,55.3
272S1AE/00,9.38,21.6,70,45.6
61F6MAT2EU,7.5,17.5,59.9,38.7
OR1500ERM1U,23.1,51.5,54.5,15.8
ARMDUALPS,5.5,,,
ARMPIVOTB2,3.2,,,
ARMWALLDSLP,4.6,34,24,10
345B1C/00,15.1,28.2,90.4,52.5
61EAGAT6EU,9.26,18.2,72.2,46.3
90YH01X1-B3UA00,0.9,25,24,10
FPWARPS,12.6,91,46,14
38172,1.01,5.8,28.2,18.5
108R00727,,16.5,16,4
CLT-T508/SEE,2.3,,,
DA-70868,0.6,12,38.5,
C11CD67301A0,135,177.5,104.5,81.5
50G0804,22.3,62.4,53.8,47.9
42C7650,5.48,50,47.5,20.2
STJW1000400,4.62,1.16,4.11,5.75
ZA1000GM1A001,0.1,2.4,10.9,15.5
TS-131K/3TB-RED,2.02,,,
TS-131K/8TB-RED,2.02,,,
TS-131K/10TB-IW,2.02,,,
TS-131K/8TB-IW,2.02,,,
TS-131K/1TB-RED,2.02,,,
TS-131K/4TB-IW,2.02,,,
TS-231K/8TB-IW,2.49,,,
TS-231K/20TB-IW,2.49,,,
TS-231K/24TB-IW,2.49,,,
TS-231K/16TB-IW,2.49,,,
TS-431K/40TB-IW,3.47,,,
TS-431K/48TB-IW,3.47,,,
TS-431K/4TB-RED,3.47,,,
TS-431K/16TB-IW,3.47,,,
TS-431K/32TB-RED,3.47,,,
TS-453D-4G/48TB-IW,3.6,,,
TS-453D-4G/32TB-IW,3.6,,,
TS-453D-4G/40TB-IW,3.6,,,
TS-453D-4G/4TB-RED,3.6,,,
TS-453D-4G/32TB-RED,3.6,,,
TS-131K/12TB-IW,2.02,,,
TS-453D-4G/16TB-IW,3.6,,,
TS-431K/32TB-IW,3.47,,,
TS-431KX-2G/12TB-RED,3.47,,,
TS-431KX-2G/40TB-RED,3.47,,,
TS-431KX-2G/16TB-IW,3.47,,,
TS-431KX-2G/32TB-IW,3.47,,,
TS-431KX-2G/32TB-RED,3.47,,,
TS-431KX-2G/4TB-RED,3.47,,,
TS-431KX-2G/40TB-IW,3.47,,,
TS-431KX-2G/48TB-IW,3.47,,,
5KTP1,8.67,39.4,48.7,26.4
242E1GAJ/00,4.83,14.8,58.6,47.6
345E2AE/00,10.2,18.6,93,52.5
62A5MAT4EU,5.7,14.5,63.8,39.7
LS600W,7,37.6,49,26.8
242B9TL/00,11.1,16.8,62,43.3
275E2FAE/00,7.59,15.3,67.8,50.4
162B9TN/00,3.44,15.9,44.5,38.8
9H.LJPLB.QBE,8.5,,,
VA2732-MHD,6,14.5,69.5,46
VA2732-H,6,14.5,69.5,46
9S6-3CA81A-046,7.5,22.5,74.5,49
PG259QN,9.9,25.4,68.8,50.8
DELL-E2421HN,5.95,,,
V11H923640,13.2,59.5,53.5,35
V11H973040,3.88,37,33.5,15
V11HA12040,5.13,41,38,18
210-ALLIANZ,9.05,16.51,68.5,42.49
E2020H,3.94,,,
XG32VC,13.61,11,31.5,24.6
9S6-3PA3AT-005,8.2,18.3,76.5,49
V11HA23040,2.8,24.2,25,21.5
V11HA14040,3.79,28.2,24.8,24.2
DELL-UP2716DA,9.52,,,
DELL-UP3221Q,24.3,,,
271V8LA/00,5.55,12.3,73,44.6
272V8LA/00,5.66,12.3,73,44.6
346E2CUAE/00,13.1,22.4,98,50
V11H976040,4.04,38,33.5,15
TF3239MSC-B1AG,17.2,59,18.7,90
ES1686DC-2123IT-64G,32.7,,,
4XB0W79581,0.12,14.4,17.7,5.3
920-009319,0.91,19.9,3.4,27.2
920-009314,0.91,19.9,3.4,27.2
DS-55315,0.63,24.3,19.6,6
90YE00A1-B0NA00,3.08,,,
IFP2410,7.56,43.5,64.3,14
CS782DP-AT,0.69,23.9,5.9,17.5
989-000171,0.55,19.5,9.5,4.1
39317,2.2,,,
90MP01Y0-BKEA00,0.94,14.2,36.8,6.1
PHD20-2240-01,0.25,8.6,17,4
B11B205231BU,12.5,59.5,49.5,32
DEM-QX01Q-SR4,0.06,13.1,7.4,4.9
LTE5388-M804-EUZNV1F,1.6,17,24.7,12
ARMTBLTIW,2.5,51.1,25.2,14.2
90SB0660-M0UAY1,1.62,,,
TS-431XEU-2G/24TB-IW,5.78,,,
TS-431XEU-2G/32TB-IW,5.78,,,
TS-431XEU-2G/16TB-IW,5.78,,,
TS-431XEU-2G/48TB-EXOS,5.78,,,
ES1686DC-2142IT-96G,32.7,,,
01EN100,1,,,
ST12MHDLAN,2.02,24.6,29.5,8.6
ST12MHDLANRX,0.97,15.6,23.5,6.5
DEM-QX10Q-LR4,0.06,13.1,7.4,4.9
E393160,0.12,11.4,17.5,6.9
APCRBC159,12.6,15.2,36.8,49.5
CS1642A-AT-E,2,32.5,8.8,21
CS1644A-AT-E,5.5,56,20.8,24
DN-95140,1.88,20,31,
ADS2800WZU1,6.3,25.4,38.2,33
42K0035,95.9,76,76,105.3
C31CE94111,2.62,24,19.3,23.5
QL810WZU1,2.66,18.4,29.8,23.2
DIS-100E-5W,0.49,17.8,14,8.3
DIS-100E-8W,0.57,17.8,14,8.3
XGS1930-28HP-GB0101F,5.82,50.3,58.5,9.5
XGS1930-52HP-GB0101F,6.31,50.3,58.5,9.5
XGS1930-52-GB0101F,4.78,35.5,61.6,10.7
HDWG21EUZSVA,0.92,6,13.6,18.9
PE1216G-AX-G,2.18,79,9,10.9
PDUBHV20,4.54,20.2,6.2,12.2
930-25-503-101,0.47,6.8,14,18.4
ST121HDBTPW,1.2,29.5,19.6,7.2
FAX2840ZU1,12.9,,,
IFP8630,99.5,28,214,134
TS-431XEU-2G/8TB-EXOS,5.78,,,
TS-2483XU-RP-E2136-16G/192TB-EXOS,28.6,,,
TS-431XEU-2G/24TB-EXOS,5.78,,,
TS-1685-D1531-32G-550W/72TB-EXOS,16,,,
TS-1685-D1531-32G-550W/144TB-EXOS,16,,,
TS-1685-D1531-32G-550W/48TB-EXOS,16,,,
ARMDUAL,4.89,,,
14401-12,0.03,19,9,2
DN-19 09-U-SW,21,50,65,
DN-19 12-U-SW,26,50,65,
C13T636800,0,40,5.8,14.5
108R00957,0.44,16,13.5,4.5
70C0P00,3.4,,,
CL5708M-ATA-EE,16.8,71.8,66.8,13.5
DN-19 12-U-3,43.4,65,65,
IFP8650-3,90.7,28,212.3,134.5
IFP7550-3,71.9,28,193,114
IFP6550-3,49.7,22.3,166.9,101
IFP5550-3,35.5,22,142.8,87.8
90YE00A0-B0NA00,3.14,,,
SV565UTPUGB,1.72,30,25,9
ST121UTPEP,0.8,31.5,14,6
KA7176,0.19,12.4,4.2,12.9
7110085,2,35.5,28.3,16.4
960-001252,0.2,11.5,5.28,8.22
GS2220-28HP-GB0101F,4.97,35.5,61.6,10.7
GS2220-10HP-GB0101F,2.7,23.5,37.5,6.1
GS2220-50HP-GB0101F,5.25,35.5,61.6,10.7
40N9413,19.1,55.6,33.2,51.9
KA8278-AX-E,1.48,32.5,9.8,21
KA8288-AX-E,1.49,32.5,9.8,21
SUA1500IX38,27,59,33,37
SYPM10K16H,31.6,,,
90SF0061-M00660,15.8,,,
STKC5000400,0.36,4.5,10.6,14.6
TS-1273AU-RP-8G/48TB-TOSH,14.6,,,
TS-1273AU-RP-8G/72TB-TOSH,14.6,,,
TS-1273AU-RP-8G/192TB-EXOS,14.6,,,
TS-1273AU-RP-8G/96TB-TOSH,14.6,,,
TS-1273AU-RP-8G/168TB-TOSH,14.6,,,
TS-1273AU-RP-8G/144TB-EXOS,14.6,,,
TS-1273AU-RP-8G/72TB-EXOS,14.6,,,
TS-1273AU-RP-8G/48TB-EXOS,14.6,,,
TS-451+-2G/4TB-RED,4.3,,,
TS-1673AU-RP-16G/192TB-EXOS,17.1,,,
TS-1673AU-RP-16G/128TB-TOSH,17.1,,,
TS-1673AU-RP-16G/64TB-EXOS,17.1,,,
TS-1673AU-RP-16G/64TB-TOSH,17.1,,,
TS-1673AU-RP-16G/96TB-EXOS,17.1,,,
TS-1673AU-RP-16G/224TB-TOSH,17.1,,,
TS-1673AU-RP-16G/256TB-EXOS,17.1,,,
TS-1673AU-RP-16G/96TB-TOSH,17.1,,,
TS-653D-8G/18TB-IW,4.56,,,
TS-653D-8G/6TB-RED,4.56,,,
TS-653D-8G/48TB-RED,4.56,,,
TS-653D-8G/18TB-RED,4.56,,,
TS-653D-8G/24TB-IW,4.56,,,
TS-653D-8G/48TB-IW,4.56,,,
TS-653D-8G/60TB-IW,4.56,,,
ZP2000CV3A001,0.05,17.8,13.3,1.3
9S6-3BA81T-007,5.7,40.9,65,17.3
VG27VH1B,8,15,68,52
SF4000,,56.8,52.1,43.5
CDE8620,69.8,28,211.8,127.1
C31C412681,2.79,25.5,19.5,24
LH75QETEPGCXEN,41.5,19.8,184,111.8
C31CG62203P1,5.52,38.2,29.3,28.7
CDE4320,13.5,15.3,107,66.3
ZT42162-T0EC000Z,20.4,,,
40880,16.3,51,103,20
C31CH76102,27.6,70.5,52,49.5
CDE6520,33.6,22,160.5,96.5
CS19208-AT-E,4.83,49.9,13.3,32.4
CS19216-AT-E,5.33,49.9,13.3,32.4
AP7551,5.77,,,
CPNTA2HDMI,0.57,21,11.5,6
ASF24WEU,0.52,57.5,1,37
C31CJ27121,2.14,23.5,19.5,23.5
29S0263,10.5,42,41,28
223S7EHMB/00,6.56,19.4,55.2,42
VM7404-AT,0.96,42.6,28.5,5.7
ARMQUAD,9.2,,,
DELL-C3422WE,16,,,
PE8324G-AX,8.98,186.5,22.9,17.9
B11B252401,0.55,33,14,6.5
90LM0500-B01370,8,21,70.4,46.4
V13H010L08,0,16.8,15,14.8
XWNYK,1.76,23.8,47.3,9.4
N46F1,6.89,39.4,48.7,26.4
90MP0240-BKEA00,1.37,13.7,44,3.9
STHA16000800,1.6,24,18,12
TS-1253DU-RP-4G/144TB-EXOS,14.1,,,
TS-1253DU-RP-4G/120TB-GOLD,14.1,,,
TS-1253DU-RP-4G/48TB-EXOS,14.1,,,
TS-1253DU-RP-4G/192TB-EXOS,14.1,,,
TS-1253DU-RP-4G/72TB-EXOS,14.1,,,
B11B242401PU,0,38.5,12,14
VFY:B249TDXSP1EU,7.1,,,
W850H21G,1.13,,13.2,13.8
106R01393,1.32,,,
T650H04E,2.69,,,
C12C815331,,14.2,4.2,9.5
C792X1CG,2.72,,,
C792X1KG,2.81,,,
C792X1MG,2.72,,,
C792X1YG,2.72,,,
C925H2CG,0.7,,,
C925H2KG,0.7,,,
C925H2MG,0.7,,,
C925H2YG,0.7,,,
X792X1KG,2.72,,,
X792X1MG,2.72,,,
X792X1YG,2.72,,,
DS-55500,0.9,19.9,14.9,
ARMBARTRIO2,7.5,,,
6098B005,0.2,9.4,9.4,7.7
TS-H686-D1602-8G,8.72,,,
TS-H886-D1622-16G,10.1,,,
7XB7A05923,0.5,17.4,13.3,6.3
TS-432PXU-RP-2G,11.1,,,
TS-431X3-4G,3.47,,,
TS-432PXU-2G,9.53,,,
TS-832PXU-RP-4G,16.9,,,
TS-932PX-4G,4.99,,,
TS-251D-4G/16TB-N300,2.58,,,
TS-251D-4G/20TB-RED,2.58,,,
TS-251D-2G/20TB-N300,2.58,,,
TS-251D-2G/8TB-N300,2.58,,,
TS-251D-4G/16TB-RED,2.58,,,
TS-251D-2G/16TB-RED,2.58,,,
TS-251D-4G/20TB-N300,2.58,,,
TS-251D-4G/8TB-N300,2.58,,,
TS-251D-2G/16TB-N300,2.58,,,
TS-431KX-2G/12TB-IW,3.47,,,
TS-431X3-4G/32TB-IW,3.47,,,
TS-431X3-4G/40TB-IW,3.47,,,
TS-431X3-4G/4TB-RED,3.47,,,
TS-431X3-4G/32TB-RED,3.47,,,
TS-431K/12TB-IW,3.47,,,
TS-431X3-4G/12TB-RED,3.47,,,
TS-431X3-4G/40TB-RED,3.47,,,
TS-431X3-4G/12TB-IW,3.47,,,
TS-431X3-4G/16TB-IW,3.47,,,
42C0073,23.8,59.5,49.5,40.2
DMCS60100XX,36.7,120.65,65.53,24.89
U3415W,17.51,38.5,12.1,19.9
ESWB05,7,,,
MSTDP124DP,0.53,15.2,24.1,6.4
38259,1.1,,,
38254,0.71,,,
38253,0.71,,,
38256,0.75,,,
38255,0.75,,,
930-29-503-101,0.55,6.5,19.5,19.5
MSTDP123HD,0.5,15.4,24.1,6.4
ST121USBHD,1.07,18,30.9,7.1
DDR1527SDC,6.46,,,
38126,0.85,23,26,6
ARMDUAL30,7.9,,,
EFLX12I,9.5,44.8,18,5.8
DA-90354,6.33,,,
DA-90353,6.14,,,
40A70045EU,0.78,18.2,21.4,6.4
40A80045DE,0.73,18.2,21.4,6.4
PS501X,3.62,30,36.5,18.8
VB-STND-002,55.6,93.3,136.6,28
3073173,25.9,,,
35S8502,36.7,,,
55VL5F,30.5,82.8,133.7,23.9
939-001656,0.71,41.5,8.9,4.2
ST128HD20,1.2,32.5,26,7
UVCHDCAP,0.47,39.2,47,21.5
PDU3XEVSR6G32B,10.48,75.9,9.65,6.89
DN-170076,11.5,44.2,21.2,28
DN-170074,8.1,40.5,23.5,19.2
DN-170075,11,44.2,21.2,28
ST12MHDLNHK,,10.8,9.2,2.4
V13H010L93,0,19.5,16,16
72X1G,2.66,7.6,38.8,34
F6G34,2.66,7.6,38.8,34
FPM6J,3.09,8.2,49.4,31.5
MFFHV,3.09,8.2,49.4,31.5
GN9F5,2.66,7.6,38.8,34
TP36P,2.29,7.6,37.4,34.5
84HP1,2.29,7.6,37.4,34.5
R7V20,3.09,8.2,49.4,31.5
XCF09,1.63,7.6,37.4,34.5
758J7,3,8.2,49.2,31.5
VB-STND-001,43.5,16.5,155,77
LH55QMNEBGC/EN,23,15.8,139.6,85.2
39318,3.2,,,
DWM3770X,9.34,70.87,24.13,11.18
V13H010L94,0,15.5,12.5,12
FPWARTB2,7.7,41.5,62.2,9
FW-85BZ40H,62,26,203.8,123.5
C33S045528,28,62.5,54.5,23
113R00724,1.32,,,
BU100CL,1.86,,,
C13S051127,0,37,14,22
C5220MS,0.97,7.8,34.6,20.1
113R00722,1.27,,,
12A7460,2.1,16.2,40,30
C5220YS,0.97,7.8,34.6,20.1
C5220CS,0.97,7.8,34.6,20.1
106R01318,0.73,,,
106R01433,0.66,46,8,7.5
106R01371,2.61,,,
106R01486,1.32,34.5,28.5,10
C13S050590,0,14.6,16.4,10.7
52D2000,1.2,49.5,15.8,19.8
52D2H00,1.7,49.5,15.8,19.8
60F2H00,1.1,13.6,45,18.2
60F2X00,1.3,13.6,45,18.2
62D2X00,2,49.5,16,19.8
50F2U0E,1.3,13.6,45,18.2
50F2X0E,1.1,13.6,45,18.2
C51CB11020,0,33.7,25,30.2
C950X71G,1.55,,,
FW-75BZ40H,46,18.8,181.2,111
C31CH77202MK,32,70.6,62,49.5
C31CH77102MK,31.3,70.6,62,49.5
C31CH63012A0,3.81,31.2,20,32.5
G2GJC,2.38,7.9,41.3,28.4
CL5708N,15.4,,,
DS-55202,0.74,24,17.6,
39339,1.64,21.5,31,6.5
90MP00M0-B0EA00,2.06,48.4,22.6,7.4
E506980,7.57,19,69.2,45.2
E1P0A3PBE1Z1,4.5,,,
E2720HS,,80.01,12.5,45.01
PG259QNR,13.3,53.8,68.8,25.6
VG24VQE,4.87,19,62,40.3
XG438QR,23.7,37.4,106.9,72.2
097S04994,23.8,52,49,29
C12C933151,0.02,122,17.5,70
013R00662,1.47,,,
ARMBARQUAD,9.85,,,
273V7QDSB/00,6.07,13.4,66.4,45.2
EMIB22,,21.4,20,120
K52804WW,0.95,82.5,103,20
V13H010L54,0,16.2,14,14.1
K72427EU,0.21,8,13.3,20
SUA500PDRI-S,13.3,48.1,29.7,29.7
39337,1.64,21.5,31,6.5
DS-72214,5.37,44.5,14.8,22
DS-72217,3.15,44.5,14.8,22
PA32UC-K,16.7,52.1,91.3,36.5
38162,3.09,29,49,9.5
VM7904-AT,0.91,42.6,28.5,5.7
499P9H/00,21.5,55.3,130.8,38.4
38266,1.15,19,22.5,8
38267,1.4,19,22.5,8
X10-4K,6.5,33,34,28.5
V13H010L53,0.34,15.6,13.8,13.9
ARMUNONB,6.04,,,
VM7804-AT,0.92,42.6,28.5,5.7
PDUMNH32HVAT,9.8,22.5,21.3,7.2
ARMTRIO,7.5,,,
DGS-1210-16,3,33.1,35.7,7.2
VM8804-AT,0.94,42.6,28.5,5.7
USB32VGCAPRO,0.4,21.7,15.2,5.4
3RG94,17.9,61,90.8,27
RFGMP,21.6,61.6,91.9,29.2
TN80Y,33.2,61.6,78.9,45.4
X1M4M,37.7,61.4,96.8,29.7
7RDCW,2.9,23.8,49.8,13.3
GYWF1,4.09,24.7,59.4,17.45
WR1J6,7.08,39.4,48.7,26.4
910-004984,0.2,7.7,3.2,20
0XTRJ,7.08,39.4,48.7,26.4
TFVPF,4.09,24.7,59.4,17.45
TS-1273AU-RP-8G,14.6,,,
TS-1673AU-RP-16G,17.1,,,
TS-451D2-4G,3.02,,,
TS-873AU-RP-4G,14,,,
TS-h1886XU-RP-D1622-32G,18.7,,,
TS-H1683XU-RP-E2236-128G,21.8,,,
TVS-H1288X-W1250-16G,14.9,,,
TVS-h1688X-W1250-32G,16.3,,,
TS-451D2-2G,3.02,,,
941-000113,8.25,43.66,30,32.23
ARMSTS,22.8,75.5,55.8,20.4
APCRBC141,13.15,52.1,34.3,20.3
U2RH4E,1.6,17,24.7,12
21O-00004,1.9,5.69,26.59,35.79
TS-1683XU-RP-E2124-16G/160TB-GOLD,21.8,,,
TS-1886XU-RP-D1622-8G/48TB-EXOS,18.7,,,
TS-1886XU-RP-D1622-8G/168TB-TOSH,18.7,,,
TS-1886XU-RP-D1622-8G/96TB-TOSH,18.7,,,
TS-1886XU-RP-D1622-8G/192TB-EXOS,18.7,,,
VX3218-PC-MHD,7.3,17,97,52.3
VX2718-2KPC-MHD,5.5,15.6,68.7,44.3
VX2705-2KP-MHD,6.9,15.2,67.7,52
VX2718-PC-mhd,5.5,15.6,68.7,44.3
E2420HS,6.64,72.49,1070.93,4516.07
E9PX7D701EZ3LR,4.4,,,
M2E,2.9,25.5,25.8,16.7
E9PX7D701EZ4,4.4,16.7,33.7,40
DN-CC 9002,27,61,31,
EPDU1016M,1.4,15,56,8
26599-899-889,0.78,10.35,18.85,25
28599-999-898,0.9,18.85,22.7,9.2
28599-999-999,0.9,18.85,22.7,9.2
28599-999-888,0.9,18.85,22.7,9.2
28599-999-989,0.9,18.85,22.7,9.2
28599-999-889,0.9,18.85,22.7,9.2
XG17AHPE,3.1,9.9,52.1,36.2
LS831WU,13.1,54,64.5,29.5
272B1G/00,9.63,21.5,70,45.6
242B1V/00,7.95,19.8,60,46.5
278B1/00,8.75,21.6,70,45.6
V11H982040,4.12,38,35.5,16
61F7MAT2EU,8.17,18.7,42.2,62.2
K58359WW,0.41,61,37.4,0.5
K58358WW,0.41,61,37.4,0.5
ARMSLIMDUAL2USB3,9,,,
DN-19 FAN-4-N,3.94,43.6,50,
DN-19 22U-8/8-1,78,82,82,
DN-19 36U-8/8-1,97,85,85,
T650H80G,2.69,,,
C13S050613,0,17.7,6.7,5.4
44059167,0.6,7.2,38.3,11
106R01504,0.29,,,
52D2H0E,1.7,49.5,15.8,19.8
C32C811311,2.69,50,25,24
C13S050698,0,30.7,12.4,12.5
106R02722,0.5,,,
C13S053049,1,39,15,20
FPCEILPTBSP,6.8,36.6,77.1,14.9
C31CB49118A1,3.8,39,24.6,23.7
HLL9310CDWZU1,26.8,60.3,64.2,57.8
TS-451+-2G/24TB-EXOS,4.3,,,
C12C933301,0,125.5,25,23.5
C13S210055,0,21.5,17,20
ARMDUALWALL,4.4,,,
V13H010L76,0,15.6,14,14
100013520,,15.2,54.5,13.5
DK30A2DHUUE,0.8,10.9,21,14.2
C950X2KG,0.99,,,
X950X2MG,0.6,,,
106R03921,0.39,20.5,10,9.5
106R03923,0.4,,,
106R03935,0.4,20.5,10.5,9.5
106R03922,0.38,,,
106R03904,0.36,,,
106R03898,0.28,,,
106R03905,0.32,,,
097S04949,8.48,58.4,53.5,24.8
RAX40-100PES,1.55,39.2,25.4,11.5
38263,1.17,18,28,7
39523,3.4,,,
V13H010L81,0,19.5,15.5,15.5
V13H010L83,0,20,15.7,16.7
DN-651109,0.98,18.6,23.1,
DGS-1250-52X,4.28,56.5,35.1,9.1
DGS-1250-52XMP,5.17,56.3,39.3,8.9
GS1350-26HP-GB0101F,4.65,35.5,62.2,11
GS1350-6HP-GB0101F,1.08,25.5,24.2,6.5
42708,0.64,12.3,15.4,11.5
10338-ST,0.05,11.5,9,3.1
006R03337,2.96,,,
C12C932011,0.01,69.5,28.5,64.5
DN-CC 9001,20,62,35,
MGS3750-28F-EU02V1F,5.5,,,
XGS4600-32F-ZZ0102F,5.83,33.5,61.6,10.7
DN-19 WM-V4U-SL,18,23,66,80
K38240EU,1.81,10.5,21.5,10.9
C31CE94111P0,2.6,24,19.3,23.5
VIDWALLMNT,16.4,100,51,20.9
WAC6303D-S-EU0101F,1.04,24.7,25.1,5.5
43275,,18,26,7
ST121WHDLR,1.1,26,20,9
DS-55124,0.85,24,17.6,8
ST121HD20V,0.78,22,13,7
38246,2.12,17.8,34,5.5
27UL650-W,9,50.2,69.4,21.3
38269,1100,9.5,24.8,19.5
VP278QG,7.21,5.91,27.7,20.5
VG248QG,7.7,22.1,66.4,41.5
UH3234,0.46,34,11.5,3.5
UH3234-AT,0.46,34,11.5,3.5
DA-90382,12.2,87,61.3,8
40A80045DK,0.73,18.2,21.4,6.4
DR3100,0.87,,,
WAC6503D-S-EU0101F,1.74,32.3,30.8,12.7
C13S041597,8.11,117,15,15
C13S045007,5.3,48,17,16
006R03393,0.58,35.8,25.5,15.8
106R03692,0.16,,,
106R03690,0.16,,,
106R03691,0.16,,,
4X70W22201,0.03,5.7,15.7,1.5
SR24UB,69,88.9,66.04,132.08
XGS2210-28HP-GB0101F,6.4,45.2,58.6,9.7
XGS2210-52HP-GB0101F,6.75,45.2,58.6,9.7
DN-19 WM-SURM-127,17,13.7,61,75
DN-19 47U-8/10-1,160,105,85,
SRW15US,33.1,67.01,84,61.21
DN-81202,0.06,11.7,9.3,
108R00718,,45,21.5,
VE-RMK3U,3.27,55.6,24.7,15.3
VE-RMK2U,1.94,53,22,6.5
DR3300,1.22,,,
RK2537BKM,114.3,116.5,68,145
RK1224WALHM,41.2,67.5,72.2,72
DN-19 20-U,36,50,65,
DN-19 20-U-3,58.5,65,65,
DN-19 09-U-3,37,65,65,
DN-19 07-U-3,32.5,65,65,
C13T44J240,0,35,5,11.5
C13T44J340,0,35,5,11.5
C13T44J640,0,35,5,11.5
C13T44JA40,0,35,4.7,11.8
C13T44Q240,0,24.5,45,11.5
C13T44Q540,0,24.5,45,11.5
C13T44J540,0,35,5,11.5
C13T44J740,0,35,5,11.5
C13T44J440,0,35,5,11.5
C13T44Q340,0,24.5,4.5,11.5
C13T44Q740,0,24.5,4.5,11.5
C13T44J840,0,35,5,11.5
C13T44J140,0,35,5,11.5
C13T44Q640,0,24.5,4.5,11.5
915-000240,0.68,25.5,13.8,8.9
DK-1531-P-305-1,10,39,39,20
DK-1613-A-P-305,8.4,39,39,
DK-1633-P-305,12.3,43,43,20
DK-1613-P-305,9.05,39,39,20
C13T865140,0,16,9,11.5
TS-451+-2G/24TB-REDPRO,4.3,,,
TS-451+-2G/32TB-REDPRO,4.3,,,
TS-451+-2G/8TB-REDPRO,4.3,,,
VP1600EILCD,11.3,16.5,43,38.4
TS-431XEU-2G/8TB-IWP,5.78,,,
ZP1000GM3A011,0.06,13.42,10.9,2.4
TL-R1200C-RP,14.3,,,
AR8725,17.1,116.8,33,31.2
DN-19 04U-PB,9.5,50,53,
SR2POST,15,223.52,16,12.45
XGS1210-12-ZZ0101F,1.22,22.5,30.6,6.4
TS-251+-2G/4TB-REDPRO,2.32,,,
60005056,37.7,25,143,92
40N9763,22.7,55.6,44,51.9
C31CJ95152A0,2.4,23,19,23
C31CH94131,2.38,23.5,19.5,23
C31CH94132A0,2.3,23.5,19.5,23
C31CH94131A0,2.38,23.5,19.5,23
C31CH94132,2.37,23.5,19.5,23
QGD-1602P-C3558-8G,5.52,,,
TS-1253DU-RP-4G,14.1,,,
TS-431P3-2G,4.3,,,
TS-453DU-RP-4G,10.1,,,
TS-231P3-2G,2.39,,,
TS-853DU-RP-4G,13.6,,,
STSCART,27.5,84,64,17
VZ249HE-W,4.4,12.8,60.7,50.5
9S6-3CB01T-016,9,16.8,75.6,47.3
XS1920-12-ZZ0101F,5.68,45.1,58.3,9.8
DXS-1210-10TS,4.38,54.6,34.9,9.6
DN-82060,0.36,10.2,14.2,
NWA110AX-EU0102F,0.77,21.6,22.9,6.4
WAX510D-EU0101F,0.77,21.5,22.9,6.4
QSW-M408-4C,1.57,,,
QSW-M408-2C,1.57,,,
CM8070104282134,,11.6,4.4,10.1
2A-141G,0.09,12.4,4.2,12.9
2A-142G,0.08,12.4,4.2,12.9
CM8070104282329,,11.6,4.4,10.1
CM8070104291317,,11.6,4.4,10.1
ATP100W-EU0102F,1.4,10,28.4,19
USGFLEX100-EU0102F,1.4,10,28.4,19
USGFLEX200-EU0102F,,7.3,42.7,24.7
USGFLEX500-EU0102F,2.83,24.5,35.1,15.2
WAX510D-EU0105F,0.77,21.5,22.9,6.4
TS-451+-2G/12TB-RED,4.3,,,
V11H956540,13.3,59,53.1,34
9S6-3CA66T-009,13.1,21.4,79,47.5
LS860WU,9.1,49,51.5,27.6
VG24VQ,8,70.5,40.2,21.4
VG249Q,9,20,72.3,40
DELL-E2720HS,,80.01,12.5,45.01
DELL-E2020H,3.94,58.19,11.81,34.39
U4320Q,25.6,114,28.98,73.51
DN-19 TRAY-1-1000-SW,4.94,75.5,42.5,
DA-70889,0.63,12.4,18.4,13.4
RL-KRX63-01,2.09,34.7,15.7,21.3
RL-KRX73-01,2.21,47.4,14.6,18.2
2K-0002,1.86,70.3,11.2,8.2
306-7ZW1C31-813,2.26,,,
PEX8S1050,0.67,29,19,6.5
115R00127,3.99,59.5,55.5,21.5
TB3DKM2DPL,0.27,19.5,13.9,3.7
TB3DKM2HDL,0.27,19.5,13.9,3.7
PDS6000FZ1,12.3,43.9,73,38.6
IES1G52UP12V,0.95,16.2,21.1,6.4
IMC1GSFP30W,0.2,10.5,15.5,6.4
DK-1741-VH-10-OD,66,60,60,
DK-1623-A-VH-305,15,37,37,
DN-19 26U-6/6-D,46,65,65,
TS-251D-4G,2.58,,,
TS-1685-D1531-32G-550W/192TB-EXOS,16,,,
TS-1886XU-RP-D1622-8G/144TB-EXOS,18.7,,,
TS-1886XU-RP-D1622-8G/72TB-EXOS,18.7,,,
TS-251D-2G/16TB-IW,2.58,,,
TS-251D-4G/20TB-IW,2.58,,,
TS-251D-4G/12TB-IW,2.58,,,
TS-251D-2G/12TB-IW,2.58,,,
TS-251D-4G/16TB-IW,2.58,,,
TS-251D-2G/20TB-IW,2.58,,,
KA7166,,2.12,9.1,
KA7189-AX,0.16,12.4,4.2,12.9
VM7814-AT,0.91,42.6,28.5,5.7
LTE3301-M209-EU01V1F,0.78,19.2,27.1,11.3
DN-19 PLINTH-8/10-1,8.43,19,94,
DN-96321-4,3.06,51.5,31.5,
DN-19 42U-8/8-D,112.5,88,88,215
DN-19 26U-6/6-1,53.7,65,65,
DN-19 SRV-42U-N-1,115,105,68,
DN-19 42U-6/8-D,83,85,65,
DN-19 32U-6/6-1,61.9,65,65,
DN-19 22U-6/6-D,45,65,65,
DN-19 42U-6/6-D,73,65,65,
DN-19 22U-6/6-1,48.9,65,65,
DN-19 26U-6/10-1,78,105,65,
DN-19 32U-8/8-1,97,85,85,
DN-19 22U-6/8-D,44,85,65,
DN-19 32U-6/8-D,64,85,65,
DN-19 32U-6/6-D,56,65,65,
DN-19 36U-6/6-1,67.3,65,65,
DK-1521-V-305,13.5,21,40,
QHORA-301W,2.2,,,
USGFLEX100W-EU0101F,1.4,10,28.4,19
USGFLEX100W-EU0102F,1.4,10,28.4,19
WAC500H-EU0101F,0.44,12,19.5,5.3
QSW-M2108-2S,1.52,,,
QSW-M2108-2C,1.54,,,
DN-80221-3,2.15,56.2,30,
DN-19 32u-6/8-1,80.9,85,65,
DN-19 26U-6/8-D,52,85,65,
DN-19 12U-I-OD,38,50,65,
DN-19 07U-I-OD,32,50,65,
DN-19 09U-I-OD,34,65,65,
DN-19 12U-6/6-I-OD,44,65,65,
DN-19 16U-6/6-I-OD,50,65,65,
DN-19 16U-I-OD,42,50,65,
4POSTRACK25U,35,152.8,16,20
952-000019,1.03,33.7,22.7,4.35
DN-19 TRAY-2-1000,6.45,78,50,
DN-19 42U-8/10-1,148,105,85,
DN-19 SRV-42U-8-N-1,129,105,85,210
DN-19 FAN-2-HO,3.34,23.5,51.5,
DN-19 16U-6/6,38,65,65,
DN-19 FAN-2-HO-SW,3.34,28,51,40
DN-19 FAN-4-HO-SW,5.98,38.5,51,
DN-19 FAN-4-HO,5.98,38.5,51.5,
DN-10-SET-1,9.5,36,35,
C13T596200,0,31.8,5.7,14
W850H22G,2.4,,,
44318507,1.31,14.9,37.2,23.1
WIR6CMRGR,13.9,46,45.5,22
90SB0670-M0UAY0,2.42,,,
006R03550,1.84,,,
DK-1743-A-VH-5,33.5,53,53,
4X71B67860,0.04,17.7,5.9,1.7
QSFP40SR4ST,0.06,12,9,3
1240001,0.28,13.3,11.6,5.1
MLT-R304/SEE,1.54,22.1,39.9,14
C32C892010,0,23.5,9.2,21.5
106R03530,0.3,,,
106R03528,0.35,,,
106R03531,0.28,,,
DK-1623-VH-305,17.5,39.5,38,
DN-96321/3,3.66,51.5,31.5,
DN-96322/3,3.06,51.5,31.5,
DN-96332/3,3.5,51.5,32,
KA7178-AX,0.19,12.4,4.2,12.9
DN-96331/3,3.06,51.5,31.5,
TL-R1620Sep-RP,16,,,
TL-R1220SEP-RP,14,,,
2L-2801,8.8,,,
DK-1614-VH-305,12.3,45,44.5,
ADS1200ZU1,1.9,15.7,38,20
C32G1,9.1,24.2,80.7,55.1
G2470HSU-B1,4.8,14.6,61,41.3
9S6-3CB51T-008,6.4,18.3,76.5,47.3
LC24F396FHRXEN,4.7,39.4,61.8,15.5
14207-57,0.03,10,11,2.5
14202-09,0.07,18,15,2.5
4999-823-109,0.17,3.5,18,23
MHJE3ZM/A,,2.9,6.7,8
960-001372,0.15,14.5,7.7,3.75
920-009956,0.86,20.2,2.95,26.3
DTKN/32GB,0.01,5.6,10.16,11.43
960-001063,0.14,10.15,5.22,8.1
960-001065,0.2,13.6,8,13.6
960-001364,0.2,13.6,8,13.6
4XC0V13599,0.26,11,13.8,6.35
133-97,0.2,8,12,16
981-000100,0.17,14.5,5.8,16.1
981-000406,0.3,20,7.2,22.1
981-000475,0.25,20,5.4,22
981-000519,0.18,20.25,18.53,6.25
981-000271,0.18,20,5.4,22.3
981-000575,0.19,18,6,20
LU32J590UQRXEN,8.4,49.1,79.2,15.7
222V8LA/00,3.87,11.1,56.5,44
VG279QM,8.2,19,70,45.8
VE247H,7.12,,,
VP228HE,5.3,44,56.5,
VS247H-P,6.8,5.12,24.3,18.5
VE248Q,7.12,6.89,25.1,18.9
VE278Q,9.8,6.93,28.8,22
VS207T-P,3.99,1.77,18.4,11.3
VG259QM,7.48,8.7,26.1,16.3
VP248QGL,7.98,7.2,26.3,16.5
VP247QG,5.81,5.31,24.3,18
VA32UQ,9.71,9.13,32.5,23.7
VP248QG,7.98,7.2,26.3,16.5
MX279HS,7.98,21.1,27.6,4.49
VP278QGL,9.66,18.4,28.9,8.07
XG43VQ,18.01,14.6,45.4,18
XG27UQ,10.7,19.5,28.8,10.8
PG329Q,14.29,9.37,32,24.6
VZ-19CMP,3.3,,,
E2216HV,4.3,57.2,13.11,36.4
DELL-P2418HZME,8.26,,,
DELL-E1920H,3.92,57.99,21.21,39.6
E2218HN,4.85,22.1,13.9,5.16
DELL-P2018HE,6.13,51.11,16.79,35.2
DELL-P2418HTE,9.48,23.6,8.43,14.8
DELL-U2720Q,9.6,82.19,15.29,45.21
DELL-U2721DE,8.71,26.8,6.69,16.5
DELL-E2221HN,4.9,,,
DELL-P3221D,15.6,17.7,94,52.5
DELL-P3421W,14.88,,,
469-3133,5.85,,,
P2417H,7.62,24.7,6.77,15.7
U2417H,7.35,23.4,14.3,6.81
P2717H,9.75,27.4,16.9,6.5
468-8248,5.49,,,
U2717D,9.89,27.1,20.8,5.35
P2317H,7.35,23.9,6.61,15
P3418HW,14.61,,,
U2417HWI,7.67,,,
S2218H,4.99,,,
U2715H,10.48,28.8,9.84,19.3
469-4376,9.84,,,
P2419HC,7.26,,,
S2318H,5.44,,,
P2314H,7.35,,,
SE2416H,6.08,25.5,4.88,15.9
S2715H,8.75,,,
469-0051,6.26,,,
P4317Q,24.4,44.9,11,28.9
U2414H,7.98,25.9,9.57,16.5
S2419HM,6.67,23.9,6.97,18.7
E2311H,5.81,,,
U3417W,15.42,37.9,9.96,19.2
U2515H,9.8,,,
S2719HN,7.67,28.1,5.51,17.6
P2017H,6.12,,,
S2421HN,,61.9,13.49,39.5
DXS-1210-12SC,3.91,54.6,34.9,9.6
DXS-1210-16TC,4.53,54.6,34.9,9.6
DAP-2610,0.13,26.9,20.4,6.4
DAP-2020/E,0.6,27.4,20.8,6.8
DWC-2000,5.85,50.4,44.4,11
DNR-322L,1.23,27.4,20.8,11.8
4XB0W79580,0.12,14.4,17.7,5.3
ZP1000CV3A001,0.05,17.8,13.3,1.3
ZP500CV3A001,0.05,17.8,13.3,1.3
ZP250GM3A001,0.06,13.42,10.9,2.4
JW319A,1.35,10.4,12.4,3.94
JW825A,1.75,11.4,13.2,3.35
JY726A,18,6.26,8.82,3.07
JZ037A,1.65,11.4,13.3,3.46
JY862A,27.9,5.39,11.5,3.66
JW816A,1.75,11.4,13.2,3.35
24UD58-B,5.4,40.5,62.7,13.9
24MK400H-B,2.8,,,
27MK430H-B,4,,,
24MK430H-B,4.22,12.45,68.83,39.12
24GL600F,5,13.1,62.8,39.5
27UL850-W,8.98,49.28,69.09,20.83
27UL600,7.5,43.6,69.4,14.8
27UL600-W,7.48,43.68,69.34,14.73
27UL550-W,8.6,19.2,70.4,51.8
27GL650F-B,8.5,19.8,69.7,53
29WL500-B,7.2,41.3,82.2,15.9
32UL750,10.9,22.6,82.5,50.7
34WL500-B,10.6,23.5,94,49
27GN750-B,9.21,52.33,74.2,20.83
38WN95C-W,12.3,23.5,105.8,53.9
22MN430M,3.8,12.4,64,36.5
PH30N,0.51,12.9,12.9,3.9
43UN700-B,21.5,28.45,106.43,65.8
38GN950-B,13.4,25.5,105.8,55.1
32MN500M-B,9.21,14.99,81.28,51.56
BU50NST,11.5,44.1,58,27.3
HF60LSR.AEK,1.5,22,13.2,8.4
34GN850,11.5,24.5,97.9,52.1
35WN75C-B,12.2,21.2,100.1,53.1
35WN65C-B,12.2,21.2,100.1,53.1
PF50KS.AEK,1,17,17,4.9
27GN800-B,7.7,15.4,70.3,44.9
24GN600-B,5.2,12.9,60.1,38.4
BF50NST,11.5,44.2,58,27.2
32GN500-B,8.2,14.9,79.3,51.6
27GN600-B,7.48,44.96,70.36,15.39
32GN600-B,8.2,51.6,79.3,14.9
24QP550,8.1,18.5,61.4,49
27QN880-B,11.5,17.2,69,53.1
43US662H,10.1,15.2,106,66
OLED55CX5LB,28.6,20.7,134.5,81
OLED55A16LA.AEK,23.7,17.2,136,81
65UP75006LF.AEK,28.3,19,160,97
OLED65A16LA.AEK,31,17.2,160,97
OLED55C16LA.AEK,28.6,20.7,134.5,81
43UP75006LF,10.2,15.2,106,66
55UP75006LF,19.4,17.5,136,83.5
75UP81006LA,44.5,22.8,182,120.5
43UP81006LA,13.2,18.7,107.5,66
OLED55A16LA,23.7,17.2,136,81
49SM5KD,17.4,16.6,119.7,76
86UM3E,61.1,29.2,207.3,126
55VM5E,25.3,26.3,135.3,85.5
55VL7F,30.5,23.9,133.7,82.8
32LT661H,7.35,16.2,90.5,53
LC34J791WTRXXU,13.9,37,58.9,89.6
LC27RG50FQRXXU,7.12,20.6,44.8,64.6
LC32G75TQSRXXU,13.1,26.6,51.8,80.3
LC49G95TSSRXXU,22.6,48.1,126.5,36.6
LC49RG90SSRXXU,20.1,49.7,132.7,31.8
LC34H890WGRXXU,11.3,45.9,94.6,27
LC24F390FHRXXU,4.7,39.4,61.8,16.6
LC24RG50FQRXXU,4.9,39.1,61.2,17.2
LS32A600NWUXXU,9,51.1,80,17.1
LS24A600UCUXXU,6.4,41.6,61.6,17.6
LS27A600UUUXXU,8.4,17.1,68.6,45
LS32A700NWUXXU,8,48.7,84.2,13.3
LS27A700NWUXXU,7,42.8,73.8,12.6
LS34A650UXUXXU,9.7,47.1,89.5,21.6
LC27T550FDRXXU,7.03,19.8,44.6,63.8
LF24T450FQRXXU,5.5,38.5,60.4,14.7
LF32TU870VRXXU,10.6,54.4,81,19.2
LS34J550WQRXXU,9.5,43.9,89.7,16.5
LU32J590UQRXXU,8.36,15,52.2,79
LC32R500FHRXXU,8.6,22.9,55.7,84.3
LS24A310NHUXXU,4.2,39.7,62.7,12.8
LS32A600UUUXXU,9.2,51.1,80,17.1
EYV-00042,0.1,2.36,5.11,17.7
EYV-00050,0.1,2.36,5.11,17.7
TS-1685-D1531-32G-550W/96TB-EXOS,16,,,
TS-673-4G/24TB-RED,7.6,,,
TS-673-4G/6TB-RED,7.6,,,
TS-431XeU-8G/48TB-EXOS,5.78,,,
TS-451+-2G/8TB-RED,4.3,,,
TS-451+-2G/24TB-RED,4.3,,,
TS-431XEU-2G/56TB-IW,5.78,,,
TS-431XEU-2G/56TB-IWP,5.78,,,
TS-251D-2G/32TB-IW,2.58,,,
TS-251D-2G/4TB-IW,2.58,,,
TS-251D-4G/4TB-IW,2.58,,,
TS-251D-2G/2TB-IW,2.58,,,
TS-251D-4G/2TB-IW,2.58,,,
TS-251D-4G/32TB-IW,2.58,,,
TS-451+-2G/64TB-IW,4.3,,,
TS-1253DU-RP-4G/144TB-TOSH,14.1,,,
TS-1253DU-RP-4G/96TB-EXOS,14.1,,,
TS-453D-4G/16TB-RED,3.6,,,
TS-453D-4G/8TB-RED,3.6,,,
TS-453D-4G/8TB-IW,3.6,,,
TS-131K/2TB-RED,2.02,,,
TS-131K/4TB-RED,2.02,,,
TS-131K/6TB-RED,2.02,,,
TS-131K/2TB-IW,2.02,,,
TS-131K/6TB-IW,2.02,,,
TS-451DEU-2G/16TB-RED,5.79,,,
TS-451DEU-2G/32TB-IW,5.79,,,
TS-451DEU-2G/4TB-RED,5.79,,,
TS-451DEU-2G/16TB-IW,5.79,,,
TS-451DEU-2G/8TB-RED,5.79,,,
TS-451DEU-2G/8TB-IW,5.79,,,
TS-1232PXU-RP-4G,17.3,,,
TS-1886XU-RP-D1622-8G/72TB-GOLD,18.7,,,
TS-1886XU-RP-D1622-8G/144TB-TOSH,18.7,,,
TS-1886XU-RP-D1622-8G/96TB-EXOS,18.7,,,
TS-451DEU-2G/32TB-GOLD,5.79,,,
TS-451DEU-2G/32TB-EXOS,5.79,,,
TS-451DEU-2G/48TB-GOLD,5.79,,,
TS-451DEU-2G/24TB-EXOS,5.79,,,
TS-451DEU-2G/16TB-EXOS,5.79,,,
TS-451DEU-2G/40TB-GOLD,5.79,,,
TS-451DEU-2G/24TB-GOLD,5.79,,,
TS-451DEU-2G/64TB-IW PRO,5.79,,,
TS-451DEU-2G/48TB-EXOS,5.79,,,
TS-451DEU-2G/48TB-TOSH,5.79,,,
TS-451DEU-2G/56TB-EXOS,5.79,,,
TS-451DEU-2G/64TB-EXOS,5.79,,,
TS-1685-D1531-32G-550W/72TB-GOLD,16,,,
TS-431XEU-2G/12TB-IW,5.78,,,
TS-251D-2G/6TB-IW,2.58,,,
TS-251D-4G/6TB-IW,2.58,,,
TS-1253DU-RP-4G/72TB-GOLD,14.1,,,
QMIROPLUS-201W,2.15,,,
TS-1886XU-RP-D1602-4G,18.7,,,
TS-230/8TB-RED,2.01,,,
TS-673A-8G/24TB-N300,7.35,,,
TS-673A-8G/48TB-N300,7.35,,,
TS-673A-8G/36TB-N300,7.35,,,
TVS-472XT-i3-4G,7.01,,,
QVP-21A,2.92,,,
QVP-41A,7.01,,,
TS-251D-4G/28TB-IW,2.58,,,
TS-251D-2G/28TB-IW,2.58,,,
TS-873A-8G,8.41,,,
TS-673A-8G,7.35,,,
TVS-672X-I3-8G,8.07,,,
TVS-872X-I3-8G,9.19,,,
TS-673A-8G/18TB-RED,7.35,,,
TS-673A-8G/24TB-RED,7.35,,,
TS-673A-8G/18TB-IW,7.35,,,
TS-673A-8G/36TB-IW,7.35,,,
TS-673A-8G/12TB-RED,7.35,,,
TS-673A-8G/12TB-IW,7.35,,,
TS-673A-8G/36TB-RED,7.35,,,
TS-673A-8G/6TB-RED,7.35,,,
TS-673A-8G/48TB-IW,7.35,,,
TS-673A-8G/24TB-IW,7.35,,,
TS-473A-8G,6.04,,,
TS-832PX-4G/112TB-EXOS,8.61,,,
TS-832PX-4G/112TB-TOSH,8.61,,,
SRT48BP,37,74.9,59.4,24.4
5399-823-309,0.23,3.5,18,23
14207-63,0.86,45,54,40
TSB94501GL,0.67,29,14,49
TSB957GL,1.55,41,23,53.5
TSB913EU,1.27,35,23.29,47.5
TSB238EU,1.32,53,14,38
TSB900EU,1.27,39,17,54
TCG670GL,1.22,32.79,19.29,51.7
TSB912EU,1,16,36,47
CONNLOCKPK20,0.13,22,20,1
C734X24G,1.5,,,
50-119,0.2,14,4.1,9.3
50-159,0.2,14,4.1,9.3
50-219,0.2,14,4.1,9.3
7510-109,0.3,4.5,14.5,13.2
C13T37884010,0.21,19.2,14.4,7
C13T24284011,0.19,5.3,19.5,15
C13T33574510,0.24,32,19.5,3.5
C13T34764010,0.18,5.3,17,15
C13T27154510,0.16,32,19.5,2
C13T27154012,0.12,6.4,10.2,15
C13T29964012,0.14,4.6,17,15.5
C13T18164012,0.14,4.6,17,15.5
C13T24384011,0.22,5.3,19.5,15
C13T02G74010,0.18,19.3,7.3,14.2
C13T08074011,0,6.2,15,19.5
DELL-PN579X,0.06,5.7,17.2,1.8
RKWOODCAB12,34.7,75.3,75.3,4.6
J8177C10PKST,0.28,12,20.9,3.8
J4858C10PKST,0.22,18.1,12.7,3.5
J4859C10PKST,0.23,12.5,18.2,3.7
106R02603,0.34,,,
1102V23NL0,29.8,57.2,58.9,69.5
1102TS3NL0,21,51.7,54.9,45.5
1102TR3NL0,21,49.4,54.9,43.8
1102TV3NL1,36.5,56.3,70.2,57.4
SURT192RMXLBP2,220.4,,,
TSB939GL,1.77,31,18,47
2127-80-54,0.25,6.7,14.1,18.3
RKCONS17HD,16,76.5,61.5,18.5
1102RB3NL0,27,56.7,59.2,46
1102S13NL0,25,55.5,54.1,57.2
1102S33NL0,25,55.5,54.1,57.2
1102SH3NL0,25,55.5,54.1,57.2
1102RV3NL0,18,51.6,50,40
1102RX3NL0,18,51.6,50,40
1102RW3NL0,18,51.6,50,40
7810-109,1.53,4.5,36.6,28.7
2406-720-209,0.25,6.8,18.4,14
26599-999-989,0.78,10.35,18.85,25
2499-823-209,0.31,5.5,18.3,14.2
26599-889-988,0.78,10.35,18.85,25
26599-989-888,0.78,10.35,18.85,25
26599-989-999,0.78,10.35,18.85,25
6599-829-409,0.31,21,18.1,5.3
26599-999-988,0.78,10.35,18.85,25
26599-989-989,0.78,10.35,18.85,25
2409-820-204,0.25,6.8,18.4,14
26599-889-999,0.78,10.35,18.85,25
2499-823-309,0.31,5.5,18.3,14.2
26599-989-889,0.78,10.35,18.85,25
7899-823-109,0.65,5.7,23.2,21.5
26599-889-899,0.78,10.35,18.85,25
5099-610-189,0.22,20,4.7,15.7
935-15-509-201,0.47,6.8,14,18.4
6593-823-399,0.55,18.5,21.2,9.6
26599-989-998,0.78,10.35,18.85,25
7599-832-109,0.5,6.2,21,17.8
2409-720-209,0.25,6.8,18.4,14
26599-999-898,0.78,10.35,18.85,25
26599-999-998,0.78,10.35,18.85,25
7599-838-199,0.95,10.05,24,18.3
TN243CMYK,2.3,16.2,27.4,39.8
HLL8260CDW,25.4,53.3,61.7,52.1
49WL95C-W,19.9,29.8,133,49
DWR-932,0.24,13.8,10.5,4.6
DUB-H7/B,0.47,22.5,15,6.8
DIS-200G-12S,2.07,35.5,21.7,7.6
DWM-222,0.08,14.2,11.1,2.1
DUB-1312,0.12,13.8,13.8,3
DGS-1210-26,3.13,49.3,24.9,7.2
DIS-300G-8PSW,1.81,24.2,19.5,13.8
DIS-300G-12SW,1.53,24.2,19.5,11.8
DUB-E130,0.1,13.8,13.8,3
DES-1016D/E,1.82,37.6,28.2,7.8
PSM-12V-38-B,0.22,9,10.2,5.5
DMC-G01LC/E,0.36,13.4,10.1,9.5
DAP-1325/E,0.29,16.1,10.4,9.4
DES-1008D/E,0.31,15.8,10.4,9.4
DES-108/E,0.61,25,20.8,6.8
GO-SW-8G/E,0.28,15.8,10.4,9.4
GO-SW-8E/E,0.28,15.8,10.4,9.4
DES-1024D/E,1.9,37.6,28.2,7.8
DPE-302GE,0.29,21.7,10.9,5.9
DIS-100G-5W,0.5,17.8,14,8.3
DIS-S310LX,0.06,13.1,7.4,4.9
DAP-1620/E,0.3,16.1,10.4,9.4
24BK550Y-I,7.71,48.26,60.96,
62CFGAT1UK,7,15.9,69,42.1
62D0GAT1UK,9,18.6,73,46
62A8KAT1UK,4.87,12.4,63.3,40.5
62B0MAT2UK,8.4,42.2,61.8,16
62C6KAT1UK,4.68,35.2,58.7,14
61FCMAT6UK,7.86,41.8,64.4,18.7
62AEKAT2UK,5.42,41.5,62.4,12.4
62AFKAT2UK,6.42,12.6,71,45.5
62B6MAT3UK,5.7,14.5,63.8,39.7
62B1GAT2UK,9.75,69.4,48,16.3
62B8MAT3UK,5.7,14.5,63.8,39.7
62CCRAT3UK,15.5,22,93.7,47.5
62CBRAT6UK,12.8,18.7,73.2,51
1C4Z6AA#ABU,8.1,19.5,53.17,52.14
9VH72AT#ABU,7.7,21.1,56.5,35
1B065AA#ABB,1.54,1.52,32.14,21
1A7E4AA#ABU,5.65,21.16,49.73,45.49
189T0AA#ABU,8.89,20.7,53.94,49.49
7AX23AA#ABB,12.8,47.3,65,31.5
9VF99AA#ABU,8.4,22.3,61.1,39.2
1A7E5AA#ABU,6.04,21.16,53.82,46.43
7VH44AA#ABB,6.04,21.16,53.82,46.43
1C4Z7AA#ABU,9.1,20.5,61.23,53.04
DELL-P2222H,6.37,,,
DELL-P2422H,7.95,,,
DELL-U2422H,7.82,,,
DELL-U2422HWOS,7.82,,,
DELL-C2422HE,8.82,,,
DELL-U2722DE,10,,,
DELL-C2722DE,12.6,,,
DELL-U2422HE,8.3,,,
DELL-P2418HZM,8.25,62.99,17.2,43.31
DELL-E2422HN,5.5,,,
DELL-E2422HS,6.4,,,
DELL-E2722HS,7.53,,,
DELL-P3421WM,14.9,,,
DELL-U4021QW,21.6,,,
DELL-E2722H,6.87,,,
9H.LHFLA.FPE,7.1,,,
9H.LHWLA.TPE,7.4,,,
9H.LK4LA.TBE,7.4,82,50.5,16
9H.LG8LA.TPE,9.2,64,59,16.5
9H.LH7LA.TBE,13.3,,,
9H.LGVLA.TPE,10.2,,,
9H.LJALA.TPE,7.6,,,
9H.LHTLB.QBE,18.4,,,
LS24A400VEUXXU,7.6,40.6,61.4,19.6
LF22T450FQRXXU,4.7,35.8,55.3,14.6
LF27T450FQRXXU,6.2,42.8,69.3,14.7
LS24R650FDUXXU,6.7,38.5,60.5,21.5
LS32AM501NUXXU,7.9,48.7,84.2,13.3
LS27AG500NUXXU,8,46.7,68.4,17.3
LF24T450FZUXXU,5.5,38.5,60.4,14.7
LF27T450FZUXXU,6.2,42.8,69.3,14.7
LS27A600NWUXXU,8.1,45,68.6,17.1
LF24T450GYUXXU,6.8,41.9,61.1,15.3
LS24AM506NUXXU,4.5,38.7,68.1,13.9
VX2418-P-MHD,5.2,14.4,62.2,42
VP3481A,17.2,37,96.5,59
XG2405-2,8.4,18.2,69.9,40.2
VA3456-MHDJ,11.6,23,90,46
VX2718-P-MHD,6,14.5,69.5,46
VA2432-H,3.7,11.2,60,39.5
VA2432-MHD,3.7,11.2,60,39.5
VP2468A,,41.2,65,27
VX3276-MHD-3,0.82,10.9,80.6,50.9
VG2440V,8.7,21,60.9,40.5
VX3276-2K-MHD-2,8.2,10.9,80.6,50.9
VP2768A,10.1,22,74,46
VG2456,9.4,39.6,59.5,21
VG2740V,10.2,,,
XG320U,14.7,32.7,85,52.7
XG271QG,12,28,72.6,50.7
7EL94ET#ABU,7.08,23,39.9,49.9
15L03ES,,52,6.9,30.5
9CC71ET#ABU,,48.3,6.9,30.5
9CC70ET#ABU,,48.3,6.9,30.5
GE202,,25.8,37.9,8.4
NX.HWYEK.001,1.97,45.4,5.9,29.2
NX.HUVEK.001,1.88,39,7.7,23.8
9VZ09EA#ABU,,43.5,6.7,26
9VZ19EA#ABU,,43.5,6.7,26
9VZ08EA#ABU,,43.5,6.7,26
9VZ15EA#ABU,,43.5,6.7,26
34Q57EA,1.62,43.5,6.7,26
19M52EA,1.62,43.5,6.7,26
CX1100CNA-GJ0038,2.51,38.6,7.3,25
C425TA-H50021,2.62,29.5,47.7,6.4
CX5500FEA-E60001,3.5,45.5,7.3,29
CX1500CNA-BR0025,3.35,50.6,7.6,30.1
CX5400FMA-AI0111,3.5,45.5,7.3,29
CX5400FMA-AI0057,3.5,45.5,7.3,29
CX1700CKA-AU0021,0,7.5,53.3,31.9
CX1500CKA-EJ0014,3.35,7.6,50.6,30.1
CX1400CNA-BV0061,3.67,45.5,7.3,29
40AY0090UK,0.96,15.8,21,7.5
GS305E-100PES,0.6,23.7,15.3,6.1
RAX43-100EUS,1.49,37.3,25.4,11.6
RAX10-100EUS,1.14,27,20.3,11
GS1200-8-GB0101F,0.5,9,16.1,9.5
GS1200-5HPV2-GB0101F,0.95,13.2,21,7.8
WAH7601-EUZNV1F,0.27,9.5,15,6.5
LTE7490-M904-EU01V1F,2.52,40.2,28,10.8
SMT3000I,63.7,76.2,38.1,69.9
APCRBC142,7.01,22.4,16.8,20.3
DELL-P2719H,9.07,6.5,27,16.7
LC27R500FHUXEN,6.5,46,71,17.7
273V7QDAB/00,6.2,13.4,66.4,45.2
LC49G95TSSUXEN,22.6,48.1,126.5,36.6
62A2GAT2UK,13.3,52.8,84.5,19
WH67-UC,,20.6,25.6,12
WH67 TEAMS,,20.6,25.6,12
WH63TEAMS,,18.1,20.1,11.2
WH67TEAMS,,20.6,25.6,12
WH67UC,,20.6,25.6,12
WH63UC,,18.1,20.1,11.2
TS-453D-4G + 4X ST1000VN002,3.6,,,
TS-453D-4G + 4X HDWG480UZSVA,3.6,,,
TS-453D-4G + 4X ST6000VN001,3.6,,,
TS-453D-4G + 4X ST8000VN004,3.6,,,
TS-453D-4G + 4X HDWG460UZSVA,3.6,,,
TS-453D-4G + 4X ST2000VN004,3.6,,,
TS-453D-4G + 4X HDWG440UZSVA,3.6,,,
TVS-872XT-i7-16G,9.19,,,
TS-1264U-RP-4G,14.1,,,
TS-233,1.95,,,
TS-431XEU-8G/16TB-IW,5.78,,,
TS-431XEU-8G/24TB-IW,5.78,,,
TS-431XEU-8G/32TB-IW,5.78,,,
TS-431XEU-8G/56TB-TE,5.78,,,
TS-251+-2G/32TB-IW,2.32,,,
TS-251D-2G/8TB-IW,2.58,,,
TS-431XEU-2G/64TB-IW,5.78,,,
TS-231K/4TB-IW,2.49,,,
TS-231K/12TB-IW,2.49,,,
TS-431K/24TB-IW,3.47,,,
TS-431K/8TB-IW,3.47,,,
TS-251D-4G/12TB-N300,2.58,,,
TS-251D-2G/12TB-N300,2.58,,,
TS-1683XU-RP-E2124-16G/256TB-TOSH,21.8,,,
TS-h2483XU-RP-E2236-128G,28.6,,,
TS-1273AU-RP-8G/96TB-EXOS,14.6,,,
TS-1273AU-RP-8G/120TB-EXOS,14.6,,,
TS-1273AU-RP-8G/144TB-TOSH,14.6,,,
TS-1673AU-RP-16G/128TB-EXOS,17.1,,,
TS-1673AU-RP-16G/192TB-TOSH,17.1,,,
TS-832PX-4G,,,861,
TS-653D-8G/12TB-IW,4.56,,,
TS-653D-8G/36TB-IW,4.56,,,
TS-832PX-4G/128TB-TOSH,8.61,,,
TS-832PX-4G/64TB-EXOS,8.61,,,
TS-832PX-4G/96TB-TOSH,8.61,,,
TS-832PX-4G/48TB-TOSH,8.61,,,
TS-832PX-4G/80TB-EXOS,8.61,,,
TS-832PX-4G/96TB-EXOS,8.61,,,
TS-H3088XU-RP-W1250-32G,17.9,,,
QSW-M408S,1.56,,,
TS-832PX-4G/48TB-IW,8.61,,,
TS-832PX-4G/64TB-IW,8.61,,,
TS-832PX-4G/32TB-IW,8.61,,,
TS-673A-8G/72TB-IW,7.35,,,
TS-873A-8G/48TB-IW,8.41,,,
TVS-675-8G,7.67,,,
TS-873A-8G/144TB-TE,8.41,,,
TS-873AEU-RP-4G,10.9,,,
TS-H1886XU-RP-R2-D1622-32G,18.7,,,
TS-131K + 1X ST2000VN004,2.02,,,
TS-231K + 2X ST2000VN004,2.49,,,
TS-231K + 2X ST8000VN004,2.49,,,
100-505603,1.63,24.13,38.1,8.25
100-505607,0.68,24.13,29.21,7.3
BX80601W3565,0.81,18.6,9.9,16.9
BX80646I74770S,0.34,11.6,7,10.1
NPW-800,6.3,,,
AF60-HD,2.95,,,
6GW62E#B19,7.3,33.1,43.2,27.2
226Y0B#687,14.2,37.7,49.6,48.9
C11CJ60402,8.96,50,41,31
6S6S8EA#ABU,,,6.9,48.3
6T1A1EA-O/B,,,6.9,44.9
48R76EA#ABU,,48.3,6.9,30.5
W1A29A#B19-O/B,15.5,39.8,49.7,49
BE24EQSB-D/B,10.5,19.2,84.9,47.4
DELL-P2422H-O/B,7.95,,,
VG278QF,7.5,19.1,69.2,50.6
BE24EQSK,7.9,22,63.1,45
1C4Z5AA#ABU,7.6,41.5,62.5,14.2
47L71EA,8.16,47.8,59.3,24.3
5TW10AA-O/B,1.49,15.6,19.2,16.5
VA27EHE-D/B,6.14,14.6,68.4,47.1
20TT1-D/B,2.71,8.1,47.2,29.4
7ZU81A#B19-D/B,31.3,50,60,59.8
P00930-B21B,0.05,1.91,19.05,8.89
DELL-P2723QE,9.68,,,
48R76EA/SB,,48.3,6.9,30.5
DELL-WD19DCS-D/B,,31.5,30,6.2
LS24A400VEUXXU-D/B,7.6,40.6,61.4,19.6
294B1EA,6.97,20.5,39.4,49.9
9VF96AA-DU,8,22.3,58.1,37.2
NR5101-EUZNV2F,1.6,17,24.7,12
4J0G4AA#ABU,0.76,14.3,27.5,14.85
9VH72AA,7.7,20.07,48.87,48.06
1TJ76AA-D/B,9.72,40,62,27.3
USGFLEX500-EU0101F,2.83,24.5,35.1,15.2
VA229QSB-D/B,6.3,21,59,37.2
X413JA-EB249T,2.7,40,35,5
40B00135UK,1.2,19.5,27,8.5
4J0A2AA#ABU,0.76,14.3,27.5,14.85
SR3B9B,0.2,13.7,4.3,11.2
DELL-P2721Q-D/B,9.7,,,
61F1GAT2UK-O/B,13,52.8,84.5,19
9VG71AA,10.4,44.4,69.5,22.5
223R2B,7.55,21.8,47.4,40.8
226Y0B,14.2,37.7,49.6,48.9
GS1900-24E-GB0102F,2.05,22.3,32.5,7.1
CX5400FMA-AI0112,3.5,45.5,7.3,29
POE12-60W-GB0101F,1.12,14.2,16.8,4.7
G533ZW-LN148W,4.82,46.5,9,33.5
NR7101-GB01V1F,2.82,42,28,10.8
GS1900-24E-GB0103F,2.05,22.3,32.5,7.1
GS1900-24-GB0102F,2.85,21.7,56.1,8.2
NWA55AXE-GB0102F,0.89,18.8,22.1,5.9
GS1100-10HP-GB0102F,1.97,30.4,22.8,6.7
6599-833-309,,17.6,5.1,20.6
GS1915-24E-GB0101F,2.05,22.3,32.5,7.1
WSM20-GB0101F,1.72,28.1,23.8,15.1
NR7101-GBZNN1F,2.82,42,28,10.8
62A7KAT1UK,4.38,11.8,59.4,39
VA27DQ,6.8,,,
9VF96AA,8,20.7,52.16,48.98
9VJ40AA#ABU,9.12,42,60.5,22.4
MB166B,1.65,7.6,43.4,29
PA248CNV,8.5,17.7,73.5,44.2
9VF99AA,8.4,20.7,53.94,49.49
64L88EA#ABU,3.4,23.5,49.8,13.2
DELL-WD19DCS,,31.5,30,6.2
FX506HEB-HN145W,4.2,42.6,10.3,31.2
40B10135UK,1.23,19.5,27,8.5
40B20135UK,1.25,15.8,21,7.5
50H55AA,0.18,6.5,23.5,4.5
5TW10AA#ABU,1.49,15.6,19.2,16.5
6T159EA#ABU,,44.9,6.9,30.5
6T1A1EA#ABU,,44.9,6.9,30.5
40B50090UK,0.96,15.8,21,7.5
82RL002MUK,3.01,34,57.2,7.4
6S758EA#ABU,,48.3,6.9,30.5
6Q8C1ES#ABU,,48.3,6.9,30.5
G634JZ-N4003W,5.03,33.5,10.6,42
FX506HC-HN057W,4.2,42.6,10.3,31.2
26D32AA,1.49,15.6,19.2,16.5
TN245Y,0.8,10.5,38.8,15
1PV87A#B19,14.3,39.8,49.7,46.6
XGS4600-52F-ZZ0101F,6.6,35.5,61.6,10.7
MG-105-ZZ0101F,0.92,13.3,21.5,7.9
MG-108-ZZ0101F,1.12,13.2,25.6,7.8
NWA90AX-EU0102F,0.6,15.5,24,6
GS1915-8-GB0101F,1.1,22.7,30.2,6.4
LTE5398-M904-EU01V1F,1.6,17,24.7,12
WAX655E-EU0101F,2.92,28.4,42.7,11.1
USGFLEX700-EU0102F,4.8,16.3,51.9,39.2
XGN100F-ZZ0101F,0.15,13.7,17,3
XGN100C-ZZ0101F,0.18,13.7,17,3
USGFLEX100-EU0111F,1.4,10,28.4,19
ATP100-EU0112F,1.4,10,28.4,19
E410MA-EK007WS,2.37,42.9,6.5,27
SRCASE10U,9.53,57.4,55.88,53.85
U442-DOCK7D-B,0.64,11.99,38.51,3.99
B030-008-17-IP,19.1,83.01,67.79,14.73
DMCS3770L,17.3,103.63,48.51,7.87
DMCS3270XP,26.8,113.59,53.01,24.51
B021-000-19-HD2,18,83.18,59.18,15.49
SR42UBDPWD,183.2,126.36,84.46,215.9
SR18UB,56.7,86.36,60.96,104.14
SR4POST48HD,56.2,238.76,27.94,17.78
SRW26USDP,72.6,76.2,71.12,139.7
SRX42UBWDEXP,144.2,108.84,85,212.09
N845-02M-8L-MG,0.07,1.27,17.78,22.86
Archer C80,0.8,24,35,8.2
Archer AX23,0.89,24,33,7.3
Archer AX10,0.78,24,33,7.3
STKP12000400,1.34,7.7,21.2,21.8
M2W,3.12,28,29,16.8
OPTIX MAG342CQR,9.36,21,91,48.5
C31CG62214P1,5.64,38.2,29.7,29.4
5X7J8EA#ABU,2.95,13.2,49.8,23.5
90MB1CP0-M0EAY0,2.25,29.3,36.8,29
5F0K3EA#ABU,9.24,40,28.7,49.9
106R01510,0.48,34,9.5,9
VG34VQL1B,12.1,97.4,51,22
FLP-W1-PL2-MG,3.4,30.3,60,10
HLL2350DWZU1,8.3,28.3,43.8,51.9
W2013A,1.84,15.5,48.3,19.8
D9P29A,4.7,23.5,46.9,46.9
90MB1B80-M0EAY0,3.08,29.1,36.7,7.4
W2011X,1.84,15.5,48.3,19.8
STKK8000400,1.61,8,23.6,23.3
C315V_DNIUK,30.8,59.4,55.8,57
FLX-B1-PM1-MD,2.43,30.5,54.3,6.7
STKG2000400,0.14,14.7,10.45,3.25
01LW010,0.32,20,32.2,4
808452-002,0.48,16.3,32.9,3.9
VFM-DSB,4.82,25.7,47,8.8
X1702ZA-AU119W,3.67,51.5,6.5,30.5
9TT78AA#ABB,4.7,12.3,58.8,37.3
KMPD5,2.68,7.6,39.3,34.5
106R01434,0.66,46,7.5,7
DN-19 SRV-42U-8/12B,145,125,85,211
FLP-W4-TA1-MD,3.04,30.3,60,10
LH43BEAHLGKXXU,11.8,14.3,108.1,67
P2V68A,0.51,4.1,28.3,11.8
6U3H9EA#ABU,7.25,20.5,39.4,49.9
C9469A,1.09,12,32.4,6.4
VA27DCP,6.8,16.3,64.9,49.8
W2003X,1.84,15.5,48.3,19.8
PA147CDV,2.3,9.2,44,29
90YV0IJ0-M0NA00,2.13,8.7,42,22.6
90YE00P2-B0NA00,3.22,,,
257G4B#687,11,32.5,49.7,40.9
1C4Z5AT#ABU,7.6,19.5,53.17,52.14
TS-264-8G,2.68,,,
9553-415-111,,17.25,10.4,23.6
F9J81A,1.05,16.83,26.04,11.75
FLP-B4-TA2-MX,3.27,30.3,60,10
2775-429,,15.5,15.3,4.9
V513-004R,2.52,,,
CM1164A-AT-E,4.43,54,13.1,23.3
26699-989-989,,6.05,22.5,11.2
FLP-W4-PM2-MX,3.27,30.3,60,10
64M15EA#ABU,9.02,24.5,59.5,41.4
PE6216G-AX-G,6,141.5,18.7,17.9
9H.LHXLA.TBE,5.2,66,41,13
CF281A,2.47,19.3,39.1,30
Q7516A,2.7,19.4,49.7,33
M0J86AE,0.35,22,4.8,5.2
FLX-W1-A62-MX,2.66,30.5,54.3,6.7
AD12YDC-L-01-B-PVC,32,69,85,37
FLP-B1-PM2-MX,3.27,30.3,60,10
UH3237-AT,0.48,42,11.5,3.8
641U4AW#ABU,11.7,29,58,37.6
CB386A,3.9,16.8,60.3,32.7
55UR78006LK.AEK,18.9,16.2,136,81
CS1942DP-AT-E,3.36,54,11.6,23.3
C11CD67301EB,138,177.5,120,81
G513QY-HQ008W,5.13,46.5,9,33.5
DELL-E2723H,6.77,,,
PE1324G-AX,5.53,146.5,20.5,16.6
AB673817,,16.3,15.8,2.8
6A1N8EA#ABU,,44.9,6.9,30.5
W2121X,1.21,14.7,39.5,16.1
PG32UQX,17.3,28.4,86.3,61
C13T05H64010,0.2,16.2,5.2,14.2
PA248CRV,8.5,12.6,61,41.4
FLP-B1-PM1-MD,3.04,30.3,60,10
OL1000HV-AT-G,18.5,43.8,8.8,41
6B2D2EA#ABU,3.4,23.5,49.8,13.2
M28U,9.7,14.8,89,51
FLP-W1-GT4-MX,3.27,30.3,60,10
7ZU79A#B19,39.6,60,75,59.8
439Z3EA#ABU,,48.3,6.9,30.5
C9463A,0.11,14.3,2.8,13.2
5HB06A#B19,28,57.5,115.5,40.5
AD19-03-B-PVC,2.95,66,87,42
PE4104G-AT-G,1.49,28.3,10,17.3
5HB11A#B19,55.3,57.5,147,59
C11CJ60407,8.97,50,41,31
5F0G0EA#ABU,9.24,40,28.7,49.9
FLP-W1-PD4-MD,3.04,30.3,60,10
C13S041643,11.2,117.5,17.5,16.5
90YV0IB0-M0NA00,2.99,26.6,42.59,9.9
5V8L3EA#ABU,12.5,18.6,62.8,67.5
C11CJ28401,21.2,50,56,44.5
FLX-W4-PD4-MD,2.43,30.5,54.3,6.7
9559-450-111-1,,4.5,17.35,20.4
PE0324SG-AT,4.16,140.8,12.5,14.6
A61CH62101,1.27,23,23,16.5
90YV0I53-M0NA00,0.64,22,30.3,5.5
PE0118SG-AT-G,2.25,69.6,12.3,15
FLP-B1-PD5-MD,3.04,30.3,60,10
CF252XM,2.7,32.7,36.3,12.3
FLP-B4-SP6-MG,3.4,30.3,60,10
C11CJ71401CA,4.66,44.5,41.5,25
B5L36A,2.3,20,50,28.8
C11CE40301A3,214.5,204,83,150
C11CJ89402,9.27,43.5,40.5,41.5
CF226XD,2.7,20.4,36.2,22.7
DN-81312,0.01,26,26,
C31CJ57152,2.7,23.5,19.5,26
5051C005,0.28,9.4,9.4,11.7
5253C003,178,91.5,182,104.2
TMFYT,0.4,15.9,37.7,6.2
3062C003AA,69,91.3,115.2,70.5
XG32UQ,13.2,22.6,90,52.6
9VJ40AT#ABU,9.12,20.69,53.2,50.96
90MB1C70-M0EAY0,3.52,31.2,37,10.8
W1A78A#B19,26.2,49.7,59.7,49
AD12YDC-L-01-G-PVF,32,69,85,37
VM8584K2-AT,1.15,42.6,28.5,5.7
48R39EA#ABU,,48.3,6.9,30.5
65QNED816RE.AEK,33.6,20.3,160,97
CF363A,1.16,14.7,39.5,16.1
26D32AA#ABU,1.49,15.6,19.2,16.5
STNDMTV100,39.2,81,131,18
FLX-B1-PD5-MD,2.43,30.5,54.3,6.7
DN-95345,2.92,18.8,25.8,
FLP-W1-SG-MX,3.27,30.3,60,10
5Z7D8AA,,25.1,65.3,21
KA7183-AX,0.12,12.4,4.2,12.9
90LM0510-B04E70,8.7,20.9,68.2,44.8
FLP-B1-M3-MN,2.86,30.3,60,10
FLP-W1-TS2-MD,3.04,30.3,60,10
90MP01Y6-BKEA00,0.94,14.2,36.8,6.1
FLX-W4-PM1-MD,2.43,30.5,54.3,6.7
W2004A,0.97,12.4,48.3,16.8
50H55AA#ABB,0.18,6.5,23.5,4.5
SP-1900P,5.5,27.5,23.5,39.5
FLP-B1-AR1-MD,3.04,30.3,60,10
C13S050609,0,13.4,7.2,14.6
5578-230-310,0.14,9.3,14.1,4.3
FLX-W4-TA1-MD,2.43,30.5,54.3,6.7
E493782,8.07,19,69.2,45.2
5099-299-2159,,5,18.5,24.9
CS1708I-AT-E,3.83,54,11.6,23.3
C11CJ66404,6.08,44,41,23.5
XG309CM,11.2,22.6,94,41.2
CS1922M-AT-E,1.84,28.3,10,17.3
21Y56AA#ABU,16.7,23.49,80.94,51.8
90RC00F2-M0UAY2,2.71,23.2,46.4,13.8
5TW10ET,1.49,15.6,19.2,16.5
C13S050691,0,19,12,12
DCP1610WZU1,9,43.6,48.1,40.6
20797-999-999,,13.7,11.5,4.1
CF400XD,1.54,20.4,36.3,11.1
FLP-B4-PL2-MG,3.4,30.3,60,10
C31CE94115,1.96,24,19.5,23.5
X49C1,0.32,12.7,30.1,4.7
C12C811141,0,29.5,5.5,15.5
9H.LKRLB.QBE,9.7,,,
CS1782A-AT-E,2.12,32.5,9.8,21
TF4339MSC-B1AG,,20,107,70
C31CJ57112,2.7,23.5,19.5,26
HDMI-SPLITTER-44K60S,0.5,15,21.3,5.5
ADS4300NZU1,3.32,32,39.1,24.3
6S6R6EA#ABU,,44.9,6.9,30.5
CM992A,0.63,11.4,17.4,5.3
CS1844-AT-E,4.35,54,11.6,23.3
CF452A,1.47,16.3,37.8,19.2
VFM-W6X4,4.2,4,68,23.5
90LJ00E5-B00070,1.3,,,
P1B10A,25.2,74.5,79.4,61.5
CF380XD,1.8,21.8,38.5,12.5
W1Y45A,22.1,37.9,49.7,58.3
ADS4100ZU1,3.31,24.3,39.1,32
4B5Z5AA#ABU,1.4,140,,
C9466A,1.09,12,32.4,6.4
90IG05Q0-BM9100,1.7,31.7,36.5,9.9
5093-299-2159,,5,18.5,24.9
6N4D6E9#ABU,11.8,22.7,71.4,60.34
FLP-W4-PD3-MD,3.04,30.3,60,10
W2123A,1.16,14.7,39.5,16.1
FLX-W4-A62-MX,2.66,30.5,54.3,6.7
9VH72AT#ABB,7.7,20.07,48.87,48.06
20797-989-989,,20.8,11.5,4.1
CF362A,1.16,14.7,39.5,16.1
W2120X,1.27,14.7,39.5,16.1
22A56B#687,11,32.5,49.7,40.9
FLP-B4-SG-MX,3.27,30.3,60,10
64W18AA#ABU,5.49,18.05,53.89,39.78
CF226A,1,10.2,36.2,19.8
FLX-B1-PD3-MD,2.43,30.5,54.3,6.7
CE400A,1.74,16.4,39,20.6
FLP-B4-GT4-MX,3.04,30.3,60,10
FLX-W4-GT4-MX,2.66,30.5,54.3,6.7
C13S042137,9.6,159,11.5,11
CF373AM,2.4,30,36.5,11
4H293EA#ABU,1.58,48.3,6.9,30.5
90LM05M1-B01370,6.4,16.8,61,49.4
CE247A,3,19,48.3,27.6
C11CA92001A0,15.5,75,52,29.5
FLP-W1-TA1-MD,3.04,30.3,60,10
TN3390,1.33,,,
C12C811401,0,40.9,21.6,19.1
W1A56A#B19,10.5,27.4,44.3,46.4
AR8765,11.8,116.8,33,27.2
OL1500HV-AT-G,20.9,43.8,8.8,41
F9K17A,0.51,4.1,28.3,11.8
FLX-B4-PM1-MD,2.43,30.5,54.3,6.7
FLP-B4-PD3-MD,3.04,30.3,60,10
6Q8C2ES#ABU,,48.3,6.9,30.5
CS1708A-AT-E,3.85,54,11.6,23.3
FLX-W4-TS2-MD,2.43,30.5,54.3,6.7
DP.BKCWW.P02,,28.8,45.5,40
CF371AM,2.4,30,36.5,11
DELL-S2722DZ,9.46,81.99,13.99,44.7
PE0224SG-AT-G,2.81,117.7,14.5,16.6
90IG07Q0-MU9100,1,32.6,43.3,7.3
PE0316SG-AT,3.53,106.1,14.5,16.6
38237,0.91,18.3,27.7,6.8
C31CK03102MK,15,44,40,42.5
F9K01A,0.51,4.1,28.3,11.8
6GX01E#B19,12.4,37.9,49.7,40.9
FLX-B4-A62-MX,2.66,30.5,54.3,6.7
3869C003,145,98.4,159.3,116.8
6T1B3EA#ABU,,55.2,6.9,34.5
2H2N1B#629,8.66,25.4,57,46.4
P2V79A,0.51,4.1,28.3,11.8
PA348CGV,17,30,93,48.8
20X22AA,0.34,25.1,65.3,21
CS1788-AT-E,4.48,54,13.1,23.3
FLX-W4-SP6-MG,3.05,30.5,54.3,6.7
DELL-U3223QZ,16.1,,,
SHINE 800 PRO,1.85,49.2,17.5,21.7
W1B44A,3.12,36.35,51.75,22.54
FLP-B4-PM2-MX,3.27,30.3,60,10
952-000038,0.37,12.5,4.8,12.5
G3Q75A#B19,13.2,39.2,49,49
ER7SIDE4212,,103.5,12.8,119
6T1G4EA#ABU,,44.9,6.9,30.5
C2422HE,8.82,,,
DELL-E2724HS,7.73,,,
FLX-W1-PD6-MD,2.43,30.5,54.3,6.7
55UR91006LA.AEK,23.7,18.7,136,81
5HB10A#B19,56,57.5,147,59
TF2234MC-B7AGB,6.8,16,61,40.5
229W7B#629,10.4,29.8,50.6,40.8
PE6108G-ATA-G,4,49.9,11.6,32.4
AR8101BLK,3.42,36.8,59.7,3.8
FLX-B1-M4-MN,2.25,30.5,54.3,6.7
90MB1BA0-M0EAY0,2.55,27.3,33.8,68
CL5708IM-ATA-EE,16.7,71.8,66.8,13.5
P2418HZ,8.25,,,
9H.F84TK.DE1,87,25,216,134
CF287AS,1.35,10.2,36.2,22.7
90MB1BM0-M0EAY0,,26.5,28,71
G34WQC A,12.1,56.3,93.8,27.2
G513RM-HQ071W,5.13,46.5,9,33.5
T0B29A,0.4,5.21,22,4.8
FLP-B4-PD4-MD,3.04,30.3,60,10
6S708EA#ABU,,52,6.9,34.5
5F078EA#ABU,11.3,47.8,29.9,51.7
CE611-AT-E,1.18,28.3,10,17.3
FHA-TV-WALL-MOUNT,6.1,44,58.5,9.5
4ZB95A#B19,12.5,41.3,47.1,30.5
E989314,31.5,32.5,151.5,37
FLP-W4-AR2-MD,3.04,30.3,60,10
F9J79A,0.49,4.1,28.3,11.8
FLP-B4-AR1-MD,3.04,30.3,60,10
FLP-B4-M4-MN,2.86,30.3,60,10
FLP-B4-TE1-MD,3.04,30.3,60,10
C11CE42301A2,214,198,82,148
5093-299-2219,,5,18.5,24.9
SV162A,2.83,23.6,40.8,13.9
TF3239MSC-W1AG,17.2,90,18.7,59
86UQ801C0LB.AEK,58.1,22.8,211.5,121.5
F9A29D#B19,65.7,57.5,157.8,64.6
EMIH02,3.8,,,
FA507RM-HQ019W,4.18,42.6,10.3,31.2
FLP-W4-M4-MN,2.86,30.3,60,10
B6Y07A,1.09,12,32.4,6.4
4099-410-299,,5,18.5,24.9
587NR,3.3,49.1,9,33.4
6593-829-409,0.28,21,18.1,5.3
FLX-W1-PD5-MD,2.43,30.5,54.3,6.7
ST124HDMI2,2,21.4,41.1,9
FLP-W1-TE1-MD,3.04,30.3,60,10
F2A73A,20.9,70.2,72.7,46.1
C11CJ63405,7.75,44.5,41.5,27.5
CF361A,1.16,14.7,39.5,16.1
1C4Z7AT#ABU,9.1,20.5,61.23,53.04
TF5539UHSC-B1AG,46.5,24.5,140,93
E125897,5.8,18.2,62.2,46.6
Q2612AD,1.8,21,35.7,13.4
64W41AA#ABU,8.03,20.23,61.1,50.97
SBWD960AEU,0.64,22.86,20.32,6.6
4KW32ET,,49.9,39.9,23
27599-999-899,,7.5,19.9,23.8
G3Q47A#B19,9.2,27.8,43.8,46.6
4099-419-299,,5,18.5,24.9
F2A72A,8.86,28.4,49.7,46.6
F9J80A,0.49,4.1,28.3,11.8
818G6EA#ABU,,44.9,6.9,30.5
G27FC A-EK,8.9,24.8,70,48.1
CL5708N-ATA-EE,17,83.3,66.8,13.5
FLX-B4-PM2-MX,2.66,30.5,54.3,6.7
C13S042138,9.6,159,11.5,11
491C7AA#ABU,0.77,22.3,16.1,5.15
VM8584K1-AT,1.14,42.6,28.5,5.7
90MB1B90-M0EAY0,,7.7,34.3,27.1
TF4939UHSC-B1AG,36.7,24.5,128,83.5
CE271A,2.62,18.8,49.2,22.5
KA8280-AX-E,1.45,32.5,9.8,21
FLX-W4-PD5-MD,2.43,30.5,54.3,6.7
FLP-B1-PD3-MD,3.04,30.3,60,10
XXJT5,5.24,13.8,45.57,32.65
QE65Q60CAUXXU,28.3,16.4,161.2,95
818G7EA#ABU,,44.9,6.9,30.5
27599-999-989,,7.5,19.9,23.8
CE278AD,1.58,22.6,37.5,12.5
MFCL2710DWZU1,14.7,58,51.7,43.4
W2011A,1.84,15.5,48.3,19.8
CB380A,1.55,13,58.4,19.5
90MB1CQ0-M0EAY0,2.14,7,34,27.5
FLX-W1-AR2-MD,2.43,30.5,54.3,6.7
W1A80A#B19,26.8,49.7,59.7,49
C9733A,2.9,16,50,26.5
FX506HE-HN011W,3.29,42.6,10.3,31.2
G24F 2-UK,7.83,14.8,75.5,47
ACF502,12.5,99.1,74.9,15.2
5F0N7EA#ABU,5,38.4,10,30.8
LH7554UHS-B1AG,42,,,
U2422HE,8.3,,,
UM.KX2EE.F02,7.93,19.8,62,52.2
CF289A,1.12,10.2,36.2,19.8
FS-B1-PM2-MX,14.2,32,114,15
C31CH63512,5.04,41,39,24.5
L0R10A,0.26,3.5,21.5,4.7
55036454,0.18,10,10,4.5
1VD88A#B19,128,77,195.5,71
6PA56A4#ABU,12.9,21.56,61.36,52.59
SV096A,1.99,31.7,37.2,19.2
952-000010,2.6,26.6,24.3,11.5
90RC00D1-M0UAY0,1.78,19.9,30.9,13.8
P2V70A,0.51,4.1,28.3,11.8
C13S042133,15.2,161,17,17
CM3000DVA-HT0026,1.84,38.2,7.3,22.4
CZ993A#BHC,3.6,11.9,49.5,24.3
CF280XD,2.6,22.7,34.4,22.8
D7H14A,19.2,50.3,60,67.1
FLP-B1-A62-MX,3.27,30.3,60,10
6A7H7EA#ABU,7.25,20.5,39.4,49.9
GA402NV-N2030W,2.86,46.5,9,33.5
647V0EA#ABU,3.71,55.2,6.9,34.5
SRTGRK1,3.4,52.5,9.1,9.1
CM1284-AT-E,4.26,54,13.1,23.3
E392977,7.75,28.5,46.3,44.8
9H.LKJLB.QBE,12.7,,,
5578-230-110,0.14,9.3,14.1,4.3
FLP-B4-PM1-MD,3.04,30.3,60,10
6Q947ES#ABU,,48.3,6.9,30.5
B6Y10A,1.09,12,32.4,6.4
9GC16AA,0.98,41.9,7.62,18.74
PE0116SG-AT-G,2.29,81,20.7,16.6
4H2A4EA#ABU,1.71,48.3,6.9,30.5
L0R09A,0.27,3.5,21.5,4.7
CF440AM,2.7,32.7,38.5,12.5
CN632A,0.5,4.1,28.3,11.8
7KW56A#B19,19.5,39.8,49.7,46.6
C3875A,4.21,,,
DR3200,1.14,,,
FLX-B4-M3-MN,2.25,30.5,54.3,6.7
F9A30D#B19,80.7,57,157.8,64.5
VM8604-AT,0.97,42.6,28.5,5.7
7ZU85A#B19,44.7,60,75.5,65
FX506HF-HN001W,4.2,42.6,10.3,31.2
DELL-P2723DE,9.78,,,
C13S042105,3.61,67,50,2
FLX-B1-AR2-MD,2.43,30.5,54.3,6.7
W1A53A#B19,10.5,27.4,44.3,46.4
W2012A,1.84,15.5,48.3,19.8
90YE00L2-B0NA00,4.07,24,37.8,13
609945-001,0.04,16.6,16,7.4
90MB1CV0-M0EAY0,1.58,27.3,33.8,6.8
7KW64A,17.4,29.8,49.8,51
90LM05L1-B03370,10.8,21.6,73.5,46.4
FLX-B1-AR1-MD,2.43,30.5,54.3,6.7
C11CE40301A1,199,204,83,109
3G652E#B19,9.8,27.8,43.8,46.6
XUB2492HSU-W5,6.7,16.2,62,41.5
VG249Q1A,5.6,16.4,60,45.5
W2032X,0.9,10.9,36.3,12.3
QE50Q60CAUXXU,15.9,13.1,124.6,76.1
Q3985A,5,30.8,66.1,32.4
100-99180000-60,0.16,13.2,4,11.2
1FH51AT#ABB,11.2,21.4,61,38.4
90MB1B20-M0EAYC,,18.2,22.6,6
CE770-AT-E,1.85,32.5,9.8,21
B-ELPLP96,0.07,16,14.5,13.5
6B8Y1AA,0.93,13.5,29,43.2
UC3022-AT-E,1.64,26.5,9.5,22
EMIB08,5.88,,,
W2122A,1.16,14.7,39.5,16.1
90RC00J2-M0UAY0,2.52,24,30.6,13
B11B249401PU,0,39.5,24,24.5
43UQ75006LF.AEK,10.2,15.2,106,66
CE516A,5,49.6,59.6,23.4
PA32DC,19.9,29.8,87.8,61.6
CF410XD,1.9,24.2,36.3,12.3
90MB1DZ0-M0EAY0,1.18,26.6,33.1,7.6
90YV0IZ1-M0NA00,1.73,22.6,42,8.7
PA247CV,8.3,45,63.2,21.6
90YH02W5-B2UA00,1.03,11.4,20.8,24
8PE64AA,0.09,15.8,2.5,23.3
FLX-B4-TA4-MX,2.66,30.5,54.3,6.7
FPWARTS1,14.2,74,54.6,9.5
M0H91A,0.68,20.1,26.4,11.6
B11B240401BU,30,78,61.5,53
KD55X85KU,24,16,134.8,84.2
EA1540,1.25,11,8.5,4.5
CS1824-AT-E,2.54,32.5,9.8,21
FLP-B4-TA4-MX,3.27,30.3,60,10
90MB1CN0-M0EAY0,,29.3,36.8,29
C11CG68401PX,138.5,80,70,220
C31CJ57132,2.22,23.5,19.5,26
P2V78A,0.51,4.1,28.3,11.8
CF031A,1.84,16.4,39,21.4
CE505X?KITOF3,1.3,11.3,34,22.5
XG7QBK,2.7,14.5,32,14.3
6F235EA#ABU,,44.9,6.9,30.5
FLP-B1-TA1-MD,3.04,30.3,60,10
SU559A,1.95,27.6,42.3,15
90YV0GB7-M0NA00,0.9,22,30.3,5.5
CD8069504394701,,11.6,4.4,10.1
CE341A,2.72,18.8,49.2,22.5
V11H956640,13.3,59,53.2,34.4
QE55QN95BATXXU,33.2,17.9,142.7,84.3
PHD20-2261-01,0.25,8.6,17,4
PG48UQ,20,18,123,88
C11CE42301A0,192.4,205,81.5,108
FLX-W1-M3-MN,2.25,30.5,54.3,6.7
CS1924-AT-E,2.54,32.5,9.8,21
FLP-W4-SP6-MG,3.4,30.3,60,10
DCPJ1140DWZU1,8.6,22.8,47.7,45.7
F9J77A,0.49,4.1,28.3,11.8
FLX-B1-TE1-MD,2.43,30.5,54.3,6.7
61U3100000AC,0.62,13.8,13.8,14.9
VM8514-AT,1.02,42.6,28.5,5.7
7899-829-209,0.65,5.7,23.2,21.5
DN-81623,0.15,26,26,
CE250XD,3.5,32.6,39.4,21.1
981-000883,0.64,21.4,10.5,21
HW-Q600B-XU,12,25.5,108.6,46
Q5951A,2.2,14.8,40,26.8
EWS377-FIT,1.07,24.5,24.5,8.5
48S01EA#ABU,,48.3,6.9,30.5
4D22M,0.56,40,32,6
90YV0IZ2-M0NA00,1.73,8.85,40.5,23.3
6599-833-399,,18.5,9.6,21.2
VA27ECPSN,8.52,17,68,47.5
W1470X,2.71,18,38,28.7
CS1716I-AT-E,3.98,54,11.6,23.3
C31CJ57131,2.25,23.5,19.5,26
90MB1CK0-M0EAY0,1.58,27.3,33.8,6.8
KE6922R-AX,1.75,41.4,20.7,11.7
US3310-AT,0.63,15.5,5.5,22.3
UE65CU8000KXXU,28.4,16.4,161.2,95
90MB1BV0-M0EAY0,1.9,6.8,33.8,27.3
GE289,1.2,24,32,7
TC3-AMP,1.1,,,
SRW6UDP,20,76.2,68.58,50.8
CL6708MW-ATA-EE,16.5,82.5,66,13.5
FLX-W4-M4-MN,2.25,30.5,54.3,6.7
27599-989-999,,7.5,19.9,23.8
CS1744,,10.16,34.29,20.96
SU382A,3.77,27.3,36.1,19.3
90SB0A70-M0UAY0,1.1,,,
B11B204231BY,34.6,88,75,55
FLX-B1-TA2-MX,2.66,30.5,54.3,6.7
VK330-AT,0.81,33,25,5.7
US3342-AT,0.55,15.5,5.5,22.3
FLP-B4-PD5-MD,3.04,30.3,60,10
PE0218SG-AT-G,2.02,69.6,12.3,15
CF473X,1.62,16.3,37.8,19.2
FLP-B4-AR2-MD,3.04,30.3,60,10
TP1401KA-EC081WS,3.4,45.2,7.3,27.2
DN-81625,0.17,26,26,
ECW336,1.13,24.5,24.5,8.5
UE43CU7100KXXU,11.8,14.3,108.1,67
W2000X,2,15.5,48.3,19.8
C4820A,0.17,3.6,11.4,26.4
20797-989-899,,13.7,11.5,4.1
C31CJ57111,2.7,23.5,19.5,26
W2003A,1.14,15.5,48.3,19.8
PE7108G-ATA-G,,49.9,11.6,32.4
SU945A,1.51,20.1,35,15.9
FLP-W4-TA4-MX,3.27,30.3,60,10
FLP-B4-M3-MN,2.86,30.3,60,10
UE55CU8000KXXU,22,14.8,139.9,84.6
WBEXTWAR1YR-SP-04,0.11,,31.5,24.1
5093-299-2119,,5,18.5,24.9
CS1734B-AT-E,2.09,28.3,10,17.3
SB-1900P,,15.5,105.5,10.5
CE018A,0.11,14.3,2.8,13.2
S0946420,11.5,48.5,39.5,35
9VH72AT,7.7,20.07,48.87,48.06
C1Q10A,0.45,29.8,14.9,9.3
4JXDM,,29,30,6.2
SMC1500I-2U,31.9,60.3,59.4,25.1
HLL5050DNU1,13,45,48.5,37.7
FLX-W1-SG-MX,2.66,30.5,54.3,6.7
9H.LKNLB.QBE,8.7,,,
C2H57A,5.2,24.5,59,33.2
DN-19 22U-6/8-1,65.2,85,65,
X670 GAMING X AX,2.47,27,33.5,8
FLX-B4-M4-MN,2.25,30.5,54.3,6.7
90MP02Y0-BMUA10,0.27,16,11,7.5
CL5800N-ATA-EE,18.2,83.3,66.8,13.5
T3V27A,11.3,66,75.3,25.6
DELL-P3223DE,15.3,,,
HLL9470CDNZU1,34.7,55.7,62.82,63.35
2Z606F#B19,10.5,27.4,44.3,46.4
AP8481,10.5,,,
90YV0ID0-M0NA00,3.65,22.6,42,12.6
DN-19 42U-6/10-1,120,105,65,
FLP-B4-TS2-MD,3.04,30.3,60,10
5X7H6EA#ABU,2.95,13.2,49.8,23.5
C31CH76102MK,27.6,70.5,52,49.5
27599-989-899,,7.5,19.9,23.8
T8W15A#B19,97,76.6,144,71.8
OL2000HV-AT-G,25.9,43.8,8.8,51
14207-58,0.1,15.5,15.5,5.5
AR3814,95,,,
DN-19 09U-6/6-I-OD,41,65,65,
6B8Y2AA,0.91,8.5,30,41
DELL-C2723H,10,15.49,81.99,45.49
5775C005,0.58,12.2,12.2,18.3
HW-S800B-XU,11,29.4,123.2,37.1
KE6912T-AX,1.97,41.4,20.7,11.7
VFM-W8X4V/2,2.5,7.5,45,8.7
Q5950A,2.2,14.8,40,26.8
DA-70876,0.39,18,18.5,
FLP-W4-PD4-MD,3.04,30.3,60,10
KE6910R-AX-E,2.12,41.4,20.7,11.7
FLX-B1-M3-MN,2.25,30.5,54.3,6.7
P2V85A,0.51,4.1,28.3,11.8
5Y4A2EA#ABU,,44.9,6.9,30.5
FLP-W4-PL2-MG,3.4,30.3,60,10
FLP-B1-GT4-MX,3.27,30.3,60,10
1PV64A#B19,28.6,59.2,73.5,61.3
CB540AD,1.6,20,36.5,11
6B2R8EA#ABU,6,49.8,19.6,34.6
C9731A,2.9,16,50,26.5
PE8216G-AX-G,6.22,141.5,18.7,17.9
KE6912R-AX,1.73,41.4,20.7,11.7
DN-31124,159.3,105,85,210.3
64X69AA#ABU,7.64,19.03,61.1,43.84
FLX-B4-SP6-MG,3.05,30.5,54.3,6.7
G1W45A,42.4,67.6,74.5,71.7
FLP-B1-PD6-MD,3.04,30.3,60,10
VS482B-AT-E,2.84,54,11.6,23.3
C13S041784,4,31,22,8.5
E658992,10.8,26,61.7,47.7
90YV0II0-M0NA00,2.59,22.6,42,8.7
W2001A,1.14,15.5,48.3,19.8
HW-Q800B-XU,18,27.2,118.2,57.6
90LM02J0-B01370,9.5,28,73.5,41.5
E482347,7.75,28.5,46.3,44.8
5Y3P9EA#ABU,,44.9,6.9,30.5
GZ301ZE-LC218W,6.13,56.8,36.6,18.6
CF287XD,3.76,24.4,37.3,28.1
FLP-W1-PM2-MX,3.27,30.3,60,10
FLX-W4-AR2-MD,2.43,30.5,54.3,6.7
DN-95640,10,19.5,214,14.5
6A1U9EA#ABU,,48.3,6.9,30.5
AR3200,168.3,,,
PA32UCG-K,19.8,38.6,92.3,52.5
FLP-W4-GT4-MX,3.27,30.3,60,10
DCPJ1050DWZU1,8.6,22.8,47.7,45.7
26699-999-989,,6.05,22.5,11.2
W1A79A#B19,26.7,49.7,59.7,49
9GC15AA,1.4,7.62,41.91,18.75
CH647A,0.11,14.3,2.8,13.2
90MP0346-BKEA01,0.94,14.3,36.8,6
C31CJ27111A0,2.2,23.5,19.3,23.3
1B9T0AA#ABB,9.4,20.5,61.23,53.04
C9467A,1.09,12,32.4,6.4
Q7551XD,4.6,33.1,39.2,32.9
FLP-W1-M4-MN,2.86,30.3,60,10
SS728A,1.55,12.4,61.7,12.8
NX.AU2EK.006,2.46,45.7,6.5,28.8
W2002A,1.14,15.5,48.3,19.8
5V8C5EA#ABU,7.92,49.9,39.9,22.8
C9732A,2.9,16,50,26.5
40AAA0E0-A7H,93,73,90,125
W1490X,1.35,10.2,36.2,22.7
UE85CU7100KXXU,56.5,26,209,124.7
5249C003,69,91.3,115.2,70.5
6B268EA#ABU,3.4,23.5,49.8,13.2
C11CH71401,24.6,58.5,55.8,44
UE43CU8000KXXU,11.6,12.6,109.3,66.7
GPM03,0.57,19.3,44.5,5.6
2775-109,,15.5,15.3,4.9
C9461A,0.11,14.3,2.8,13.2
SV043A,1.46,19.2,37.2,19.4
6B1Z3EA#ABU,8.5,27.7,64.1,52.5
QE65Q80BATXXU,36.7,21.4,162.1,96.5
W2121A,1.16,14.7,39.5,16.1
S37-21000A1-V33,,24.5,27.5,13.5
DN-95643,10,19.5,214,14.5
3WT89A,3,24.7,59.5,69.3
90MB1BY0-M0EAY0,1.36,27.3,33.8,6.8
SRV36BP-9A,20.8,52.5,23.5,35.5
UE65CU7100KXXU,28.6,18.4,160.6,96.3
T8W16A#B19,123,76.6,195,71.8
5H0L7EA#ABU,,133,,
P2V71A,0.51,4.1,28.3,11.8
6T198EA#ABU,,44.9,6.9,30.5
FLX-W1-M4-MN,2.25,30.5,54.3,6.7
ST121HD20FXA2,1,30,20,6
CD8069504344600,,13.7,4.3,11.2
26699-989-999,,4.55,22.5,11.2
5777C008AA,13.2,58.8,48.89,31.37
FLX-W1-TE1-MD,2.43,30.5,54.3,6.7
6B2R9EA#ABU,8,40,28.7,49.9
5093-610-279,,5,18.5,24.9
90YV0IZ3-M0NA00,1.73,8.85,40.5,23.3
E659195,12.9,68,52.6,31.8
FLX-B1-PM2-MX,2.66,30.5,54.3,6.7
FLP-W4-AR1-MD,3.04,30.3,60,10
1C4Z7AAR,9.1,42.3,69.8,16.3
PDUH32HV19,3.21,28.58,51.44,7.62
ST-SESC1-WW,0.45,,,
C13S042083,10.6,17,17,119.8
FLP-B1-SP6-MG,3.4,30.3,60,10
AP6009A,8,,,
OL3000HV-AT-G,34.8,43.8,8.8,63
C11CA92001A2,15.5,75,52,29.5
QE75QN95BATXXU,54.5,19.6,187.2,114.4
W2000A,1.64,15.5,48.3,19.8
DN-81622,0.14,26,26,
CE342A,2.72,18.8,49.2,22.5
P2422H,7.95,,,
38355,1.89,27.4,28.5,10
DELL-E2423HN,5.29,,,
E721949,3.28,,,
W1Y44A,22,37.9,49.7,58.3
FLX-B4-PD6-MD,2.43,30.5,54.3,6.7
CE020A,0.11,14.3,2.8,13.2
E510459,7.1,41.8,63,13.6
90YV0IC3-M0NA00,3.56,22.6,42,12.6
6GW62F#B19,7.3,33.1,43.2,27.2
6S6S9EA#ABU,,48.3,6.9,30.5
CFX97,0.3,,,
F9K15A,0.51,4.1,28.3,11.8
CF411X,0.9,10.9,36.3,12.3
4099-413-279,,5,18.5,24.9
14401-16,0.08,18,20,3.5
C11CF40402A1,12.2,73.5,45.1,29.5
4093-419-299,,5,18.5,24.9
CE410XD,1.8,21.8,38.5,12.5
P2V82A,0.51,4.1,28.3,11.8
5093-610-189,0.2,20,4.7,15.7
C11CF38402A1,12.2,73.5,45.5,30
27599-999-898,,7.5,19.9,23.8
FLX-B1-PD6-MD,2.43,30.5,54.3,6.7
SP-900P,5.5,27.5,23.5,39.5
VP349CGL,12.4,22.4,98,49.8
CF472X,1.62,16.3,37.8,19.2
3058C003AA,105,91.3,146.2,96.1
C9462A,0.11,14.3,2.8,13.2
A5200WFAK-BA109T,8.2,19.7,54.4,50.1
M100-10N-BK-10,0.12,13.34,7.11,3.18
710-179S-001,0.3,11.5,23,6
21Y56AT#ABU,16.7,23.49,80.94,51.8
P1B93A,6,49.7,59.7,20.3
ADS4900WZU1,4.2,28.8,39.3,33.4
WBEXTWAR3YR-SP-04,0.11,,31.8,24.1
CS1924M-AT-E,2.56,32.5,9.8,21
25089-899-999,,17,5,20.2
L0R11A,0.28,3.5,21.5,4.7
C13S042152,11.2,117.6,17,17.6
9H.LH7LA.TPE,13.3,,,
WBEXTWAR3YR-SP-08,0.11,,31.8,24.1
C11CG93402,9.29,44,41,42
DN-19 SRV-26U-1,71,105,65,
J8J92A,29.6,74.5,79.4,61.5
32LQ630B6LA.AEK,5.9,14.2,81.2,51
SV150A,1.53,22.1,39.9,14
T0B28A,0.35,5.21,22,4.8
SRW12USDP,41.7,78.74,76.2,76.2
0YPTC,2.14,7.6,37.3,34.7
L0H25A,3,23.8,49.8,23.9
C8543X,5.64,39.6,59.5,19.8
BX806956226R,,13.7,4.3,11.2
ER6202,106,65,105,212
5099-299-2259,,5,18.5,24.9
CN630A,0.5,4.1,28.3,11.8
90LJ00J3-B01070,1.05,13.5,21,10.05
7ZU78A#B19,31.3,50,60,59.8
FLX-W4-M3-MN,2.25,30.5,54.3,6.7
C11CJ04401CA,19.9,58.5,56,44
VG249QM1A,5.9,15.2,60.5,41.6
GU603VI-N4015W,2.36,48.6,9.5,27.7
40Z29E9#ABU,12,21.6,61.28,55.1
2Z605E#B19,10.5,27.4,44.3,46.4
CS1762A-AT-E,1.63,28.3,10,17.3
C31CK03102BK,15,44,40,42.5
F9K05A,0.51,4.1,28.3,11.8
QE32LS03CBUXXU,7.8,11.9,81.5,50.7
7510-309,0.3,4.5,14.5,13.2
CS1784A-AT-E,2.56,32.5,9.8,21
CC530AD,1.8,51.8,38.5,12.5
CF289X,1.35,10.2,36.2,22.7
6GX00E#B19,12.4,37.9,49.7,40.9
6GW99E#B19,9.6,29.8,49.7,38.8
FLX-B4-PD3-MD,2.43,30.5,54.3,6.7
CF214X,2.7,19.5,49.7,33
6N6F2E9#ABU,11,22.7,61.4,54.7
J8J90A,9,30.9,60.1,62
C13S041785,4.68,49,33.5,3.5
SRW12U13G,17.2,70,65.02,40
C1Q20A,0.11,14.3,2.8,13.2
FLP-W1-TA2-MX,3.27,30.3,60,10
MFCL9670CDNZU1,43.1,66.37,58,73.4
PE8324G3-AX,9.38,186.5,22.9,17.9
W2001X,1.84,15.5,48.3,19.8
AD5-03-B-PV,25.5,32.4,69.3,94
G1MN8,2.68,7.6,39.3,34.5
C13T05H64020,0.2,16.2,5.2,14.2
5093-610-299,,5,18.5,24.9
CF310A,1.55,13,58.4,19.5
HEX11WPB-TX,2.1,,,
90YV0IC0-M0NA00,3.5,12.6,42,22.6
CM996A,0.63,11.4,17.4,5.3
5P6P8EA#ABU,,44.9,6.9,30.5
6S6R7EA#ABU,,44.9,6.9,30.5
CS1794-AT-E,2,32.5,9.8,21
CE019A,0.11,14.3,2.8,13.2
DELL-E2424HS,5.96,,,
ER6202FP1,120,210,97,44
2309-825-109,0.17,7,14.5,19
XUB2792QSU-W5,8.4,,,
FLP-W4-TA2-MX,3.27,30.3,60,10
90IG05F0-MU2A00,1.7,26.6,39,11.3
CF253XM,2.25,28.8,36.3,11.1
32LQ631C,5.9,14.2,81.2,51
141H5AA,0.09,15.9,2.53,23.5
B11B205331PU,0.01,58.6,31.6,49.6
FLX-W1-TA1-MD,2.43,30.5,54.3,6.7
P2V80A,0.51,4.1,28.3,11.8
RPW4P,5.45,39.4,48.7,26.4
27599-999-999,,7.5,19.9,23.8
CB1400CKA-EK0039,,7.3,45.5,29
CL5716IM-ATA-EE,17,71.8,66.8,13.5
FLX-B4-PL2-MG,3.05,30.5,54.3,6.7
CE506A,3.5,20,50,30
C13S050166,0,35,17,12
EBAB03,2.5,,,
CF359A,3.9,16.8,60.3,32.7
90YH037M-B2UA00,1.03,11.3,21.5,25.6
B6Y12A,1.09,12,32.4,6.4
9559-410-111-1,,4.5,17.35,20.4
5251C003,59,91.3,146.2,70.9
27599-989-989,,7.5,19.9,23.8
SRW6UG,15.9,50.55,65.53,43.94
BE27ACSBK,11.2,22.8,71.3,50.2
AR3103,81,116,75,79.5
ECW130,1.02,24.9,25.3,10.7
FLP-W1-M3-MN,2.86,30.3,60,10
6KY97AA,33,73,96,42
C11CJ63406,8.06,46,41.5,27.5
U0SL1AM,2.4,30,36.5,11
DA-70875,0.33,17,14,
229W9B#687,10.4,29.8,50.6,40.8
B11B204331BU,34.8,87.5,75,53.4
UC CAM120ULB-1,2.3,16.9,53.8,16
KA8270-AX-E,1.47,32.5,9.8,21
6593-839-409,,17.6,5.1,20.6
VG27AQA1A,6.75,47.5,68.9,16
2Y2J8EA#ABU,,48.3,6.9,30.5
CE343A,2.72,18.8,49.2,22.5
B6Y09A,1.09,12,32.4,6.4
C1Q12A,0.49,4.1,28.3,11.8
CM993A,0.63,11.4,17.4,5.3
4M749EA#ABU,11.3,18.6,62.8,63.5
DN-45003,19,44,60,33
6N6E6E9#ABU,8.37,21.1,53.94,50.7
GE337,2.07,27.7,37.9,8.5
9559-475-111,,17.25,10.4,23.6
FLX-W1-PL2-MG,3.05,30.5,54.3,6.7
C11CJ61402,8.87,50.5,41,31
9555-450-111,,6.3,17.35,20.3
W2033X,0.9,10.9,36.3,12.3
F9K16A,0.51,4.1,28.3,11.8
CE285AD,1.66,22.6,37.5,12.5
FLP-B4-PD6-MD,3.04,30.3,60,10
6B2S0EA#ABU,6,49.8,19.6,34.6
5668C005,0.44,12.2,18.3,12.2
4093-413-279,,5,18.5,24.9
E210MA-GJ325WS,2.08,42.3,6.5,24.5
C31CJ57111A0,2.7,23.5,19.5,26
KD75X85KU,44,110.7,181,187
981-001083,0.66,24.4,6.8,23.2
P2V73A,0.51,4.1,28.3,11.8
P2V69A,0.51,4.1,28.3,11.8
CE390XD,6.8,39,40,33.2
QE85Q60CAUXXU,55.3,22,207.5,123.7
C13S902006,,12.3,3.5,6.6
CF451A,1.47,16.3,37.8,19.2
CF210XD,1.6,20,36.5,11
FLP-B1-TS3-MD,3.04,30.3,60,10
FLP-B4-TA1-MD,3.04,30.3,60,10
S0841480,4.4,27.5,19.4,34.5
26699-999-889,,6.05,22.5,11.2
FLP-W4-TS3-MD,3.04,30.3,60,10
FLX-W1-TS3-MD,2.43,30.5,54.3,6.7
CF341A,1.5,24.9,36.3,8.6
CF311A,1.55,13,58.4,19.5
P2V87A,0.51,4.1,28.3,11.8
UE50CU7100KXXU,16,15,126.4,78
B5L34A,5.8,24.7,58.5,57.5
PE6208G-ATA-G,,49.9,11.6,32.4
40Z32E9#ABU,10.3,21.6,53.94,53.07
9H.F6LTC.RA8,43.7,,,
UC3021-AT,0.28,19.3,14,6.2
6599-833-499,,18.5,9.6,21.2
XUB2792HSU-W5,7.9,17,69.3,44
CF065A,3.1,29.4,48.2,26.7
MFCJ5955DWTS1,23.6,51.8,65.1,48.9
4093-410-279,,5,18.5,24.9
VM7584K1-AT,1.07,42.6,28.5,5.7
5F0H4EA#ABU,,17,49.9,29.8
FLX-B1-TS2-MD,2.43,30.5,54.3,6.7
55036455,0.18,10,10,4.5
1C6X2EA#ABU,9.02,24.5,59.5,41.4
FLX-B4-SG-MX,2.66,30.5,54.3,6.7
FLX-B4-PD4-MD,2.43,30.5,54.3,6.7
C13S050608,0,13.5,7.2,14.6
CF289Y,1.91,12.2,37.3,28.1
FLX-W4-TE1-MD,2.43,30.5,54.3,6.7
FLX-B4-TE1-MD,2.43,30.5,54.3,6.7
123N0EA#ABU,8,40,28.7,49.9
QE55S95BATXXU,27.6,16.5,146.9,83.3
PE8324G2-AX,9.37,186.5,22.9,17.9
26699-999-999,,4.55,22.5,11.2
C13S050591,0,14.8,16.4,10.7
VM8824-AT,1,42.6,28.5,5.7
6593-833-399,,18.5,9.6,21.2
242P6B#629,8.66,25.4,57,46.4
UE75CU7100KXXU,41.9,19.8,184,111.8
5093-299-2259,,5,18.5,24.9
CS1716A-AT-E,4,54,11.6,23.3
5099-299-2219,,5,18.5,24.9
5F0J5EA#ABU,4.8,17,49.9,29.8
F9K02A,0.51,4.1,28.3,11.8
90YV0IL0-M0NA00,1.95,5.4,40.5,14.2
90MB1B70-M0EAY0,1.74,11,28.5,22
CE255XD,4.58,32,39.9,31.8
50UQ75006LF.AEK,14.2,17.5,121.5,77.5
C31CJ57151A0,2.7,23.5,19.5,26
CH646A,0.11,14.3,2.8,13.2
90IG0720-MU2A00,3.72,39.6,40.1,14.1
B6Y14A,1.09,12,32.4,6.4
FLP-B1-PD4-MD,3.04,30.3,60,10
50H98AA,0.18,,,
J7Z99A#B19,35.9,59.6,65.3,57.8
CF236A#B19,45.6,78.5,81,64.4
J8J91A,23.4,74.5,79.4,61.5
64W30AA#ABU,5.75,19.64,48.84,44.95
CL3000N-ATA-EE,12.2,71.8,66.8,13.5
3661C003AB,74,90.9,149.2,68.5
5P765EA,,52,6.9,30.5
C13T596B00,0,32,6,14.5
55UQ751C,19.4,17.5,136,83.5
FLX-B4-TS3-MD,2.43,30.5,54.3,6.7
F9K04A,0.51,4.1,28.3,11.8
GU603ZM-K8006W,4.35,46.5,9,33.5
C11CJ05403CA,,48,43.6,40.5
FLP-B1-TE1-MD,3.04,30.3,60,10
CS1792-AT-E,1.37,26.5,9.5,22
141H4AT,0.09,15.9,2.53,23.5
FLX-B1-TA4-MX,2.66,30.5,54.3,6.7
CF303A,1.55,13,58.4,19.5
22A55B#629,10.4,29.8,50.6,40.8
ADS4500WZU1,3.41,32,39.1,24.3
6A1P0EA#ABU,,44.9,6.9,30.5
F9J78A,0.49,4.1,28.3,11.8
CF237Y,3.77,18.7,38,36.6
QE85QN90BATXXU,70,22.3,208.7,126.7
AR3003SP,108,107,75,96
CF254A,4.6,30.2,50.3,24.4
FLP-W4-PM1-MD,3.04,30.3,60,10
J8J89A,9,30.9,60.1,62
1626003,0.83,15,11.3,11
5LH79AA,4.1,33.3,43.2,20
FLX-W1-PD3-MD,2.43,30.5,54.3,6.7
5Y4G3EA#ABU,,44.9,6.9,30.5
GV601VI-NL016W,2.45,33.5,46.5,9
CE860A,13.6,71.9,70.3,28.1
CF068A#B19,113,76,85.6,155.3
VG32AQL1A,12.4,26,81.8,64.5
VFM-W6X4T,4.7,5.5,68,23.5
6B2V3EA#ABU,3.4,23.5,49.8,13.2
5HB07A#B19,28,57.5,115.5,40.5
FLX-W1-PM1-MD,2.43,30.5,54.3,6.7
9553-455-111,,17.25,10.4,23.6
FLX-W4-TA3-MX,2.66,30.5,54.3,6.7
90YH03IW-B3UA00,1.02,11.3,21.5,25.3
5Y4A0EA#ABU,,44.9,6.9,30.5
W2012X,1.84,15.5,48.3,19.8
B005-HUA2-K,0.55,20.04,23.01,6.5
F2G77A,2.8,29.4,48.2,26.7
XG27UQR,12,72.5,60.2,26
W1A80A,26.8,49.7,59.7,49
VZ239HE,4.2,12.5,59.7,50
P2V72A,0.51,4.1,28.3,11.8
UC CAM180UM-1,0.5,4.4,17.5,17.5
BX950MI,6.6,43,19.7,25
C11CD24301A0,7.73,64,38,22
CS1964-AT-E,4.03,54,13.1,23.3
P1B92A,2.6,19.8,49.8,28.4
VM7604-AT,0.94,42.6,28.5,5.7
38341,0.8,7,22,13
8750000983,,10,19,28.5
W2002X,1.84,15.5,48.3,19.8
CB458A,6.2,24.89,59.79,28.4
M0J98AE,0.39,5.2,22,4.8
C11CH68403,21.6,59,47.5,46.5
2775-329,,15.5,15.3,4.9
C31CJ52101,2.76,25.5,19.5,24
FLP-W4-TA3-MX,3.27,30.3,60,10
FLX-B4-AR2-MD,2.43,30.5,54.3,6.7
2A8Y5AA,7.7,86.4,13,56.9
FLX-W4-TA4-MX,2.66,30.5,54.3,6.7
BX1600MI-GR,11.3,49.5,23.5,29.7
FLX-B4-TS2-MD,2.43,30.5,54.3,6.7
W1470Y,3.77,18.7,38,36.6
27599-989-998,,7.5,19.9,23.8
90MB1BK0-M0EAY0,2.55,27.3,33.8,6.8
C13S045008,7.3,66,17,16
2399-823-109,0.19,7,14.5,19
CE505XD,2.6,22.7,34.4,22.8
SW41AB-V2,0.9,,,
169L0AAR,10.4,41.1,59.6,22.5
P2V84A,0.51,4.1,28.3,11.8
9553-430-111,,6.3,17.35,20.3
QE55Q60CAUXXU,22,14.8,139.9,84.6
C13S042150,6.2,67,17.5,17
FLX-B1-TS3-MD,2.43,30.5,54.3,6.7
NH.QFTEK.001,5.22,54.6,10.4,36.6
M0J94AE,0.35,5.2,22,4.8
C31CE94PAR112,2.84,23.5,19.5,28
FLX-W4-TA2-MX,2.66,30.5,54.3,6.7
C33S045733,10.7,31.5,32.1,25.5
SMT750I,14.2,49.9,27.8,30.1
5F0M3EA#ABU,4.8,17,49.9,29.8
SMT1000I,22.8,59.5,32.8,37.6
FLP-W1-TA4-MX,3.27,30.3,60,10
064AUSB--CC5,0.3,,,
43UR91006LA.AEK,15.2,17.2,105.5,66
BX2200MI,13.3,49.5,23.5,29.7
FLP-W1-TS3-MD,3.04,30.3,60,10
CM995A,0.63,11.4,17.4,5.3
CS17916-AT-E,5.68,49.9,13.3,32.4
G614JV-N3106W,4.93,33.5,10.6,42
LH55BEAHLGKXXU,19.5,15.8,138.6,84.3
C11CJ81402A0,8.31,59,32.5,35
AD12YDC-L-01-A-PVC,32,69,85,37
90YV0IZ0-M0NA00,1.73,22.6,42,8.7
SRT192RMBPM,105,100,60,42
B11B261401BY,4.57,36.5,25,29
W2013X,1.84,15.5,48.3,19.8
FLP-W1-A62-MX,3.27,30.3,60,10
6B2S2EA#ABU,6,49.8,19.6,34.6
M515DA-EJ776T,3.16,6.5,48.1,28.8
CF372AM,2.7,32.7,38.5,12.5
VP299CL,9.02,78,51.5,20.5
D9L20A,18.7,39.3,58.3,61.2
DELL-UP3218KA,18.5,,,
W2030X,0.95,12.1,36.3,12.3
B013-HU-4K,0.88,17.6,24,8
FS-W4-TS2-MD,14,32,114,15
CD8069504343701,,13.7,4.3,11.2
DN-81301,0.08,11.7,9.3,
90YV0IJ1-M0NA00,2.13,8.7,42,22.6
ER8220,116,85,125,212
CB435AD,1.66,22.6,37.5,12.5
FLP-W1-PM1-MD,3.04,30.3,60,10
Q7553XD,2.6,24.4,39,19.6
EBAB02,2.1,,,
FLX-B4-TA3-MX,2.66,30.5,54.3,6.7
90YE00S3-B0NA00,3.07,20,31,10.8
PA329CV,17.6,28,84,51.6
FLP-B4-TA3-MX,3.27,30.3,60,10
5P6E7EA#ABU,,48.3,6.9,30.5
CN629A,0.5,4.1,28.3,11.8
90LM0530-B03370,7.4,22.1,66.4,41.5
50QNED816RE.AEK,20.2,17.2,121.5,81
5823C005,0.41,12.2,18.3,12.2
UE85CU8000KXXU,56.3,22,207.5,123.7
B6Y13A,1.09,12,32.4,6.4
P2421,7.3,,,
9553-450-111,,6.3,17.35,20.3
SMC1000I-2U,22.3,58.4,54.6,24.1
U2421E,8.6,13.99,72.31,42.7
3G828AT#ABU,7.2,19.5,53.84,48.93
55036456,0.18,10,10,4.5
FLX-B4-TA1-MD,2.43,30.5,54.3,6.7
FLP-B1-TA2-MX,3.4,30.3,60,10
229W7B#687,10.4,29.8,50.6,40.8
CE264X,1.84,16.4,39,21.4
9CC70ET,,48.3,6.9,30.5
6YXV9,0.74,41,35,7
9559-450-111,,4.5,17.35,20.4
FLP-W1-PD5-MD,3.04,30.3,60,10
C31CJ57112A0,2.7,23.5,19.5,26
DN-19-07U-S-PD,13.2,45,59,
UE70CU7100KXXU,34,19,174.6,103.5
C31CJ27112A0,2.3,24.5,20,25
CF313A,1.55,13,58.4,19.5
90YV0IB1-M0NA00,2.99,26.6,42.59,9.9
CF453A,1.47,16.3,37.8,19.2
1626004,0.83,15,11.3,11
SMT1500I,27.2,59.5,32.8,37.6
DN-95344,1.6,3.9,11.5,
5099-299-2119,,5,18.5,24.9
6S6F1EA#ABU,,52,6.9,34.5
D9L63A#A81,11.4,30,56.7,48.7
P2V83A,0.51,4.1,28.3,11.8
MFCJ1010DWZU1,9.7,24.9,47.7,45.7
90LM05Q3-B01370,13.3,53.8,68.8,25.6
B3M78A,4.72,29.6,48.4,27.1
HL1210WZU1,5.5,30.3,41.5,32.4
90MB1CJ0-M0EAY0,1.68,27.3,33.8,6.8
FLP-B1-TS2-MD,3.04,30.3,60,10
V11HA74040,5.96,38,41,18
90LM0520-B01170,17.2,28.2,93,65.9
1626000,0.83,15,11.3,11
DELL-U2723QE,9.53,,,
MB165B,1.65,43.5,29.7,5.7
5U5X1EA#ABU,7.92,49.9,39.9,22.8
985-001082,0.22,13.75,9.65,6.05
C13S050606,0,13.4,7,14.7
DELL-P2423,7.71,,,
C11CJ41405,23.7,59.5,56,44
5P6P6EA#ABU,,44.9,6.9,30.5
FLP-B1-M4-MN,2.86,30.3,60,10
6593-833-499,,18.5,9.6,21.2
1FH48AT,9.3,21.4,53.88,51.37
CE320AD,1.6,20,36.5,11
CF365A,3.9,16.8,60.3,32.7
3PZ55A#B19,14.7,39.8,49.7,49
CS1732B-AT-E,1.34,28.3,6.2,17.3
F9K03A,0.51,4.1,28.3,11.8
4093-413-299,,5,18.5,24.9
6F1C2EA#ABU,,44.9,6.9,30.5
B11B198031,5.64,57.4,37,18.8
CZ992A#BHC,4.8,13.2,51.7,24.2
90YV0HL0-M0NA00,1.17,21.7,36.4,6.6
6A221EA#ABU,,44.9,6.9,30.5
CF312A,1.55,13,58.4,19.5
C11CJ81401A0,8.28,59,32.5,35
CP6DF,0.39,16.8,40.9,5.3
W5U23A,0.4,12.1,19.3,4.6
CB401A,2.2,14.8,40,26.8
6B2D5EA#ABU,12.7,24,66,46.2
C31CJ57152A0,2.7,23.5,19.5,26
F9J68A,0.49,4.1,28.3,11.8
DA11USB,0.3,,,
PE0216SG-AT-G,2.08,73,18.7,16.6
KE6910T-AX-E,2.37,41.4,20.7,11.7
VG27VQM,8.2,44.8,68.2,20.9
90YH02X3-B2UA00,0.72,11.4,20.8,24
2393-829-109,0.17,7,14.5,19
UX482EGR-HY368W,3.49,48.1,12.3,28.5
9559-455-111,,17.25,10.4,23.6
1FH51AT,,21.4,61,38.4
6Q8C4ES#ABU,,48.3,6.9,30.5
13456,1.88,,,
G1W44A,30.4,63.5,72.7,68.6
FLX-B1-SP6-MG,3.05,30.5,54.3,6.7
90YV0HH0-M0NA00,0.9,20,30.3,5.5
FLP-W1-AR2-MD,3.04,30.3,60,10
C13S041848,5.85,113.7,12.7,12.5
C11CJ07403,10.7,47.5,43.3,31.5
CD8069504213901,0.2,13.7,4.3,11.2
9VH85AT#ABU,8.7,20.7,53.94,49.49
PDS5000FZ1,12.3,43.9,73,38.6
2Z605E,10.5,27.4,44.3,46.4
5HB08A#B19,38,57.5,115.5,47.5
SU281A,1,13.7,37.5,11.2
QE55Q80BATXXU,27,17.8,145.9,84.5
VK304-AT,0.98,20.8,17.5,9
2389-820-109,0.17,7,14.5,19
BX2200MI-GR,13.3,49.5,23.5,29.7
CB436AD,1.66,22.6,37.5,12.5
90YV0IB2-M0NA00,2.71,12.6,42.4,24.5
90YE00A2-B0NA00,3.12,,,
SPC51001BC-1,3.25,35.8,31.7,10.3
90LM06B0-B01B70,4.14,13.2,55.2,42
E384627,0.13,,,
FLX-W1-AR1-MD,2.43,30.5,54.3,6.7
UE50CU8000KXXU,15.9,13.1,124.6,76.1
C33S045732,11.8,15.5,15.5,21.5
5099-610-299,,5,18.5,24.9
90SF01A1-M00070,44,,,
CN634A,0.5,4.1,28.3,11.8
CS1822-AT-E,1.83,28.3,10,17.3
SV031A,2.26,19.2,37.2,19.4
FLX-W1-PD4-MD,2.43,30.5,54.3,6.7
1VD87A#B19,126,77,195.5,71
AR3003,75,99.5,75,79.5
PHD20-2260-01,0.25,8.6,17,4
DS620Z1,0.98,23.2,35.2,6
38217,0.97,7.5,24.5,18.5
CN635A,0.5,4.1,28.3,11.8
CN8000A-AT-E,1.23,28.3,10,17.3
FLP-W4-TE1-MD,3.04,30.3,60,10
FLX-W1-TA2-MX,2.66,30.5,54.3,6.7
UC CAM120UL-1,0.31,7.05,4.7,9.1
CF325X,5.64,39.6,59.5,19.8
5P6P9EA#ABU,,44.9,6.9,30.5
CE249A,4,49.5,59.5,23.2
Q5953-67901,2.2,14.8,40,26.8
FLX-W4-AR1-MD,2.43,30.5,54.3,6.7
DS-55512,0.95,18.5,24.5,7.5
OLED42C34LA.AEK,12.7,15.2,106,66
FLX-B1-A62-MX,2.66,30.5,54.3,6.7
3056C003AA,105,91.3,146.2,96.1
100-99190000-60,0.2,13.2,11,4
UE75CU8000KXXU,42.3,19,183.4,111
SRW12U,20,71.37,52.32,67.06
C13T754240,0,18.8,2.8,11.5
GXD1A39963,0.79,21,23.2,7
5HB09A#B19,37.4,57.5,115.5,47.5
FLX-W4-PM2-MX,2.66,30.5,54.3,6.7
FLX-B4-GT4-MX,2.66,30.5,54.3,6.7
3WT88A,2.5,24.6,54.3,17.4
2Z605F#B19,10.5,27.4,44.3,46.4
CM997A,1.09,12,32.4,6.4
SHINE 500 PRO,1.85,49.2,17.5,21.7
90RC00I2-M0UAY0,3.27,21,42.6,13
APDU9959EU3,8.59,11.4,16.5,200.2
5255C003,125,90.2,132.4,104.2
W2123X,1.21,14.7,39.5,16.1
PEXHDCAP4K,0.23,20.7,14.4,3.8
6593-823-309,0.28,21,18.1,5.3
FLP-W4-SG-MX,3.27,30.3,60,10
27599-989-898,,7.5,19.9,23.8
64J15EA#ABU,2.95,23.5,49.8,13.2
W2010X,2,15.5,48.3,19.8
3GMFC,0.73,42,35,8
F9A28D,65.7,57,131,64.5
BX1600MI,11.3,39,14,19
9555-410-111,,6.3,17.35,20.3
4099-413-299,,5,18.5,24.9
MFCJ6957DWTS1,31.3,56.1,68.1,56.3
PE8108G-ATA-G,3.99,49.9,11.6,32.4
90YV0HH2-M0NA00,1.04,6.7,36.4,21.9
SRW12USDPG,41.7,76,71.5,74.5
4093-419-279,,5,18.5,24.9
9559-430-111,,4.5,17.35,20.4
FLX-W1-TS2-MD,2.43,30.5,54.3,6.7
C31CJ27112,2.3,23.5,19.5,23.5
C11CH70401,16.7,58.2,47.2,44.4
FLX-W1-SP6-MG,3.05,30.5,54.3,6.7
DELL-U3423WE,15.7,,,
141H8AT,0.09,23.5,2.53,15.9
C31CE94112,2.62,24,19.3,23.5
VE-RMK1U,1.91,53,22,6.5
G713PV-HX048W,3.05,10,49,35.5
FLX-B1-PL2-MG,3.05,30.5,54.3,6.7
26699-989-899,,4.55,22.5,11.2
C13S041390,3.85,65.5,12,12.5
FLX-B4-AR1-MD,2.43,30.5,54.3,6.7
CL3100NX-ATA-EE,12.1,65.8,61.2,13.5
CF214A,2.7,19.5,49.7,33
CF283AD,1.66,22.6,37.5,12.5
EMIB32,,21.4,20,173
TF5539UHSC-W1AG,46.5,24.5,140,93
C9468A,1.09,12,32.4,6.4
FLX-B4-PD5-MD,2.43,30.5,54.3,6.7
DELL-S2421HS,7,,,
FLP-B1-TA4-MX,3.27,30.3,60,10
DELL-S2722QC,9.79,81.99,13.99,44.7
SU214A,1.45,18.1,38.9,17.2
DK-1511-V-305-1,9.12,35,35,
FLP-W4-TS2-MD,3.04,30.3,60,10
5824C005,0.47,12.2,18.3,12.2
C11C605011A5,37.6,84,50.5,48.5
25089-889-999,,17,5,20.2
WBEXTWAR1YR-SP-05,0.11,,31.5,24.1
1FH51AA,,21.4,61,38.4
Q7503A,3.98,36.4,14.5,9.9
SV023A,2.26,19.2,37.2,19.4
6F6Y0EA#ABU,,44.9,6.9,30.5
C13S042004,6,65.5,14.5,14.5
ELPLP84 / V13H010L84,0,39,16,15.7
FLP-W1-PD6-MD,3.04,30.3,60,10
FLP-B1-PL2-MG,3.4,30.3,60,10
4XD1C99222,1.36,8.55,26.05,34.6
FS-W1-PD5-MD,14,32,114,15
6Q8C5ES#ABU,,48.3,6.9,30.5
FLX-W1-PM2-MX,2.66,30.5,54.3,6.7
FLX-B1-TA1-MD,2.43,30.5,54.3,6.7
CM991A,0.63,11.4,17.4,5.3
DN-170107,20.6,76.5,61.5,
2775-419,,15.5,15.3,4.9
C13T35964010,0.3,37,19.5,15
C11CK46401,8.1,48,41.5,21
Q6470-67901,1.5,12,43,20.5
SU557A,1.22,16.1,38.9,17.2
9H.F86TC.DE2,61.9,22.5,186.3,114
HLL9430CDNZU1,34.3,55.7,62.82,63.35
AV-1900,3,20,33.3,15.5
PE8208G-ATA-G,4.04,49.9,11.6,32.4
M3500QC-L1177W,3.24,46,6.5,29
CS1316-AT-E,2.87,54,11.6,23.3
4099-410-279,,5,18.5,24.9
CN631A,0.5,4.1,28.3,11.8
43A02EA#ABU,,48.3,6.9,30.5
T5DW8,5.24,13.8,45.57,32.65
5-897-3-01-00,0.4,,,
EMAB33,9,,,
KA7166-AX,0.19,12.4,4.2,12.9
RLC-118,0.32,15.2,17,11.9
XUB2294HSU-W2,5,12.5,61.5,40
9VF96AT#ABB,8,20.7,52.16,48.98
L0H19A,19.1,75,85,19.5
SRT48RMBP,37,74.9,59.4,24.4
SV436A,2.63,27.4,38,18.2
DN-95632,10,19.5,214,14.5
WBEXTWAR3YR-SP-03,0.11,,31.8,24.1
C11C605011DA,35.5,84,50.5,48.5
MFCJ4340DWZU1,10.7,24.2,49.5,45.5
DN-31128,149,105,85,210.3
EMIB06,4.72,,,
U2722D,9.62,,,
M0J90AE,0.4,5.2,22,4.8
9H.F68PK.NA6,48,,,
90MB1BR0-M0EAY0,2.67,27.3,33.8,68
PA279CRV,8.69,13.8,69.1,42.7
FLX-W4-TS3-MD,2.43,30.5,54.3,6.7
FLP-W1-SP6-MG,3.4,30.3,60,10
FLP-W4-A62-MX,2.04,30.3,60,10
QE50QN90CATXXU,22.5,14,131.7,76.7
5X7L0EA#ABU,2.95,13.2,49.8,23.5
90YV0HK0-M0NA00,1.99,8.85,40.5,23.3
C31CJ27111,2.14,23.5,19.5,23.5
FLX-W4-SG-MX,2.66,30.5,54.3,6.7
E344056,23.1,25,122,79
C11CH38401DA,17.2,65,48.5,34
CE390X,3.33,19.3,39.1,32.7
CH575A,0.5,4.1,28.3,11.8
9559-410-111,,4.5,17.35,20.4
FLX-W4-PL2-MG,3.05,30.5,54.3,6.7
C8061D,4.14,,,
EPDU1132B-SCH,5.5,11,16,166
FLP-B4-TS3-MD,3.04,30.3,60,10
FLX-B1-GT4-MX,2.66,30.5,54.3,6.7
9H.LGELA.TBU,6.5,63.9,40.6,12.8
FLP-W1-PD3-MD,3.04,30.3,60,10
QE75Q60CAUXXU,42.3,19,183.4,111
CF321A,1.84,16.4,39,21.4
2K-0006,1.79,81.2,11.2,8.2
QE75LS03BAUXXU,50.7,20.7,183.9,111.3
C13S050592,0,14.7,16.4,10.7
DA-70877,0.23,16,11.5,
CE711A#B19,43,70.2,71.8,47.8
AVHub,2.62,21.5,38.2,12
VM7824-AT,0.91,42.6,28.5,5.7
W1470A,2.1,18,38,27
CS1308-AT-E,2.69,54,11.6,23.3
14401-07,0.07,1.9,11,21
FLP-W4-M3-MN,2.86,30.3,60,10
C12C891131,0,25.4,15.3,22.5
W2122X,1.21,14.7,39.5,16.1
4B350EA,,52,6.9,30.5
E344260,23.1,25,122,79
B6Y08A,1.09,12,32.4,6.4
C13T33574021,0.18,19.2,5.2,14.2
UE55CU7100KXXU,19.5,15.8,138.6,84.3
B6Y11A,1.09,12,32.4,6.4
90YV0HS3-M0NA00,1.55,23.3,40.5,8.85
CE505D,2.37,22,34.8,20.2
FLP-B1-AR2-MD,3.04,30.3,60,10
90RC00I1-M0UAY0,3.27,21,42.6,13
FLX-W4-PD6-MD,2.43,30.5,54.3,6.7
27599-999-998,,7.5,19.9,23.8
FLX-B4-TA2-MX,2.66,30.5,54.3,6.7
P2V81A,0.51,4.1,28.3,11.8
C11CJ88402,9.62,44,40.5,41.5
C2722DE,12.6,,,
C13S050584,0,28.5,8.6,9.7
4K30-HDMI-CAPTURE,0.18,15.5,10.7,3.7
W2120A,1.18,14.7,39.5,16.1
FLX-B1-SG-MX,2.66,30.5,54.3,6.7
RM2-6454-000,0.7,,,
FLX-W1-TA4-MX,2.66,30.5,54.3,6.7
61U0110000AC,5.4,25.9,25.9,34.9
FA507RR-HF013X,3.84,42.6,10.4,30.6
61U3500000AC,10.9,29.3,27.5,52.5
6T132EA#ABU,,44.9,6.9,30.5
CS1922-AT-E,1.86,28.3,10,17.3
90LM0590-B02170,23,106.9,72.2,37.4
9553-410-111,,6.3,17.35,20.3
QE43QN90CATXXU,17.5,14,116.4,
VM7584K2-AT,1.07,42.6,28.5,5.7
XG349C,13.4,32.9,88.7,46.9
CE255A,1.82,16,39.5,26.1
CF364A,3.9,16.8,60.3,32.7
SV154A,2.23,20.5,36.5,15
64X66AA#ABU,5.94,18.05,53.89,39.79
MR.JSF11.002,4.13,40,34,16.8
E720629,23.6,18.7,115,82
2X39G,0.4,19.4,45.1,5.5
90LJ00F0-B00270,8.1,27.4,56,43
FLX-W4-PD3-MD,2.43,30.5,54.3,6.7
CF320A,1.84,16.4,39,21.4
QL820NWBCZU1,2.62,18.4,29.8,23.2
FLP-W1-AR1-MD,3.04,30.3,60,10
90YV0IV1-M0NA00,3.16,22.6,42,12.6
QE43Q60CAUXXU,11.6,12.6,109.3,66.7
4093-410-299,,5,18.5,24.9
VPK312K1-AT-E,0.48,28.3,6.2,17.3
AP7555A,6.25,,,
E421137,12.8,30.5,69,31
FLX-W1-GT4-MX,2.66,30.5,54.3,6.7
CS1842-AT-E,3.52,54,11.6,23.3
Q5949XD,2.52,24.8,38.8,21
FLP-W4-PD5-MD,3.04,30.3,60,10
T2754MSC-B1AG,8.4,20.4,68.8,47.7
90YE00N2-B0NA00,2.5,19,28.5,10
90YV0IC1-M0NA00,3.5,12.6,42,22.6
DN-96332-4,3.06,51.5,31.5,
90YE00P3-B0NA00,3.19,,,
C9470A,1.09,12,32.4,6.4
HW-B550-XU,9.2,23.5,92.5,45
ER6200,82,65,105,212
ADSA-M2C,0.35,6.5,9.3,17
FLX-B1-PD4-MD,2.43,30.5,54.3,6.7
APDU9953,9.95,12.4,16.5,204
AP8459EU3,9.03,,,
FLP-W4-PD6-MD,3.04,30.3,60,10
90YV0IG0-M0NA00,3.16,22.6,42,12.6
FLP-B1-SG-MX,3.27,30.3,60,10
C9730A,2.9,16,50,26.5
T2254MSC-B1AG,6.9,17.4,59.9,38.9
FA507NV-LP023W,4.2,42.6,10.3,31.2
C11CJ20401,11.3,52.5,44,25
CF370AM,2.7,32.7,38.5,12.5
4099-419-279,,5,18.5,24.9
W2031X,0.9,10.9,36.3,12.3
CE710A#B19,43,70.2,71.8,47.8
7J059AA#ABU,,48.3,6.9,30.5
CF450A,1.47,16.3,37.8,19.2
AP8712R,1.12,,6,30
CS1944DP-AT-E,4.21,54,11.6,23.3
E659395,,,68,
90LM054N-B01370,7.8,20.2,65.2,45
CB463A,6.6,24.51,59,65
2775-319,,15.5,15.3,4.9
20797-989-999,,13.7,11.5,4.1
E421325,20.6,31.6,128.4,31.6
5099-610-279,,5,18.5,24.9
V4940,0.32,12.9,30.3,4.7
PA329CRV,14.2,14.2,82.8,50.9
FLP-B4-A62-MX,3.27,30.3,60,10
UX363EA-HP546W,2.77,41.8,7.3,26
M0K02AE,0.72,4.82,21.72,9.92
3PZ15A#B19,11.4,27.8,44.3,46.4
CC423A,31,,,
B5L29A,0.2,13.8,17.8,6
189T3AA#ABU,10.8,21.58,61.33,53.59
J8H61A#B19,14.5,39.8,49.7,46.6
6ZD17AE,0.05,25.1,36.1,18.4
3JB05AE,0.1,3.8,11.7,15.7
N9J72AE,0.09,3.8,11.7,15.7
F6U66AE,0.05,3.7,11.3,11.5
X4D37AE,0.11,3.8,11.7,15.7
C2P04AE,0.05,3.7,11.3,11.5
N9K06AE,0.05,3.7,11.3,11.5
3YM61AE,0.05,3.7,11.3,11.5
CH561EE,0.05,3.7,11.3,11.5
3YM92AE,0.09,3.8,11.7,15.7
N9J71AE,0.11,3.8,11.7,15.7
N9K08AE,0.06,3.7,11.3,11.5
N9K05AE,0.05,3.7,11.3,11.5
C2P05AE,0.06,3.7,11.3,11.5
T6N04AE,0.06,3.7,11.3,11.5
CH563EE,0.05,3.7,11.3,11.5
T6N02AE,0.05,3.7,11.3,11.5
F6U68AE,0.05,3.7,11.3,11.5
CH562EE,0.05,3.7,11.3,11.5
T6N03AE,0.06,3.7,11.3,11.5
F6U65AE,0.05,3.7,11.3,11.5
CH564EE,0.05,3.7,11.3,11.5
CN637EE,0.11,3.8,11.7,17
C2P06AE,0.06,3.7,11.3,11.5
3YL80AE,0.05,2.3,10.6,11.35
N9K07AE,0.06,3.7,11.3,11.5
3YM60AE,0.05,3.7,11.3,11.5
CC640EE,0.05,3.6,11.6,11.5
3YM62AE,0.05,3.7,11.3,11.5
3YM63AE,0.05,3.7,11.3,11.5
F6U67AE,0.06,3.7,11.3,11.5
Q2510A,1.13,21.16,30,1.63
CF244A,0.81,10.8,37.5,12.5
T6N01AE,0.05,3.7,11.3,11.5
CR757A,0.35,12.4,18.2,3.3
6ZC73AE,0.13,3.8,12.4,16
W1106A,1.3,13.7,36.3,9.8
3YL77AE,0.04,2.3,10.6,11.35
6ZC71AE,0.18,3.2,10.55,17.1
CC641EE,0.07,3.6,11.6,11.5
7MD66E,4.8,19.8,37.8,22.2
T6L99AE,0.05,2.3,10.6,11.35
CB335EE,0.05,3.6,11.6,11.5
3YL82AE,0.04,2.3,10.6,11.35
3YL81AE,0.04,2.3,10.6,11.35
Q8696A,0.24,15,19.5,1.4
W1420A,0.81,10.8,37.5,12.5
C9364EE,0.07,11.3,14.1,3.7
ST4000DXA05,0.15,19.69,6.35,
GXD0T69864,0.86,24.1,25.6,10.8
82RA0041UK,2.82,32.7,50.6,7
82V60013UK,2.36,33.8,49.6,9.2
66E4UAC1WL,1.7,40.79,27.99,7.59
4X41C12469,0.68,6.5,40.5,29
E9PV7GL06EZ3,4.68,,,
UB500,0.03,10.2,11.8,2.3
UE306,0.05,8.5,18.3,1.8
RE650,0.61,12.5,20.2,9.7
UB5A,0.03,10.2,11.8,2.3
RE300,0.29,10.15,15.65,8.9
M7000,0.15,9.5,13.5,5
CE270A,2.62,18.8,49.2,22.5
DK-2A33CUE50BK-BBB,8.8,35,35,
82H802Q5UK,2.42,33.3,53.3,7.4
KAP10800,0.47,59.5,36.5,0.7
LVN149542,0.37,,,
9553-470-111,,6.3,17.35,20.3
LVN-CAT6A-FLEX-25CM,0.05,16,27.6,3.6
W2413A,0.75,9.6,36.3,11.1
AK-600433-006-S,0.03,21,11.5,25
42346,0.51,6,16,25
AK-340411-001-W,0.04,1,16,
STKL2000419,0.27,3.9,13.75,18.65
DA-10197,0.2,12.5,4.5,
DK-2A338UE50BK-BBB,8.8,35,35,
SU252A,0.82,18.1,38.7,7.9
DK-1521-V-1,4,30,30,
DS-23200-2,,47.5,33,44
DK-24338U100BK-BBB,7.54,35,35,
4R177AA#ABU,0.63,15.6,2.9,45.9
VM732,0.5,,,
72K20C0,1.17,17.7,49.8,18.6
LVN149024,0.07,,,
LVN6040SOUT,0.18,,,
AK-440100-018-S,0.21,3.5,13,7
TC3-PK+PK3MCABLES,1,20,20,9
DN-19 ORG-3U,0.65,13.5,49,
JCD543P-EN,0.89,35.8,8.93,6.35
CF331A,1.84,16.4,39,21.4
9S7-16R821-294,,8.9,47.7,32.8
006R03216,2.31,,,
LVO231815UNI,0.04,8,15,15
STKG2000402,0.14,14.7,10.45,3.25
DB-340201-010-S,0.1,22.5,8,3
62397,0.84,3.1,13.2,57.6
MAPCUS12,,7,6,3
120B-USBC-MULTIPORT,0.17,14.2,17.5,3
SU128A,0.8,18.1,38.7,7.9
AK-610201-100-E,0.82,23,32,
AX4U360032G18I-DTBKD35G,0.11,17,14.1,1.22
71B2HM0,0.24,10.2,14.1,7.2
KF560C40BW-32,0.05,1.4,5.72,17.15
CAT6-BLK-2M,0.1,,,
006R04617,0.36,18.5,12,9.5
DN-95426,0.1,,,
LVN147124,0.06,,,
CC364X,3.33,7.6,15.4,12.9
LVO231377,0.02,6,18,20
AK-300321-002-S,0.01,19.6,9,
AK-300202-018-S,0.05,1.5,11.5,
KF572C38RWAK2-32,0.17,1.73,12.22,17.15
DN-170063,4.5,35,14.2,21.3
4XB1D04756,0.1,14.4,17.7,5.3
74C2HCE,0.45,16,19,7.5
DN-97683,3,62.5,45.5,5
74C2HYE,0.45,16,19,7.5
SU759A,1.11,20.2,35.7,9
1VU28AE,0.11,4.7,4.7,15
AK-610517-000-I,0.02,9.5,10,2
LVN607,5SOUT,0.1,,
106R03896,0.28,20.5,10,9.5
DN-10130-1,0.15,14,20,3.5
6S6F1EA#ABD,,52,6.9,34.5
U6-MESH-EU,0.13,1.4,12.19,17.15
D8J09A,0.2,2.87,24.17,7.16
KF560C40BBAK2-64,0.13,1.4,12.19,17.15
DK-39242-U,0.06,118,73,
DK-1743-VH-D-5,57,55,55,
DN-81322,0.18,26,26,3
KF556R36RBK8-256,0.19,16.76,10.41,3.56
FO-LCLCOM3D-005,0,0.17,0.17,0.01
NLBL-1M-CAT6A-PATCH,0.05,19,22,1
AK-340103-010-S,0.06,1.5,15,
006R04636,0.68,18.5,12,9.5
DB-510110-018-S,0.04,23,5.5,1
CN051AE,0.07,12.6,11.4,2.5
MAPCUS42-BK,0.19,18,6,5
X1500EA-EJ2737W,3.16,48.1,6.5,28.8
01YN134,0.61,30.2,39.5,9.4
AK-300110-010-S,0.03,0.8,9.2,1
2Y2J8EA,,48.3,6.9,30.5
CF412X,0.9,10.9,36.3,12.3
74C2HK0,0.59,16,19,10
STLC16000400,1.49,7.8,23.3,22.2
AK-610106-020-E,0.12,1.25,14,
STLR5000400,14.1,4.72,1.79,7.2
CF333A,1.84,16.4,39,21.4
952-000047,0.48,18.5,5.1,18.5
KF552C40BBAK4-64,0.26,2.54,12.19,17.15
BVX2200LI,13.2,49.5,23.5,29.7
MSTMDP122DP,0.14,17.9,14.2,2.7
STKL2000418,0.27,3.9,13.75,18.65
204226,0,12,15,5
HDDVIMM10M,1.27,33,25.5,1
GVSBTH4,112,82,56,18
AX4U32008G16A-DTBKD35G,0.1,17,14.1,1.22
90YE00S0-B0NA00,3.35,20,31,10.8
LVO231494,0.06,,,
AK-610201-020-E,0.23,0.5,17,
HD2DPMM2M,0.13,20,22.7,2
DN-3024,0.09,14,8.5,
X950X2CG,0.6,,,
0X560H2YG,1.45,,,
LVO231380,0.11,8,25,30
KF560C40BWAK2-64,0.13,1.4,12.19,17.15
006R04678,0.29,18.5,12,9.5
AK-330150-100-S,0.57,19,20,4
5D10V82342,0.3,,,
DK-24338U075BK-BBB,6.42,35,35,
C2-H46-UAC-CBL-KVM,0.5,16,21,6
DA-10190,0.59,17,22,3.5
106R04079,0.59,47,7.5,7
DKT31CHDVCM,0.28,14.5,13.3,3.7
9559-435-111,,17.25,10.4,23.6
SS593A,2.08,15.7,61.7,12.8
DA-10180,0.31,15.5,10.2,4.7
DN-97684,4.51,82,45.5,
AK-340419-002-S,0.05,12,12,
FO-LCLCOM3D-020,0,0.17,0.17,0.01
CE262A,1.84,16.4,39,21.4
KF560R32RBK8-128,0.19,16.76,10.41,3.56
STLX2000401,0.27,18.65,13.75,3.9
AK-320504-000-S,0.05,8,6,
KF556C36BWEK2-32,0.1,1.4,9.53,17.15
DK-1743-A-VH-D-5,71,50,53,
CN9950,,32.5,9.8,21
CN050AE,0.07,12.6,11.4,2.5
MAPCUS41,0.09,18,6,6
CZ134A,0.18,4.5,11.48,10.01
TC 15MUSB+/2,0.5,17,18,7
TC3-PK+PK10MCABLES,2.2,20,20,9
B3P23A,0.25,12.9,20.2,4
IEC8HC20,,7.5,52,13.2
DN-97666,0.61,10,51,6
DA-70836,0.1,14,11.5,3.76
DN-81626,0.2,26,26,3
DS-72211-5CH,23.4,81,70.5,
KF560C40BWAK4-64,0.26,2.54,12.19,17.15
MAPCUS28,0.06,18,6,3
AK-440100-025-S,0.28,4,15,
MAPCUS26,0.18,18,9,6
CAT6-BLK-1M,0.02,,,
LVO231405,0.01,,,
CE390A,2.47,19.3,39.1,30
TC-USBCSER/BL,0.06,,17,22
4X71K08907,0.03,5.8,15.7,1.7
STKL5000400,0.35,3.75,10.6,14.9
5D10S68976,0.3,,,
5Q7J2EA#ABU,,44.9,6.9,30.5
006R04727,0.99,31.5,14,12.5
AK-300101-010-S,0.03,1,9.2,
9S7-16R821-049,0,8.9,47.7,32.8
C13T05A300,0.38,27.7,14.3,4
6A1Q2EA#ABU,,52,6.9,30.5
DN-97672,0.05,4.2,8,8
AX4U320016G16A-DTBKD35G,0.1,17,14.1,1.22
WFLS900NL.CE7,,8.5,6.7,9.1
4XC1D69578,0.03,14.4,5.3,17.7
006R04679,0.29,18.5,12,9.5
SV058A,1.55,18.5,39.4,18.2
CN626AE,0.21,2.92,24.2,8.66
L0R16A,0.74,10,22.4,5.4
AK-300139-010-S,0.06,25,13.5,1.3
AK-300110-030-S,0.06,1.01,25,
SU014A,1,13.7,37.5,11.2
MAPCUS37-007,0.04,18,6,2
4X71D09536,0.03,15.7,5.7,1.5
AK-580300-003-E,0.05,16,14,
DB-510110-010-S,0.05,16,16,2
KF556C40BBAK4-64,0.26,2.54,12.19,17.15
006R04367,0.29,14,10.5,7.5
006R04469,2.13,35,17.5,16.5
DS-72210-5TR,23.4,81,70.5,
55035972,0.2,4.9,10,10
SS560A,1.08,13.5,55.4,13.7
DS-72211-3GE,23.4,81,70.5,19.5
LVO231476,0.06,,,
CE285A,0.83,11.3,37.5,12.5
AK-340602-000-S,0.02,20,9,
CF332A,1.84,16.4,39,21.4
CF301A,1.55,13,58.4,19.5
AK-340408-001-S,0.08,24,16,
USB31CCTLKV1M,0.09,22,12.5,1.5
CF360A,1.18,14.7,39.5,16.1
DN-95433,1.18,9.7,51,5.8
DS-72211-3CH,23.4,81,70.5,
9S7-17L541-071,,9,52.8,32.9
DN-19 TRAY1-1000-ECB,3.6,79.5,50,
STKL2000404,0.27,13.75,3.9,18.65
DN-19 ORG-1,0.65,10,14.5,
KL-G700FM,2.56,11.2,29.9,24.9
4XF1L53431,0.4,14.4,17.7,5.3
KL-500Mv2,1.72,19.6,23.3,9.5
AK-300301-002-E,0.06,15.5,13.5,
LVO231406,0.02,10,20,25
STKL2000405,0.27,3.9,13.75,18.65
KF560C40BBA-32,0.06,1.4,5.72,17.15
B242H00,0.92,39.9,13.7,18.1
DN-95450,3.35,140,14.5,
DB-510510-030-S,0.11,16,16,3
C13T02W14010,0.05,2.6,10.2,14.5
8A5X3EA#ABU,,52,6.9,30.5
DB-300130-030-S,0.15,5,7.5,
SCX-D6555A,1.63,,,
AK-330160-200-S,0.84,23.5,24.5,6.5
006R04680,0.29,18.5,12,9.5
106R01507,0.39,33.65,8.25,8.25
006R04378,1.27,37.5,17,16
3ED77A,0.38,4.62,11.9,12.6
39312,1.06,18.5,24,9
006R04356,0.24,14,11,7.5
DN-19 KEY-3U,9.45,41.5,51,
C9471A,1.09,12,32.4,6.4
816A9EA#ABU,,52,6.9,30.5
AK-300105-030-S,0.07,5,25,
STHS18000800,3.3,24,30.2,14.3
AK-340306-020-S,0.13,22,15,
CAT6-BLK-3M,0.1,,,
74C2HM0,0.45,16,19,7.5
C9370A,0.24,4,20.2,12.9
MU2MMMSWH,0.02,25,12.8,0.7
B262U00,1.08,39.9,13.7,18.1
CZ135A,0.18,4.5,11.48,10.01
C9390A,0.23,4,20.2,12.9
LVN149528,0.1,,,
72K2XC0,1.36,17.7,49.8,18.6
78C2UK0,2.04,19.6,49.8,22.3
DS-12890,1.33,18,23,
KF560C32RSK2-32,0.15,1.73,12.22,17.15
006R04216,0.37,23,6.5,5.5
POEINJ30W,0.38,6.4,16.2,
KF556C40BBAK2-64,0.13,1.4,12.19,17.15
CN623AE,0.14,2.87,24.17,7.16
39527,3.3,25,57,11
Q5945A,3.4,23.8,39.1,33
TS-462-4G,3.6,,,
KF552C40BBAK2-32,0.13,1.4,12.19,17.15
C2-DD46-UA2-CBL-KVM,0.7,10,16,21
DN-81325,0.21,26,26,3
26Q90B#629,6.19,24.2,47.5,40.5
CDP2DP141MB,0.05,22,20,
MAPCLT08-005,0.02,18,6,2
KF436C16RBA/8,0.14,1.6,12.22,17.14
DN-19 KEY-1U-SW,5.29,41.5,51,
AK-340303-010-S,0.07,16,24,96
X515MA-EJ869W,2.25,48.1,6.5,28.8
C9449A,0.23,4,20.2,12.9
IEUHBASTUDIOPRORBLK4,0.3,16.5,8.6,18.9
5M30Z71646,0.03,5.7,15.7,1.5
AK-300115-018-S,0.1,21,17,
76C0HY0,0.79,49,8,8
S0955990,0.77,15.6,8.8,23
5Y4B2EA#ABU,,44.9,6.9,30.5
DN-19 KEY-3U-SW,9.45,41.5,51,
18251,0.62,3,47,14
LVN122508,33,30,30,45
12.99.1110,0.56,,,
KF548R36RBK8-256,0.19,16.76,10.41,3.56
4XC1D69579,0.03,14.4,5.3,17.7
SS567A,0.98,13.7,55.1,14.3
DN-10180,0.26,3,15.5,22
C9451A,0.23,4,20.2,12.9
3ED71A,0.12,3.6,11.9,12.6
MAPCUS07,0.04,18,6,2
CX5500FEA-E60003,3.5,45.5,7.3,29
DN-19 ORG-3-SW,1.1,16,20,
AK-460701-100-S,1.19,10,17,
006R03215,2.3,,,
006R04637,0.54,18.5,12,9
DB-600109-010-W,0.05,2.5,9,
SRTL3KRM1UIC,24.2,76.4,56.4,27.8
8A5W1EA#ABU,,44.9,6.9,30.5
CF360X,1.27,14.7,39.5,16.1
44250722,0.56,10.8,39.9,11
58D2000,1.2,15.8,49.5,29.8
AK-340401-001-S,0.05,20,15,
AK-320505-000-S,0.04,8,5,
CE741A,2.62,18.8,49.2,22.5
DN-97681,2.81,47,45.5,5
FO-LCSCOM1D-005,0,0.17,0.17,0.01
DN-19 FAN-2-N,3.26,41,47,
AK-610100-030-E,0.14,24,15,
00NY673,0.5,,,
43502302,0.18,4.7,26.2,4.6
DB-300136-018-S,0.17,23.5,7.5,
AK-340301-030-S,0.17,2.8,17,
LVN147144,0.67,,,
LVO231410,0.11,8,20,25
DA-70856,0.1,23.5,7.5,
AK-300105-018-S,0.05,0.8,9.2,
AK-330150-200-S,1.02,19,20,6.5
72K2XM0,1.38,17.7,49.8,18.6
AK-330502-000-S,0.02,1.5,7,7.5
58D2H00,1.7,15.8,49.5,19.8
MAPCUS34-BK,0.09,18,6,6
X1400EA-EK1651WS,2.89,45,6.5,27
DA-70855,0.07,19,8.6,
88Z23EA#ABU,2.96,55.2,6.9,34.3
006R04217,0.37,23,6.5,5.5
DB-340106-010-S,0.09,2.3,7.5,23.5
TC-MDPVGA,0.04,22,17,
MAPCDB18,0.18,18,9,4
WH63 PORTABLE TEAMS,,18.1,20.1,11.2
SS600A,1.23,13.5,55.4,13.7
LVO231471,0.04,8,27.3,25
KF548C38BBK2-64,0.1,1.4,9.53,17.15
FO-LCLCOM2D-005,0,0.17,0.17,0.01
DN-97668,0.5,10,51,6
CF330X,1.84,16.4,39,21.4
39306,0.86,6.3,23.5,19.8
AK-330111-020-S,0.13,1.2,25,14
DK-292SCA3LC-01,0.04,1,20,
DB-510210-010-S,0.04,11,11,3
92298X,1.98,,,
LVO231510,0.05,,,
DA-70829,0.12,23.5,7.5,2.3
DA-90449,0.43,3.5,5.5,35.7
DK-35041/3-U,0.06,68,43,
C9371A,0.24,4,20.2,12.9
C13S050593,0,14.5,16.4,10.7
STLR4000400,0.4,4.55,12,18.3
SRT5KRMXLIM,66.9,96,61,33
AK-300315-001-S,0.03,15,1.75,
Q7581A,1.5,12,43,20.5
CMDPHD2HD,0.48,22.1,12.2,6.7
DN-81231,0.1,26,26,
R7J38A,2.3,28.5,28.5,9.5
B252X00,0.99,39.9,13.7,18.1
DK-2433CU075BK-BBB,0.21,35,35,
56F2X00,1.18,39.9,13.7,18.1
006R04618,0.36,18.5,12,9
C2-D46-UC2-CBL-KVM,0.42,16,21,6
LVN-CAT6A-FLEX-1MWH,0.05,16,27.6,3.6
AK-300105-005-S,0.02,0.5,9.2,
DK-1744-VH-5,27,54,54,
KF556R36RB-32,0.04,1.4,9.53,17.15
LVN-CAT6A-FLEX-50CMWH,0.05,16,27.6,3.6
WKSTNCART,20.1,72.5,114,17.7
DN-97601-2,0.47,48.5,5,4.5
LAC301558,0.39,18.6,12.9,3.5
72K2XY0,1.33,17.7,49.8,18.6
M9P74,0.77,48,38,7
C242XY0,0.24,10.2,14.1,7.2
STLC10000400,1.49,7.8,22.2,23.3
SV431HU34K6,1.8,40.9,21.2,8.7
AK-610203-100-E,0.46,27,24,
TC-MULTIHDMI/BL,0.1,16,16,4.5
LVO231814,0.03,10,20,20
USBLT2PCARW2,0.01,13,11,5
DB-340105-020-S,0.13,2.3,7.5,23.5
AK-440107-018-S,0.23,4,15,17
SU951A,2,26.9,35.3,15.2
LVN125458,0.38,26.5,10.5,3
106R03933,0.39,20.5,10,9.5
80C2HY0,0.24,,,
84C2HYE,0.54,16.5,20,7.5
DA-73103,1.11,30,14.5,6
STLP2000400,0.3,3.55,12,18.3
AK-460101-020-S,0.03,1.5,14,
KF552C36BWEAK2-32,0.13,1.4,12.19,17.15
AK-440100-050-S,0.48,5,17,21
LVO231752,0.15,17,6.5,2
LVN-CAT6A-FLEX-1 M,0.05,16,27.6,3.6
DB-340106-020-S,0.11,2.3,7.5,23.5
CF362X,1.21,14.7,39.5,16.1
IEUHJKSTUDIORGRYPRP6,0.21,16.45,7.1,18.75
CE255X,2.26,16,39.5,31.3
AK-300506-000-S,0.01,19.7,9,1.15
MANC6005-020,0.06,18,6,2
DN-95432,1.18,9.7,51,5.8
SU929A,1.28,20.1,35,15.9
C13T05B140,2.6,42.4,34.4,4.7
C13T05414010,,3.3,14.5,12
DKT30CMHSDPD,0.14,17,14.2,3
A-MO 8/8 SF,,,1,2.5
58D2H0E,1.7,15.8,49.5,19.8
006R04215,0.75,24,14,8
CE505X,1.3,11.3,34,22.5
AK-300343-008-S,0.13,1,21,11.5
N6LPATCH5MGR,,22,20,26.3
LVN147138,0.32,,,
B3P19A,0.25,12.9,20.2,4
SU907A,1.55,26.9,35.1,15.2
90YE00S1-B0NA00,3.17,20,31,10.8
920-010779,0.83,33.6,14.9,5.4
KF560C40BBK2-64,0.1,1.4,9.53,17.15
UACC-CABLE-C5E-OUTDOOR-PRO-305M-W,12.6,33,33,34
DB-510510-010-S,0.06,16,16,3
CE743A,2.62,18.8,49.2,22.5
AK-300202-030-S,0.07,14,25,
56F2H00,1.08,39.9,13.7,18.1
SM2DUPE11,3,46.5,23.5,9.5
72K20K0,1.18,17.7,49.8,18.6
CE742A,2.62,18.8,49.2,22.5
AKB-650EB,1.13,16.5,47.5,5.1
C252UK0,0.27,10.2,14.1,7.2
TC3-PK+PK15MCABLES,1.03,20,20,9
ACU-4511-305,7.6,20,35,
DN-19 ORG-2,0.92,16,28,
51B00A0,0.83,13.7,39.9,18.1
LVN-CAT6A-FLEX-2MWH,0.05,16,27.6,3.6
C13T05A400,0.38,27.7,14.3,4
CF259X,1.35,10.2,36.2,22.7
920-002645,0.69,16.3,2.92,47.4
C9448A,0.23,4,20.2,12.9
DK-2A338U050BK-BBB,5.3,35,35,
DB-510110-030-S,0.05,16,16,2
STKN5000400,0.34,14.6,10.5,4
AK-300102-018-E,0.05,0.7,11.5,
AK-340100-010-S,0.08,22,14,
TC 15MUSB+/BL/2,0.63,18,18,7
AK-440103-018-S,0.19,4.5,15,18
CN624AE,0.14,2.87,24.17,7.16
DK-1741-VH-5-OD,,24,55,
CF287X,1.65,12.2,37.3,28.1
64036HE,2.4,,,
LVN127086,0.02,,,
AK-340100-030-S,0.17,16,15,
74C2SK0,0.42,16,19,10
865R4EA#ABU,,6.9,55.2,34.5
01YN149,0.54,27.2,39.7,4.6
DN-10190,0.28,3,15.5,22
DS-72211-1UK,23.4,81,70.5,
DS-72000CH,4.85,40,20,39
LVN-CAT6A-FLEX-7.5MWH,0.05,16,27.6,3.6
STHA18000800,1.6,24,18,12
LVN149028,0.11,,,
LVO231399,0.01,,,
SS816A,2.45,17.2,60.7,14.4
DS-72000RU,4.85,40,20,39
KF560C40BBAK2-32,0.13,1.4,12.19,17.15
CN049AE,0.1,12.6,11.9,3.6
AK-600434-006-S,0.03,21,11.5,25
DN-96801M-2,0.3,28,2.2,
006R04218,0.37,23,6.5,5.5
DA-70168,0.11,20.2,8.6,
90YE00L0-B0NA00,4.78,24,37.8,13
CF322A,1.84,16.4,39,21.4
920-010753,1.16,46,14.9,5.4
X1504ZA-NJ105W,3.16,48.1,6.5,28.8
006R04688,0.35,18.5,12,9.5
9S7-16R821-472,,8.9,47.7,32.8
C13S110079,0,29,13,9.5
RACK-2U-14-BRACKET,3.3,54,40,13
AK-340509-002-W,0.06,20,15,
58D2X00,2,15.8,49.5,19.8
LVO231472,0.06,,,
CF460X,1.62,16.3,37.8,19.2
DN-19 FAN-4-SRV,4.4,43.5,50.5,
84C2HKE,0.71,16.5,20,10
DB-340202-010-S,0.07,16,16,2
LVN-CAT6A-FLEX-2M,0.05,16,27.6,3.6
EC147,,21,33.5,39.5
LVO231386,0.03,6,18,20
76C0HM0,0.79,49,8,8
USGFLEX50-EU0101F,1.41,9.8,27.6,18.5
MAPCSM01-BK,0.05,18,9,2
85D68EA#ABU,,44.9,6.9,30.5
920-010751,1.16,46,14.9,5.4
5D10R41288,0.56,28.6,39.3,4.7
FO-LCLCOM1D-003,0,0.17,0.17,0.01
74C2SME,0.38,16,19,7.5
LVO231394,0.01,,,
D8J10A,0.38,5.31,27.09,7.16
LVO231811,0,8,20,20
MANC6005-050,0.13,18,12,3
HDTX120EK3AA,0.25,3.8,11.1,14.1
STLC14000400,1.49,7.8,23.3,22.2
9555-430-111,,6.3,17.35,20.3
DB-340400-001-S,0.08,26.5,7.5,
006R04365,0.29,14,10.5,7.5
MU1MMS2RA,0.01,22,12.8,0.7
006R04421,1.36,31.5,20,9
KF552C40BBAK4-128,0.26,2.54,12.19,17.15
X950X2YG,0.6,,,
C2P21AE,0.04,2.3,10.6,11.35
LVN-CAT6A-FLEX-3M,0.05,16,27.6,3.6
DA-70837,0.1,14,11.5,4
CN052AE,0.07,12.6,11.4,2.5
KF556C40BWK2-64,0.1,1.4,9.53,17.15
C9372A,0.24,4,20.2,12.9
KF556C36BWEAK2-32,0.13,1.4,12.19,17.15
PWR5T,0.5,,,
DB-510210-030-S,0.06,11,11,3
865Z0EA#ABU,,6.9,55.2,34.5
DB-300334-020-S,0.1,5,7.5,23.5
920-010495,0.7,31.5,14,3.8
LVO231812,0,8,20,20
DN-19 KEY-2U,7.46,41.5,51,
MANC6001-250,,18,18,
920-010676,1.55,41.8,6.9,17.4
AX4U360016G18I-DTBKD35G,0.1,17,14.1,1.22
DA-90451,5.14,23.5,77,11
J3M71A,0.24,3.5,21.5,4.7
LVN-CAT6A-FLEX-15M,0.05,16,27.6,3.6
AK-320503-000-S,0.04,6,5,
DK-1743-A-VH-5-LD,33.5,53,53,43.5
MU1MMS,0.01,22,12.8,0.7
78C2UCE,2.04,19.6,49.8,22.3
AK-440109-008-S,0.21,2.5,15,
PRO DP21 12M-I5 12400 BB,2.75,,,
LVO231407,0.03,6,15,15
MAPCLT06-BK,0.07,18,6,3
KL-700MV2,2.02,19.6,23.3,9.5
W2010A,2,15.5,48.3,19.8
AK-430405-003-M,0.05,19.5,10,1
DS-12874,0.61,6.5,18,23
KF560S38IBK2-32,0.04,1.4,9.53,17.15
2122966,6.9,45,10.2,34.9
DN-81243,0.15,26,26,
AK-340409-001-S,0.08,1,16,
CAT6-BLK-5M,0.1,,,
AK-340303-030-S,0.24,3,18,
78C2XKE,0.36,10.2,14.1,10.1
006R04609,0.42,23,6,5
AP8706S-WWX591,1.35,5.5,7,24
C13T49H200,0,15.3,5.6,5.8
X1500EA-EJ2670W,3.16,48.1,6.5,28.8
SS797A,1.9,12.4,51,11.2
44992401,0.34,8,30,9.3
00XH697,1.08,20.5,48.5,4.2
1208633,3.9,5.3,19.4,20.7
STKY2000400,0.23,14.6,10.6,3.75
5CB0T70713,0.29,22.5,34.9,3.8
IEUHBSTUDIORGRYPRPL4,0.24,16.45,7.1,18.75
DN-19 ORG-3-1,1.17,16,20.2,
1208617,,5.3,19.4,20.7
AK-610203-020-E,0.14,21,12,
DS-72211-2GE,23.4,81,70.5,
LVN-CAT6A-FLEX-20MWH,0.05,16,27.6,3.6
SV110A,2.21,31.7,43.7,17.4
AK-300160-010-S,0.09,3,14,
MAVHDV01-030,0.23,18,9,9
AK-320300-020-S,0.27,24,18,
01YN133,0.4,,,
920-009391,1.33,38.3,5.1,16
006R04313,1.12,32.5,18.5,10
VB-WIFI-005,0.08,1.6,9,15.7
AK-610513-000-I,0.03,2,3,
C2-D46-UAC-CBL-KVM,0.5,21,16,6
006R04616,0.45,18.49,11.71,9.04
LVO231408,0.04,,,
LVN147146,1.25,,,
ATP700-EU0102F,4.8,16.3,51.9,39.2
TC 10MUSB+/BL/2,0.47,18,18,7
AK-340303-020-S,0.09,2,13,
NP754XFG-KA2UK,0.51,29.3,45.7,4.3
AK-300105-050-S,0.11,2.5,11.5,20
AK-300304-002-E,0.08,28,15,3
KF556S40IBK2-64,0.04,1.4,9.53,17.15
V-707421,,,9.3,23.4
DN-95428,1,5.8,9.7,
DB-340109-010-S,0.05,2.3,7.5,23.5
84C2HME,0.54,16.5,20,7.5
LVN149524,0.05,,,
920-010756,1.16,46,14.9,5.4
STKG1000400,0.14,14.7,10.45,3.25
KF556C40BWAK2-32,0.13,1.4,12.19,17.15
KF560C32RW-32,0.1,1.73,12.22,17.15
C2P23AE,0.08,4.4,10.6,11.5
4X20S56717,0.95,14.4,23.8,5.4
MAPCUS40-005,0.03,18,6,2
PRO DP21 12M-I3 12100 BB,2.75,,,
LVO231492,0.03,6,16.8,15.7
AK-340304-020-W,0.07,16,24,
SV565FXHD4KU,0.14,31,18,7.5
DN-96802M-2,0.17,,,
STKP16000400,1.34,7.7,21.2,21.8
AK-340301-020-S,0.13,2.3,17,
AK-430400-002-S,0.03,1,8.5,
LVN147120,0.03,,,
AK-440102-018-S,0.25,19,14,
AK-340603-000-S,0.03,20,10.5,
KF560C40BWK2-32,0.1,1.4,9.53,17.15
LVN231768,0.19,,,
MAPCUS31-005,0.03,18,6,2
STKL2000412,0.27,3.9,13.75,18.65
AK-330300-020-S,0.12,22,17,
KF552C36BBEAK2-32,0.13,1.4,12.19,17.15
ZP2000NM3A002,0.06,15.5,10.9,2.4
MAPCUS68,0.05,18,6,3
74C2SCE,0.38,16,19,7.5
PEXUSB321C,0.1,17,14.2,3
SU375A,3.77,27.3,36.1,19.3
DA-70327,0.05,8,12,1.5
006R04677,0.33,18.5,12,9.5
4X71K08908,0.03,5.8,15.7,1.7
10G5A2CS-USB-C-HUB,0.29,22.5,17,9.3
STHA4000800,1.6,24,18,12
AK-340403-001-S,0.04,20,15,
STKG2000401,0.14,14.7,10.45,3.25
86C0HK0,0.83,49,8,8
LVN149032,0.15,,,
P2V64A,0.25,12.9,20.2,4
STLC18000400,1.49,7.8,23.3,22.2
KF556C40BWAK2-64,0.13,1.4,12.19,17.15
KF560C40BWK4-64,0.2,2.54,9.53,17.15
90YE00K0-B0NA00,2.71,,,
MANC6001-500,2.18,18,18,15
MAPCUS27,0.05,18,6,2
DN-19 ORG-2U,0.73,8.5,49,
KF548R36RBK8-128,6.56,6.6,4.1,1.4
KF548S38IBK2-64,1.51,0.55,3.75,6.75
DN-19 KEY-1U,5.29,41.5,6,
B3P22A,0.25,12.9,20.2,4
106R02336,2.6,38.7,33,20.5
AK-340102-030-W,0.12,21,16,
KF560C40BBK4-64,0.2,2.54,9.53,17.15
DK-35041/4-U,0.06,100,0.5,
920-010932,1.56,13.85,17.35,5.8
C13T33424012,0.04,2.6,10.2,14.5
TB32DP14,0.27,17,14,3
WKSTNCMFLX,0.17,33,25,6
AK-330160-150-S,0.6,19,20,5
LVO231760,0.15,17,7,2
E5E78AA#ABB,0.7,18.2,53.8,4.25
KF556C40BWAK4-64,0.26,2.54,12.19,17.15
MAPCDP11,0.05,18,9,2
C13T01D100,1.44,37.9,27.8,5
DN-19 FAN,0.47,27,16,
HLP03UF,0.18,19,11.5,8
STKL2000413,0.27,3.9,13.75,18.65
C9454A,0.23,4,20.2,12.9
FO-LCLCOM2D-020,0,0.17,0.17,0.01
AN-25185,0.05,18,8,4
AK-430302-002-M,0.01,17,7.5,
6F234EA,,52,6.9,34.5
MANC6001-005,0.05,18,6,2
C13T04A440,0,19,2.6,11.5
4L1L1EA#ABU,,44.9,6.9,30.5
LVN149536,0.19,,,
AK-340410-001-S,0.08,23,16,
81M83AA#ABU,,44.9,6.9,30.5
DB-510330-010-S,0.05,11,11,4
43346,,24,24,6.5
DN-13003-2,0.06,6.8,23,15.3
AK-300334-020-S,0.09,2,17,25
85D70EA#ABU,,52,6.9,30.5
DN-10163,0.28,3,21.8,15.5
DB-340405-001-W,0.08,26,7.5,
43202,1.08,20.3,25,5
DP14A-15M-DP-CABLE,1,35,46,15
006R04639,0.54,18.5,12,9.5
TC-PF8AEU,0.04,7,13,3.8
90MP0240-BKEA01,1.37,13.7,44,3.9
74C2HY0,0.45,16,19,7.5
DN-10 ORG-1/2U,0.1,5.5,26.5,
71B2HK0,0.27,10.2,14.1,7.2
DK-1743-VH-050,2.6,32,32,
IEC12H,,7.5,52,13.2
B282000,1.2,15.8,49.5,19.8
4XB1D04758,0.1,14.4,17.7,5.3
SU524A,1.02,13.7,37.5,11.2
DB-300105-030-S,0.31,5,10,
CE403A,1.74,16.4,39,20.6
60F2X0E,1.3,13.6,45,18.2
DP14VMM1M,0.06,20,22,2
KF560C36BBEK2-64,0.1,1.4,9.53,17.15
AK-440400-017-S,0.25,5,15,
AK-340103-030-S,0.17,20,14,
STMA4000400,0.36,5.8,11.7,15.8
SS531A,1.65,12.4,51,11.2
SU963A,1.72,26.9,35.3,15.2
AK-340103-020-S,0.09,23,14,
AD5U560032G-S,0.03,17,5.5,0.9
DA-70253,0.1,14,8.5,
DK-1743-A-VH-10-LD,67,53,53,
CD951A,0.24,4,20.2,12.9
DK-1613-VH-305,12.3,45,44.5,
STKK16000400,1.64,8,23.6,23.3
DA-10195,0.41,14,13.6,
DP2HDMM3MB,0.13,22.6,20,3
AK-330300-050-S,0.34,18,16,
8A5X4EA#ABU,,52,6.9,30.5
106R03932,0.4,20.5,10,9.5
AK-330300-100-S,0.56,5,20,
DB-340305-010-S,0.06,2.3,7.5,23.5
LVO231301,0.04,6,18,15
74C2SY0,0.38,16,19,7.5
RK519WALLV,2.2,17.5,56,26
LVN149036,0.23,,,
AK-610107-020-E,0.12,1.5,14,
TB310G2,0.7,13.4,17,7.4
SV221HUC4K,0.25,17.2,12,8.5
DA-90507,0.23,14,9,
74C2HME,0.45,16,19,7.5
DK-35121/4-U,0.06,68,43,10
920-008503,1.62,46.3,4,18.3
SS635A,1.55,12.4,61.7,12.8
KL-G500FM,2.51,24.9,29.9,11.2
D8J07A,0.2,2.87,24.17,7.16
DB-510330-030-S,0.08,11,11,4
DS-72210-4US,23.4,81,70.5,
12A6865,2.8,,,
CF280X,1.3,11.3,34,22.5
Q6463A,2.2,14.8,40,26.8
AK-440115-008-S,0.2,4,17,
P2V86A,0.51,4.1,28.3,11.8
DB-340416-002-W,0.09,23.5,7.5,
DB-510210-018-S,0.05,11,11,3
DN-81323,0.19,26,26,3
E510MA-EJ040WS,2.57,46,6.5,29
SU158A,0.95,13.8,38,11.7
4XC1K04678,0.03,4.2,3,0.23
DB-340305-018-S,0.1,2.3,7.5,23.5
DN-81245,0.26,32,32,4
SS553A,1.55,12.4,61.7,12.8
4X70Z78725,0.04,5.7,15.7,1.5
72K2XK0,1.17,17.7,49.8,18.6
56F2X0E,1.18,39.9,13.7,18.1
DB-300146-010-S,0.1,23.5,7.5,
4XB7A17102,0.43,13.3,17.4,6.3
LVO231818,0.01,8,25,25
58D2X0E,2,15.8,49.5,19.8
DB-330505-000-S,0.08,3.5,10,
20N2HC0,0.9,40,12.5,12.5
AK-300202-050-S,0.11,2.5,11.5,
AK-300310-002-S,0.02,14,9,
920-010933,1.56,13.85,17.35,5.8
920-008678,1.2,53,4.8,20
P2V62A,0.25,12.9,20.2,4
LVN147136,0.23,,,
4X71F27331,0.03,5.8,15.7,1.7
DN-19 KEY-2U-SW,7.46,41.5,51,
CF287A,1.3,10.2,36.2,22.7
LVO231479,0.04,,,
LVO231469,0.03,6,16.3,15
SS586A,1.38,13.5,55.4,13.7
71B2HC0,0.24,10.2,14.1,7.2
LVO232552-100,8,,,
AK-460702-100-S,3.19,15.5,17,
B282H00,1.7,15.8,49.5,19.8
DN-95001,0.1,26.5,7.5,
LVO231379,0.06,,,
U01043-USB-EXTENDER,1,22.5,19,5.5
CZ136A,0.18,4.5,11.48,10.01
920-008091,1.41,47,25.5,3.7
DB-340509-002-W,0.11,2.3,7.5,23.5
80C2XC0,0.26,,,
C13T591900,0,40,6,14.5
AK-430400-002-M,0.03,10.5,9.5,
78C2XY0,0.26,10.2,14.1,7.2
CF410X,0.95,12.1,36.3,12.3
CLT-M809S/ELS,0.97,13.5,54.7,14.2
AK-340105-100-S,1.41,33.5,33.5,
L0R15A,0.37,5.2,22,4.8
DKT31CVHPD3,0.15,17,14.2,3
AK-510300-050-S,0.13,16,5.5,
DB-510330-018-S,0.06,11,11,4
SV231DHU34K6,0.15,18.9,23.8,9.1
NP750QFG-KA2UK,,24.4,42.24,5.4
LVO231493,0.04,8,27.5,24
AK-300108-010-S,0.04,18,15,1
72K2XKE,1.61,17.7,49.8,18.6
920-008223,1.24,52.6,4.9,22.1
EC146,,21,33.5,39.5
AX4U36008G18I-DTBKD35G,0.1,17,14.1,1.22
DN-13001-1,0.48,15,23,7
DB-300334-010-S,0.06,2.3,7.5,23.5
58D0HA0,1.7,15.8,49.5,19.8
DN-30211,,3,14,13
TC3 SURRTB,4,10,32,20
920-009350,1.42,46.1,4.2,17.9
4X71F27330,0.03,5.8,15.7,1.7
LVO23050-MTP,0.04,,,
42320,0.31,13.8,18.3,5.3
DK-2A338U100BK-BBB,7.54,35,35,
LVN122506,30.5,35,35,40
LVO231808,0.01,,,
LVO231409,0.06,,,
SV231TDPU34K,,18.9,23.8,9.1
80C2XK0,0.36,,,
DA-90508,0.6,40,35,
SU365A,3.77,27.3,36.1,19.3
EC143,,43,55,39
AK-460701-100-W,1.5,21,21,17
C2-DH46-UA2-CBL-KVM,0.8,16,21,10
74C2HKE,0.59,16,19,10
E413396,0.25,6.4,16.4,16.7
AK-340100-150-S,0.92,7,22,
F9J67A,0.25,12.9,20.2,4
LVN125455,0.08,,,
LVO231480,0.06,6,27.2,25
NLBK-3M-CAT6A-PATCH,0.12,19,22,2
SS642A,1.08,13.5,55.4,13.7
DB-510320-002-S,0.03,11,11,4
CE740A,2.62,18.8,49.2,22.5
DK-1743-VH-1,5.16,33,33,
AK-340100-050-S,0.26,20,19,
AK-340301-010-S,0.09,3,17,
C242XK0,0.27,10.2,14.1,7.2
N272-006-WH,0.14,1.27,17.78,22.86
AK-300108-018-S,0.05,21,11.5,2
SM-R177NZKAEUA,0.14,9.54,8.63,4.48
CE400X,1.74,16.4,39,20.6
4X71A11993,0.03,5.7,15.7,1.5
HDMIF-MCHDMI,0,0.1,0.1,0.01
MAPCUS69,0.15,18,6,6
DA-70157,0.12,15,10.1,2.5
5D10R29527,0.3,,,
MAPCUS29,0.1,18,6,6
Q6462A,2.2,14.8,40,26.8
AK-300105-050-E,0.11,25,14,20
HDTX140EK3CA,0.25,3.8,11.1,14.1
T8X12B#629,3.34,17.5,45,24.6
C13S050585,0,28.4,7.7,8.5
LVR125625,0.09,,,
MAPCUS01-007,0.04,18,6,2
CE263A,1.84,16.4,39,21.4
AK-340301-050-S,0.4,24,18,
AK-300100-010-S,0.03,0.7,9.2,
AK-340418-002-S,0.07,18,14,
C242XM0,0.24,10.2,14.1,7.2
DB-340202-030-S,0.15,16,16,2
62D2X0E,2,49.5,16,19.8
4XB0W86200,0.12,14.4,17.7,5.3
D8J08A,0.2,2.87,24.17,7.16
MDP2DVID2,0.17,17.5,14.5,3
78C2UME,2,19.6,49.8,22.3
32810,0.99,23.8,29.2,5.5
C13T49H100,0,15.3,5.6,5.8
STKP10000400,1.34,7.7,21.2,21.8
ARMSTSCORNR,25.1,79,121,22
920-009554,1.15,45.05,14.75,3.95
AK-320502-000-S,0.04,8,5,
AK-610201-050-E,0.44,17,25,
ST121HDBTE,1.1,15.6,23.5,6.5
P2V65A,0.25,12.9,20.2,4
LVN-CAT6A-FLEX-3MWH,0.05,16,27.6,3.6
STKM5000400,0.34,4,10.5,14.6
U-CABLE-PATCH-1M-RJ45,0.05,10,8,6
DN-81321,0.17,26,26,3
LVN-CAT6A-FLEX-50CM,0.05,16,27.6,3.6
HDTX110EK3AA,0.25,3.8,11.1,14.1
LVO231474,0.04,,,
51F2H00,0.9,45,18.2,13.6
AK-300130-010-S,0.04,1,15,
CE261A,1.84,16.4,39,21.4
76C00Y0,0.53,49,8,8
W1490A,1.07,10.2,36.2,19.8
LVN147126,0.08,,,
LVO231810,0,10,20,20
NP754QFG-KA2UK,,24.4,42.24,5.4
106R03934,0.38,20.5,10.5,9.5
CF033A,1.84,16.4,39,21.4
DK-1643-A-070,0.27,3.5,20,
920-010836,0.91,34,15.6,5.5
DN-13024,0.76,7.1,14.7,21
LVO231475,0.04,,,
KF568C36RWK2-32,0.15,1.73,12.22,17.15
LVO231495,0.11,,,
44315308,0.51,7.2,30.2,11.3
AK-340416-002-W,0.03,20,15,
MAPCUS07-005,0.03,18,6,2
LVN149042,0.46,,,
DN-3027,0.09,7.5,23.5,2.3
920-010926,1.56,13.85,17.35,5.8
W2412A,0.75,9.6,36.3,11.1
006R04619,0.36,18.5,12,9
SU828A,0.86,17.1,35,9.6
LVN125456,0.33,,,
STKP6000400,1.34,7.7,21.2,21.8
LVO231819,0.01,10,30,30
LVN147142,0.45,,,
920-009328,1.99,46.1,6.2,18.7
AK-610201-030-E,0.41,27,15,
865R3EA#ABU,,6.9,55.2,34.5
DN-19 ORG-1-SW,0.65,10,14.5,
NLBK-1M-CAT6A-PATCH,0.05,19,22,1
STKL2000406,0.27,3.9,13.75,18.65
DB-300230-010-S,0.05,11,12,3
SV231QDPU34K,,25,18.5,10
B3P24A,0.25,12.9,20.2,4
AK-340400-001-S,0.03,20,15,
LVN-CAT6A-FLEX-15MWH,0.05,16,27.6,3.6
DB-340414-001-S,0.1,23,7.5,
AK-330505-000-S,0.08,11,7,1.5
DB-340202-018-S,0.1,16,16,2
FO-LCLCOM3D-010,0,0.17,0.17,0.01
CE260A,1.84,16.4,39,21.4
LVN122510,61,35,35,40
DP14VMM4M,0.33,33,24.5,2.3
AK-340105-200-S,1.92,33.5,33.5,
920-009556,1.15,45.05,14.75,3.95
CZ133A,0.16,12.6,11.9,3.6
STLL4000200,0.34,11.2,4.6,15.5
AK-330300-030-S,0.16,23,19,
AX4U320032G16A-DTBKD35G,0.11,17,14.1,1.22
01YN156,0.43,30.3,39.5,8.6
LVO231477,0.02,,,
STKS500400,0.14,14.51,10.45,3.25
920-010757,1.16,46,14.9,5.4
141H9AA,0.11,16,2.54,23.6
DS-72000IT,4.85,40,20,39
106R02220,1.5,,,
DA-90505,1.03,9,12,
MANC6001-100,0.5,18,12,9
006R04687,0.35,18.5,12,9.5
STLR2000400,0.3,3.55,12,18.3
HDDVIMM50CM,0.09,22,20,1.7
A-MO 8/8 SR,,,1,2
P2V66A,0.25,12.9,20.2,4
C2P22AE,0.04,2.3,10.6,11.35
C9455A,0.23,4,20.2,12.9
LVO231470,0.04,6,15.6,17.4
AK-340306-030-S,0.16,22,15,
SS649A,0.98,13.7,55.1,14.3
LVN-CAT6A-FLEX-5MWH,0.05,16,27.6,3.6
5D10W46416,1,,,
AK-300116-010-S,0.06,18,15,
MAPCUS18,0.02,9,7,2
82V7008WUK,2.38,33.3,53.3,7.4
5D10Q11724,0.49,27,39.8,5.6
106R03480,0.17,19,6.5,6
2POSTRACK12,7.9,72.5,35.8,7.6
MAPCUS01-005,0.03,18,6,2
DS-72000US,0.49,3.5,37.5,17.5
816G5EA#ABU,,48.3,6.9,30.5
LVN122162,48,35,35,55
TONE-UFP9.CGBRLLK,0.16,9.2,9,4.6
STKC4000401,0.36,4.5,10.6,14.6
920-010492,0.7,31.5,14,3.8
DB-340406-001-W,0.04,7.5,23.5,
TN6600,1.18,,,
AK-340105-150-S,1.47,33.5,33.5,
AK-330500-000-S,0.02,8.5,8.5,
5Y4B1EA#ABU,,52,6.9,30.5
DS-72000UK,4.85,40,20,39
AK-300400-002-S,0.02,19.6,9.2,
4X30M86888,1.08,48.5,20.5,4.2
DS-72211-2CH,23.4,81,70.5,
AK-300138-018-S,0.02,9,9,
71B2HY0,0.24,10.2,14.1,7.2
LVO231302,0.04,,,
DN-170110,5.25,35.2,23.8,
AK-340103-050-S,0.26,3,18,
IEC10H,,7.5,52,13.2
4X71D09534,0.03,15.7,5.7,1.5
AK-580105-030-E,0.08,24,16,
AP9643,0.91,15.9,23.5,5.1
NLBL-2M-CAT6A-PATCH,0.08,19,22,1.5
LVN603SOUT,0.08,,,
DK-2433CU100BK-BBB,7.54,35,35,
KF560C32RSAK2-64,0.17,1.73,12.22,17.15
85D69EA#ABU,,52,6.9,30.5
LVO232550-100,4,,,
B020-U08-19-IP,18,83.01,66.5,13.01
006R04377,1.03,37.5,17,16
USGFLEX700-EU0101F,4.8,16.3,51.9,39.2
DN-19 SRV-36U-1,98.8,105,65,
SU897A,1.82,26.9,35.1,15.2
CM994A,0.63,11.4,17.4,5.3
4XB1D04757,0.1,14.4,17.7,5.3
920-009518,1.33,38.8,17.5,4.6
STKP14000400,1.34,7.7,21.2,21.8
ST352020,0.35,12.5,29,2.5
AK-610107-030-E,0.15,27,14,
IEUHBSTUDIORGRYBLU4,0.24,16.45,7.1,18.75
AK-300203-030-S,0.14,23,14,
SU737A,1.02,13.7,36.3,9.8
DK-1623-A-VH-1,4.5,33,32,
F9J66A,0.25,12.9,20.2,4
920-009325,1.99,46.1,6.2,18.7
DN-81601,0.15,26,26,3
52D2X00,2,,,
4XC1D51447,0.07,14.4,5.3,17.7
IEUHJKSTUDIORGRYBLU6,0.21,16.45,7.1,18.75
006R04725,0.65,31.5,14,12.5
LVO231378,0.04,6,18,20
6ZC72AE,0.14,3.8,12.4,16
STKX4000402,0.35,14.9,10.6,4.5
72442-41,0.13,15,18,6
DB-340105-010-S,0.08,2.3,7.5,23.5
SS735A,1.08,13.5,55.4,13.7
DB-300160-002-S,0.19,7.5,23.5,
C242XC0,0.26,10.2,14.1,7.2
106R04646,0.51,47,9.5,9
CST00207,0.23,,,
AK-330101-002-S,0,2,23.9,116
006R04686,0.35,18.5,12,9.5
P2V67A,0.25,12.9,20.2,4
P2V63A,0.25,12.9,20.2,4
LVO231805,0.01,,,
MDP2DVI3,0.05,24,16,2
DN-170111,3.05,35.2,23.8,
AK-340100-100-S,0.62,5.5,18,29
20N2HK0,0.9,40,12.5,12.5
56F2U00,1.27,39.9,13.7,18.1
AK-330150-150-S,0.79,19,20,5
DN-97680,2.81,47,45.5,5
AK-300137-018-S,0.05,9,9,
AK-300108-030-S,0.07,14,25,
DK-1743-VH-250,,40,40,
MAPCUS32,0.19,18,6,5
HDTX140ESCCA,0.33,3.8,11.1,14.1
MAPCUS07-002,0.03,18,6,2
SU147A,1.17,14.8,39.8,12.4
AK-340100-020-S,0.12,23,14,
AP8704S-WWX590,1.01,4.5,7,24
AK-340406-001-W,0.04,20,15,
8A5X5EA#ABU,,52,6.9,30.5
DK-2433CU050BK-BBB,5.3,35,35,
TC 2MUSBC/BL,0.09,3,15,15
MAPCUS05,0.09,18,6,6
STLC12000400,1.49,7.8,23.3,22.2
AK-610518-000-I,0.03,2,6,
M2E4BTB3,0.62,15.7,23.4,13.2
AK-440113-018-S,0.19,2,18,
90YE00N1-B0NA00,2.52,19,28.5,10
SV048A,2.03,25.9,35.1,17.3
B2300A0,0.86,39.9,13.7,18.1
C9374A,0.24,4,20.2,12.9
01EN223,0.32,20,32.2,0.4
DK-1843-VH-1,6,29,29,
MU10MMS,0.04,22,12.8,0.7
DKM31C3HVCPD,0.16,20.7,14.4,3.8
USGFLEX100-EU0112F,1.4,10,28.4,19
MAPCUS40-007,0.04,18,6,2
KF552C36BWEAK2-64,0.13,1.4,12.19,17.15
B3P21A,0.25,12.9,20.2,4
CB316EE,0.05,2.4,10.7,11.5
460-11738,1.57,8,43,32
KF552C36BWEK2-64,0.1,1.4,9.53,17.15
725J7EA#ABU,,44.9,6.9,30.5
LVN147145,0.85,,,
52D200E,1.2,49.5,15.8,19.8
MFCJ4340DWERE1,10.7,24.2,49.5,45.5
AK-300138-010-S,0.02,9,9,
DA-70250-1,0.13,21,15,2.7
1208625,,9.6,27.4,26.1
4L1H3EA#ABU,,44.9,6.9,30.5
KE8952R-AX,2.5,41.4,20.7,11.7
KE8952T-AX,1.9,41.4,20.7,11.7
CE624-AT-E,4.04,54,13.1,23.3
CE600-AT-E,1.84,32.5,9.8,21
CE750A-AT-E,1.84,32.5,9.8,21
VE8952R-AT-E,0.98,28.3,6.2,17.3
VE2812AT-AT-E,0.77,23.9,5.9,16
CE604-AT-E,2.06,32.5,9.8,21
KE9952R-AX,1.73,41.4,20.7,11.7
KE9952T-AX,1.84,41.4,20.7,11.7
CE100-AT-E,0.75,23.9,5.9,16
VE883RK2-AT-E,1,28.3,6.2,17.3
VE8952T-AT-E,0.97,28.3,6.2,17.3
CE610A-AT-E,2.1,32.5,9.8,21
UEH4002A-AT-E,0.68,23.9,5.9,16
VE883TK2-AT-E,1.07,28.3,6.2,17.3
C13T800900,0,35,4.8,11.7
38330,1.4,5.5,28,19.5
25599-899-899,,17,5,20.2
25089-989-999,,17,5,20.2
MFCJ4540DWZU1,12.6,31.2,49.7,46.4
R29KV,2.68,7.6,39.3,34.5
25599-899-989,,17.2,7.4,21.2
25599-889-999,,17,5,20.2
25599-989-899,,17,5,20.2
25089-989-899,,17,5,20.2
SMC1500I,27.2,59.5,32.8,37.6
35403,0.55,7.5,17.7,11
25599-899-999,,17,5,20.2
25089-999-999,,17,5,20.2
25599-889-989,,17.2,7.4,21.2
38262,2,6,42.3,35.4
25599-999-899,,17,5,20.2
25599-999-889,,17.2,7.4,21.2
38227,1.27,15,26.8,8
FO48U,20.8,16,118,76
25599-989-989,,17.2,7.4,21.2
38225,1.27,8,26.2,15
25599-889-899,,17,5,20.2
25599-989-999,,17,5,20.2
25599-999-989,,17.2,7.4,21.2
25599-989-889,,17.2,7.4,21.2
25599-999-999,,17,5,20.2
MFCJ6940DWZU1,25.5,56.1,68.1,49.3
DTX/64GB,0.02,1.09,10.16,11.43
DTX/256GB,0.02,1.09,10.16,11.43
DTXM/64GB,0.02,11.9,10.16,11.43
DTXM/128GB,0.02,11.9,10.16,11.43
DTXM/256GB,0.02,11.9,10.16,11.43
SDCZ48-128G-U46,0.03,1.19,10.16,15.24
SDSQUAB-128G-GN6MA,0.05,8,4,6.9
GV-N407TSEAGLEOCICE-16GD,1.52,32.2,21.4,7.5
HYS5481024168GBOE,0.03,15,1,5.5
HYS5482048816GBOE,0.03,15,1,5.5
RB-250,0.21,,,
URT-650,1.29,,,
USB3-801,0.05,10,20,1.5
SFP-10G-LR-AR-AO,0.18,12.07,6.98,3.05
3204202,,10,31,48
3204200,,2.5,34.8,24.3
WCH1CUK,0.23,13,9,5.5
65EEGAC1UK,9.7,71.5,48,22.5
40AW0045EU,0.2,11,11,4
14201-37,0.05,16,22.5,2.5
14208-23,0,4.5,7.5,1
ARMDUAL3,4.36,,,
ARMDUAL2,4.25,,,
420-52,0.9,7,14,24
LTSTND,3.2,42,33.7,9.5
CONNLOCKPK10,0.07,20,22,0.5
ARMQUADPS,12.7,,,
40ANY230DK,1.9,19.5,27,8.5
920-009313,0.91,19.9,3.4,27.2
DN-95417,0.8,78,12,
BE850G2-GR,5,44.1,18.6,19
920-008908,1.65,4.37,50.8,18.4
38415,0.17,10,5.5,14
38336,0.84,8,6.35,2.8
DA-70617,0.15,6,8,10.5
920-009480,0.76,19.5,3.1,26.7
136-32,0.07,2.7,10.3,17.5
136-33,0.14,2.7,10.3,17.5
61EDGAT2EU,9.59,48,69.4,16.3
956-000001,0.25,43.56,6.11,1.71
73301,0.02,14.4,13.3,0.57
40961,4.68,,,
40659,5.78,,,
40657,2.64,,,
38414,0.08,11,13,2.8
38233,0.48,13.5,18,8
38235,0.34,6.5,14.6,10.5
38232,0.41,12,17,6
32122,0.05,14.4,13.3,
ZT41143-T5E00C0Z,18.6,,,
V11H959041,8.95,50,49.5,23.5
7UH88AA#ABB,0.15,14.1,19.8,5.5
6SP25AA#ABB,0.2,10.3,6.3,3.2
HDBOOST4K2,0.11,17,14,3
V11H919041,27.7,59,47.2,64
38236,0.53,5.5,24.8,18.3
32120,0.31,5.5,18.5,14
00XH692,1.08,20.5,48.5,4.2
6SP30AA#AC3,0.2,10.3,6.3,3.2
2662,0.05,1.2,10.8,19.5
VFM-DP2B,3.74,,,
GX40V10007,1.59,18,50.5,36
90YH028G-B1UA00,0.91,27.1,23,12.5
4XD0S92991,0.31,17.8,20.95,5.2
981-000014,0.3,20,7.2,22.1
204209,0.25,15.4,19.7,5.7
126-09,0.8,7,24,18
920-009201,0.86,45.5,15,3.5
40658,4.8,,,
40656,2.4,,,
3203990,,7,41.5,35
43279,0.09,19.4,17.6,2
PN579X,0.06,5.7,17.2,1.8
920-009204,0.86,45.5,15,3.5
7HF70A,0.1,12.4,18.1,1.4
S12-0401650-CLA,0.25,,,
920-009202,0.86,45.5,15,3.5
910-005718,0.13,7.6,4,11.9
5TW10AA#ABB,1.49,15.6,19.2,16.5
910-005640,0.22,11.6,4.9,17
ST7C51224EU,0.77,9.8,23.5,9.5
40AH0135EU-RFB,1.95,42.2,20,8.6
38265,0.8,17,22,6
ROLWRSTRST,0.14,14.2,17,3
K75404EU,0.2,18.2,15.2,9.4
FST-00003,0.92,8.8,19.7,19.7
910-005632,0.2,11.6,4.8,17
38230,0.13,6.5,20.5,11.5
GY40T26484,1.7,20.4,48,6.5
910-005672,0.41,11.5,6.8,17.2
100-99800900-60,0.11,20.5,10.7,3.5
100-99800902-60,0.12,3.4,10.6,17.8
ORAZIO01PT,,13,53,4
NP.MCE11.00T,0.14,32.5,25.5,17
DN-3026,0.12,12.6,17.5,3.2
DA-90374,13.4,52.5,108,
38249,0.68,5.5,24.5,18.3
4X20Q88547,0.7,,,
441-26,0.06,25,9,16.6
441-27,0.06,25,9,16.6
AC-3PIR,0.53,24.9,12.7,7
441-23,0.06,2.5,9,16.6
320-42,0.45,7,14,24
320-34,0.24,3,12,16
DA-90458,2.12,31.6,44,
DA-90369,1.25,,,
THZ695GL,0.29,15,2,24
993-001951,1.12,24.5,20.1,6
993-001942,0.42,20.8,3.7,20
993-001943,0.35,21.2,3.7,20
993-001903,0.08,21.4,2.05,20.32
993-001896,0.09,18.7,10,1.59
L44548-031,,30,40.5,6
5JH72AA#ABB,0.64,36.5,37.5,1.8
VFM-WA1X1B,0.9,,,
910-003725,0.25,17,10,22
89434-02,0.18,17.8,13.78,5.46
89435-02,0.14,5.46,13.78,17.8
3203955,,3,33.5,24
3203986,,7,37,33
3203988,,7,41,35
70436,0.27,12,15.5,6
2303-820-10488001-99,,14.1,18.3,6.7
VB-CAM-001,0.2,7.6,14.3,7.6
V12H996B59,0.02,77.3,40,72.3
01AV493,0.4,,,
981-000770,0.56,19.8,10.7,23
6599-629-109,0.28,15.3,19.2,6.3
6599-623-109,0.28,15.3,19.2,6.3
14101-76,0.13,4.5,13.5,1.2
S37-2100911-SV1,,24.5,27.5,13.5
100-92046900-60,0.09,3.4,10.6,18.2
J02-VXXXXX1-EB9,0.78,,,
DK30C2DPEPUE,1.3,27,15.5,9
VFM-F20,27.5,,,
VFM-F25,42,,,
PE0112G-AT-G,1.18,69.7,11.2,8.2
DA-70613,0.16,9,6,
ARMBARDUOG,5.7,,,
ARMDUOVS,5.3,,,
THZ779GL,0.35,18.7,2,29.29
ST352011,0.33,12.5,29,2.5
920-008088,1.3,47,25.5,3.7
340-40,0.04,2,11,18
FPWFXB1,3.6,98,15.6,38
FPWTLTB1,4.8,98,15.6,5
910-005292,0.18,10.2,4.6,15.5
VFM-DSDB,6.54,,,
520-35,1,10,10,52
126-06,0.33,5.8,17.5,18
126-07,1.18,9,45,21
DA-70614,1,8.5,13,
ARMPIVOTHDB,4.1,,,
241B8QJEB/00,7.17,19.8,60,46.8
4CE99AA#ABB,1.04,19.2,4,44.4
VFM-W2X2TV2,1.12,4.5,23.9,23.9
TSB96101GL,0.6,35,12,48
914-000046,0.02,3.8,0.95,17.2
14208-15,0.02,15,1,8
50-259,0.2,14,4.1,9.3
14601-02,0.03,16,2,9
14208-16,0.02,15,1,8
14101-70,0.04,16,6,22.5
42926,,12,12,2
14101-75,0.62,12.5,18.8,12.6
626663,0.17,0.5,25,36
VFM-W1X1TV2,0.42,,,
JXC18,0.5,,,
MC.JMV11.00G,0.21,5.3,14.3,2.8
ST122HD202,0.4,10,5.5,1.6
406-45,0.09,2.5,9,16.6
406-44,0.09,2.5,9,16.6
ST124HD202,,21.2,14.8,5.5
KV9704A,1.56,29.84,27.31,10.8
THZ749GL,0.6,23.89,2.5,33.4
K52900EU,0.22,0.5,26,38.5
DS-55123,0.37,15,11.7,7.7
DS-55122,0.85,14.9,19.9,8
DA-70867,0.19,16,11.5,
L13912-001,0.54,6,32,44
221B8LJEB/00,6.81,18.4,56.5,49
PX706HD,3.8,30,36.5,18.8
993-001465,0.05,10.4,1.5,18.6
910-005283,0.18,10.2,4.6,15.5
PR1500ERT2U,31.2,53,56,27.5
NC-S300-UC,27.5,68,88,38
6393-829-289,0.22,19,25.5,1
2399-829-189,0.18,7,14.5,19
2393-829-189,0.17,7,14.5,19
6399-829-289,0.27,19,25.5,1
6399-823-189,0.27,19,25.5,1
6393-823-189,0.22,19,25.5,1
406-36,0.1,2,12,20
420-40,0.52,4,20,33
136-23,0.41,3.5,11.5,34
631-01,0.14,4,10,16
461-05,0.03,2,10,11
DN-93404,0.02,3.5,2,
DN-93401,0.01,3.5,2,
TLS15UF,0.27,5,42,30.5
CRS95UF,0.14,16.5,16.5,1.5
AVB07UF-V2,0.75,6,46.5,32.5
TLC06UF-V2,0.4,4.8,41,28.5
AVB05UF-V2,0.61,29,38,5.5
TLC04UF-V2,0.38,4.8,38.5,26.5
LWB14UF,0.95,32,39,11.5
CRS78UF,0.16,15,15,3
TLS14UF,0.28,5,37.5,29.5
DN-93802-1-SH,0.01,2.5,6,
DN-93802-3-SH,0.01,6,3,
DS-45317,0.49,20,19.5,
GH82-15960A,0.07,13.2,15,3.2
1FG30ENFR,,15,15,
K64490WW,0.22,0.6,26,38.5
1FK05AA,0.5,30,45,18
920-008680,1.2,53,4.8,20
PDU81005,3.9,25,50,6.5
KBTRAYADJ,5.4,69.3,30.5,14.3
626469,0.21,0.5,27,44.5
626459,0.16,0.5,25,36
626488,0.38,0.5,35,59.5
626478,0.29,0.5,32.5,53.5
626477,0.29,0.5,32.5,53.5
626455,0.16,0.5,25,36
626454,0.16,0.5,25,36
626451,0.15,0.5,25,36
626491,0.51,0.5,44,72.5
626483,0.31,0.5,32.5,53.5
626482,0.03,0.5,32.5,53.5
626472,,0.5,27,44.5
626458,0.16,0.5,25,36
626397,0.16,0.5,25,36
626486,0.37,0.5,35,59.5
626476,0.29,0.5,32.5,53.5
626485,0.37,0.5,35,59.5
626474,0.22,0.5,27,44.5
626471,0.21,0.5,27,44.5
626446,0.17,0.5,25,36
626379,0.16,0.5,25,36
626489,0.5,0.5,44,72.5
626480,0.29,0.5,32.5,53.5
626479,0.29,0.5,32.5,53.5
626462,0.21,0.5,27,44.5
420-38,0.6,7,14,24
14101-69,0.01,13,1.2,5.5
DS-55203,0.16,11.4,7.8,
VNB-003-T1,0.57,6.5,40,30
DA-70863,0.38,18,18.5,
DS-45404,0.28,23.5,9.5,
2HU82AA#ABB,0.11,7.8,12.9,4.7
V12H757040DA,4.58,44.5,23.5,18
V12H759040,1.73,32,19.5,12
NC-S300-BG-UK,27.5,68,88,38
LTRISERP,0.47,29.8,2.1,22.1
DN-93712,0.04,5.5,6,3
DN-93713,0.06,5.5,6.5,
DN-93710,0.04,5.5,6,3
CUSBCAR2A,0.05,11.6,18.1,4.5
405-87,0.14,2,21,26.5
406-04,0.09,2.5,9,16.6
4X30M86925,1.08,48.5,20.5,4.2
980-001295,1.31,21.7,12.56,24.4
4X30M86913,1.08,48.5,20.5,4.2
920-007915,0.72,50.6,14.2,4.1
920-007935,0.72,50.6,14.2,4.1
14208-13,0.9,4.3,9.3,14.1
14208-07,0.02,1,4.5,7.5
FHD-00017,0.2,2.84,8.23,15.91
P13YF,0.16,7.1,11.3,4.8
DA-90364,10.5,,,
88011-102,0.02,1,1,3
4993-829-409,0.14,3.5,18,23
4993-823-309,0.14,3.5,18,23
4999-829-409,0.17,3.5,18,23
4999-823-309,0.17,3.5,18,23
ST352321,0.38,11.5,32.5,2.5
1LU22AA,0.56,30,46,14
920-004520,0.74,51,15.8,4.6
FPWFXBAT,3.9,97.8,23.5,4.9
DELL-PN350M-BK,0.08,5.9,17.3,1.95
THZ85011GL,0.44,18.79,2.5,29.1
THZ850GL,0.45,19,2.5,29.1
273V7QJAB/00,6.19,13.4,66.4,45.2
243V7QJABF/00,4.82,11.5,58.8,46.5
1LU22AA#ABB,0.56,30,46,14
SRFB9B,0.2,13.7,4.3,11.2
NWA90AXPRO-EU0102F,0.67,15.5,24,6
U263-AC600,0.02,8.13,6.6,1.9
U225-004-R,0.14,13.21,5.08,12.7
U444-003-H,0.09,24.13,17.78,2.54
U322-006-BK,0.09,1.27,17.78,22.86
U050-006-GY-MAX,0.04,1.27,17.78,22.86
U038-006-CRA,0.04,1.27,17.78,22.86
U024-06N-IDC,0.01,1.27,17.78,22.86
SRSHELF4PSLHD,10.8,78.74,51.31,78.49
SR42UBDP,165.6,127,85.09,215.9
A620M H,0.9,26.5,26.5,5.4
A620M DS3H,1.07,26.5,26.5,5.4
AK-300100-018-S,0.04,0.7,11.5,
90YV0IH2-M0NA00,1.09,21.7,36.4,6.6
SRFBBB,0.2,13.7,4.3,11.2
90YV0J42-M0NA00,1.12,22.05,36.8,6.8
90MB1FV0-M0EAY0,1.7,27.5,27.5,6.74
90MB1F80-M0EAYC,0.95,26.3,27,5.15
90MB1F40-M0EAY0,0.92,27,26,5.15
90MB1FU0-M0EAY0,1.61,27.5,27.5,6.74
90MB1F50-M0EAYC,0.94,27,26,5.15
90YV0IY2-M0NA00,2.7,26.5,53.4,8.5
VCG4060T8DFXPB1,,9,32.5,17.2
90YV0IY3-M0NA00,2.7,26.5,53.4,8.5
A620M S2H,0.91,26.5,26.5,5.4
43370,0.6,13.2,20.5,5.2
43371,0.6,13.2,20.5,5.2
LVN-CAT6A-FLEX-7.5M,0.05,16,27.6,3.6
LVN-CAT6A-FLEX-10M,0.05,16,27.6,3.6
43376,1,19.8,23,6.3
P036-02M-EU,0.18,1.3,20.3,25.4
90RC00L1-M0UAY0,3.31,21.7,42.7,13.2
90RC00L0-M0UAY0,3.31,21.7,42.7,13.2
90RC00K1-M0UAY0,2.66,24.1,30.7,13.5
90RC00K0-M0UAY0,2.66,24.1,30.7,13.5
H510M K V2,0.68,23.5,26.5,5.2
B760M H DDR4,0.83,26.5,26.5,5.4
H510M S2H V3,0.76,23.5,26.5,5.2
H610M S2H,0.77,23.5,26.5,5.2
AX4U32008G16A-SBKD35,,17,7,1.22
B760M DS3H,1.12,26.5,26.5,5.4
90MB1FR0-M0EAY0,1.36,6.8,33.8,27.3
FWA-510-EU0102F,1.5,20,25,14
USGFLEX200H-EU0101F,2.43,7.3,42.7,24.7
NWA210AX-EU0202F,1.06,21.2,32.9,6.4
Z790 AORUS ELITE AX-W,2.32,27,33.5,8
340K2AA,0.02,14.8,23.2,1
KF552C40BWAK4-128,0.26,2.54,12.19,17.15
ABBY11B,0.03,2,7.5,16
90YV0GP2-M0NA00,1.11,21.7,36.4,6.6
LVN122114,13,39.5,23,39.5
5G16AINDS-USB-A-HUB,1.8,28,13,4.3
90MB1F00-M0EAY0,0.92,27.5,27.5,6.75
90MB1F10-M0EAYC,1.36,27.5,27.5,6.75
90MB1EZ0-M0EAY0,0.85,27.5,27.5,6.75
DK-1644-300,0.92,4.6,28,
90MB1EK0-M0EAYC,1.14,26.3,27,5.2
90IG0860-MO9B00,0.95,25.7,33.5,8.1
PH-NV723TG_DBK01,19.4,69,34.5,62.8
PH-NV723TG_DMW01,19.4,69,34.5,62.8
KF560C40BWAK2-32,0.13,1.4,12.19,17.15
KF560C36BWEAK2-64,0.13,1.4,12.19,17.15
KF552C36BWEA-32,0.06,1.4,5.72,17.15
85040,0.1,5.5,16.5,19
LVN6010SOUT,0.11,,,
LVN6015SOUT,0.12,,,
DN-43000,118,83.5,82.5,207.26
DN-43001,124,103.5,82.5,207.26
UE332C-AT-E,1.84,,,
UE331C-AT-E,1.07,,,
SCR50AXE-EU0101F,1.72,28.1,23.8,15.1
A520M K V2,0.68,23.5,26.5,5.2
SRF8YB,0.2,13.7,4.3,11.2
SRFPLB,0.2,13.7,4.3,11.2
SRF91B,0.2,13.7,4.3,11.2
SRG25B,,13.7,4.3,11.2
90YV0GH6-M0NA00,0.84,22,30.3,5.5
ER707-M2,1.1,32.3,24.2,7.3
4XC1L37930,0.08,13.6,13.2,3.6
DN-45000-KEY,0.01,10,6.5,0.1
CS-HYTE-Y60-WW,11.3,53.5,37.2,54
90MB18F0-M0EAYC,0.91,26.3,27,5.15
L2W58EA,3.27,7.6,50.8,30.5
P2425HE,7.24,,,
HP246PJB,9.2,20.9,63,43.8
A3YT2ET#ABU,,6.9,55.2,34.5
A3YS9ET#ABU,,6.9,55.2,34.5
A3YS6ET#ABU,,6.9,55.2,34.5
996Y2ET#ABU,,29.5,51.8,49
996Y3ET#ABU,5.9,38.4,10,30.8
996Y7ET#ABU,,29.5,51.8,49
996M4ET#ABU,5,38.4,10,30.8
996X8ET#ABU,4.8,17,49.9,29.8
8T1R4EA#ABU,,29.5,51.8,49
CUBI NUC 1M I7 150U FS 16GB 1TB W11P,0,22,20.5,9.4
CUBI NUC 1M I3 100U FS 8GB 512GB W11P,0,22,20.5,9.4
CUBI NUC 1M I5 120U FS 8GB 512GB W11P,0,22,20.5,9.4
CUBI NUC 1M I5 120U BB,0,22,20.5,9.4
CUBI NUC 1M I3 100U BB,0,22,20.5,9.4
6N4D6AA#ABU,11.8,52.7,82,16.1
OLED65B42LA.AEK,24.4,17.2,160,95
OLED55B42LA.AEK,19.5,17.2,136,81
9S6-3DC84T-008,12.5,19.8,98.5,51.3
6PA50A4,11,26.9,64.6,43.8
9G178ET#ABU,,55.2,6.9,34.5
9G175ET#ABU,,44.9,6.9,30.5
9G177ET#ABU,,44.9,6.9,30.5
9G176ET#ABU,,44.9,6.9,30.5
9G179ET#ABU,,44.9,6.9,30.5
7J087AA,,48.3,6.9,30.5
64L88EA,3.4,23.5,49.8,13.2
5W626EA,3.4,23.5,49.8,13.2
1746630P7,,7.1,12.6,88
SSM-U02,0.05,,,
DS-55337,0.31,17.9,12.3,4.5
90YM00K0-B0EA00,0.48,13.9,16.8,6.1
WFS-S,0.94,12.45,22.73,10.8
UH3235-AT,0.16,12.5,3.5,18
VA24DQFR,5.36,15.2,61.4,42
CUBI N ADL N200 FS 4GB 128GB W11P,1.39,22,20.5,9.4
4Q8N4AA#ABU,7.4,14.1,62.5,37.3
CH-30-01,1.1,,,
UK7002505D,0.75,7.8,27,17.6
QY776AA#ABF,0.82,48.7,18.9,3.4
PE0316SG,3.53,106.1,14.5,16.6
OLED77G45LW.AEK,49,22.8,187.9,113
OLED65G46LS.AEK,35.9,17.2,160,97
OLED55G45LW.AEK,28.2,17.2,136,81
OLED55C46LA.AEK,21.3,18.7,136,81
OLED65C46LA.AEK,26.4,20,160,95
OLED55B46LA.AEK,19.5,17.2,136,81
OLED83C44LA.AEK,56,28.5,205,121
OLED77B46LA.AEK,33.5,20,183.9,113
OLED65G45LW.AEK,35.9,17.2,160,97
OLED77C46LA.AEK,38.5,22.8,187.9,113
8Y2F7E9#ABU,7.8,41.5,62.5,14.2
8X534E9#ABU,7.4,,,
8J4D8E9#ABU,9.5,16.1,71.5,45.5
8J9E6E9#ABU,10.3,16.1,71.5,45.5
65UT91006LA.AEK,34.7,20.3,160,97
5G2A1SGBB-USB-C-HUB,0.11,17,14.2,3
5F115EA,,29.5,51.8,49
55UT91006LA.AEK,23.7,18.7,136,81
50UT91006LA.AEK,20.1,17.2,121.5,81
50QNED80T6A.AEK,16.4,15.2,121.5,77.5
43QNED80T6A.AEK,11.7,14.2,105.5,66
B024-DPU16,5.31,32.41,49.43,13.31
S01,3.4,,,
GN01,5.81,,,
GN02,5.81,,,
XG8T.DGBRLLK,4.9,21.2,44.2,26.2
XG2TBK.CEUSLLK,0.4,12.95,12.35,6.5
UVC30 DESKTOP,,8.5,15.1,9.5
UE43DU7100KXXU,10.5,14.7,108.1,66.5
UE85DU7100KXXU,46.5,21,207.5,123.3
QE98QN90DATXXU,92.7,27.5,237,142
QE75QN90DATXXU,50.2,19.1,188.4,111.8
QE75Q60DAUXXU,42.3,19,183.4,111
QE85QN900DTXXU,69.4,22,209,126
QE55QN95DATXXU,25.4,17,144.8,82.2
QE75QN800DTXXU,57,19.1,184.4,112.4
QE85Q60DAUXXU,55.3,22,207.5,123.7
QE75QN95DATXXU,50,19.1,190.4,111.8
QE43QN90DATXXU,17.6,14,116.4,66.7
QE85QN90DATXXU,63.3,23,214.1,124.5
QE65QN90DATXXU,35.4,18.5,162.2,93.5
QE55QN90DATXXU,26.2,17,144.8,82.6
DL30,7.12,48.6,26,38.7
BH72 LITE TEAMS BLACK USB-A,3.9,20.7,19.4,5.3
43UT91006LA.AEK,15.2,17.2,105.5,66
UE55DU8000KXXU,22,14.8,139.9,84.6
UE85DU8000KXXU,55.3,22,207.5,123.7
UE75DU7100KXXU,34.5,18.6,183.2,111
UE75DU8000KXXU,42.3,19,183.4,111
QE55S95DATXXU,33.1,16.5,143.2,81.8
QE50Q80DATXXU,22.1,16.4,129.6,76.1
QE75Q80DATXXU,47.6,18.6,187.2,112
QE43LS03DAUXXU,15.5,16.5,108.7,67.7
QE85Q80DATXXU,59.2,20.9,213.2,123.5
QE85LS03DAUXXU,64.1,23.5,208.7,124.9
QE75LS03DAUXXU,50.7,20.7,183.9,111.3
QE65LS03DAUXXU,34.5,19.1,161.4,95
PRO MP251,4.4,41.1,63,12.5
OPTIX G271CQP,8.3,18.7,79,49.3
G5 KF5-53UK353SH,4.52,49.1,10,33.9
FO27Q3 EK,11.3,19,90,56
9S6-3DD41M-012,8.5,17,80,51.4
61S9340000AF,4.99,24.5,29.2,30.3
2469A-PRIVACY-SCREEN,1,38.9,60.2,4
210-AZZE,14.9,95,46.81,22.5
FI32Q,15.2,19.8,100,58.5
937W2EA#ABU,6,49.8,19.6,34.6
784Q9AA,,70,,
6N4F1AA#ABU,8.42,14,62.1,40
63F4MAT1UK,8.4,16,73,42.2
622Y0ET#ABU,2.95,13.2,49.8,23.5
50U19AA#ABU,13.7,18.5,81.6,50.4
210-AZZD,,82.3,16.31,45.9
210-AYLV,12.6,,,
210-AXKZ,14.9,95,46.81,22.5
18H24AA#ABU,0.84,22,45.6,4.4
PW.1.21005.0003,70,,,
8MB11AT,4.63,21.16,61.42,50.49
CN9850-AT-E,1.69,32.5,9.8,21
9G0S6ET#ABU,,44.9,6.9,30.5
38389,0.58,7,22,13
38387,0.54,9.5,15.2,13.3
XG27ACS-W,10.1,51.5,78,22.6
XG27WCS,9.7,20,84.3,48
MB166CR,1.7,29,43.4,7.6
2LX92AA#ABB,0.17,14,19.8,5.4
90YH03Y0-BTUA10,0.24,10.7,10.2,5.6
8X530E9#ABU,7,37.3,62.5,14.2
VB350,7.4,87.2,19.7,26
CEILMOUNT.CAM550,5.34,22,27.6,62.4
CAM570,10.9,29.3,27.5,52.5
90YH03Y0-BTUA00,0.24,10.7,10.2,5.6
99A31ET#ABU,7.92,49.9,39.9,22.8
99A20ET#ABU,15.1,23.7,74.2,64
6L2Y7EA#ABU,6.2,19.6,49.9,34.6
622Y3ET#ABU,2.95,13.2,49.8,23.5
622Y1ET#ABU,2.95,13.2,49.8,23.5
9VF99A9,8.4,22.3,61.1,39.2
8MB10AT,5.59,21.16,54.06,46.33
75V6BK,28.02,17.8,185,112.5
65V6BK,18,14.5,164.5,100
58V6BK,15.28,13.5,145,88.3
55V6BK,12.7,12.8,136,83
50V6BK,10.56,11.5,123.5,77.5
4CF02AA#ABD,0.84,14.5,4,44.5
43V6BK,7.78,11.5,107.5,64.6
9S6-3CC29H-400,7.85,14.5,81.5,50.2
9S6-3CD89T-015,10.3,18.5,80,50
9S6-3CC29H-280,8.8,14.5,84.7,49.1
XUB2497HSU-B1,,12.6,68.5,40.5
XUB2797QSU-B1,,13,67.9,42.7
AERO 16 OLED BSF-H3UK954SH,4.19,56.7,7.4,40.3
DELL-P2425,6.75,,,
DELL-P2425HEWO,5.8,,,
DELL-P2425HWO,5.34,,,
DELL-P2725HWO,6.8,,,
9S6-3CE11M-017,7.85,4.5,81.5,50.2
9S6-3DD04T-019,12.4,23.3,100,51.3
6N6F2AA#ABU,11,16,69.9,44.6
4Q8N4E9#ABB,7.4,14.1,62.5,37.3
3E2U5ET,0.79,14,32,47
55020CES,,12,12,6.5
4CE98AA,0.84,14.5,4,44.5
210-BEJE,15.2,94.23,22.35,44.96
MAG INFINITE S3 12BTA-1808UK,10.4,58.5,31.7,51
WH62 DUAL UC,,26,20.3,11.2
996V7ET#ABU,,29.5,51.8,49
996N7ET#ABU,4.8,17,49.9,29.8
996T0ET#ABU,4.8,17,49.9,29.8
98N52ET#ABU,,6.9,48.3,30.5
996V6ET#ABU,,29.5,51.8,49
996X2ET#ABU,,38.4,10,30.8
98P91ET#ABU,,6.9,48.3,30.5
98N48ET#ABU,,6.9,55.2,34.5
98N29ET#ABU,,6.9,48.3,30.5
98P93ET#ABU,,6.9,55.2,34.5
CABLE-TAG-HLWH,0.09,12.8,22,2.8
AT-AG 302A-WH,0.03,4,4,
AS108-AT,18,78.5,39.7,25.9
AP901-AT,0.18,12.9,12.4,4.2
AP902-AT,0.18,12.9,12.4,4.2
628M6ET#ABU,12.5,18.6,62.8,67.5
VK102-AT,0.85,28.3,10,17.3
KG8900T-AX,0.32,18.5,6.5,11
KG1900T-AX,0.35,18.5,6.5,11
KG9900T-AX,0.33,18.5,6.5,11
KG6900T-AX,0.35,18.5,6.5,11
6N4D6AT,11.8,52.7,82,16.1
1C4Z7AT,9.1,42.3,69.8,16.3
671R3ET,0.5,7.5,9.7,23.7
4Q8N9E9#ABB,8.2,4.84,53.83,31.17
OPTIX MPG341QR,13.8,19.6,96.2,66.5
65P56AA,4.3,12.1,56.7,38.7
VG259Q3A,5.6,17,62,41.2
PA24ACRV,8.1,12.7,62,39
926M0ES,,48.3,6.9,30.5
6PA50E9#ABB,11,26.9,64.6,43.8
K7C00AT,6.9,25,63.2,41
LDH-00015,2.6,5.5,29.1,39.5
1C4Z6AT#ABU,8.1,41.5,62.5,14.2
6N4F1E9#ABB,8.42,14,62.1,40
6N4D3AT,9.7,16,69.9,44.6
6N4D0AT,8,14,62.1,40
6N4F1AT,8.42,14,62.1,40
6N4D0A5,8,14,62.1,40
9TT20AT,5.7,12.8,67.5,42.5
9TT20AA,5.7,20.01,61.22,44.77
LV290AA#ABD,0.86,18.2,53.8,4.25
G6X 9KG-43UK854SH,2.98,39.7,10.3,31.7
BGM2200B-UK,14.5,48,35.5,15.5
98Q37ET#ABU,,6.9,48.3,30.5
862H7ET#ABU,,6.9,55.2,34.5
862H5ET#ABU,,6.9,48.3,30.5
VG32AQA1A,9.72,56,80.3,18.7
DELL-SE3223Q,11,81.99,16,50.6
6N4E8E9#ABB,6.8,14,57.1,36.3
6N4D3E9#ABB,9.7,16.85,61.34,54.47
2G3D3E9,5.8,12.6,69,43
1741530P7,1.06,15.5,13.1,22.3
1746430P7,1.07,12.8,15.8,22.1
100-99280904-99,,3.5,11.2,13.2
CUBI N ADL N100 BB,1.39,22,20.5,9.4
4P5P3AA#ABA,1.1,13,35.9,3.5
2D9K1AS#ABB,4.7,12.1,61,39.9
40Z32AS#ABB,10.3,19.2,60.3,42.1
40Z32AS,10.3,19.2,60.3,42.1
6N4C4E9#ABB,10.1,44.6,69.9,16
2D9K1AS,4.7,12.1,61,39.9
MK231SBZ,0.04,18,18,9
9S7-15P212-019,,9.3,48.9,31.5
132UE-TB4USB4DOCK,1.4,14.5,23.5,9
3L1E7AA#ABU,0.69,17.1,45.7,3.1
VG279QL3A,8.4,22.4,73,44.6
9S6-3CD24T-004,9.3,19.8,78,51.5
920-012511,,6.2,45,14.7
PARRIS03B,0.31,8,18,22.25
WHG900NB.CE7,0.94,27.5,10.8,27.5
P3424WE,14.8,,,
MAG 275CQRXF,9.4,17.1,98.5,49
MAG 323UPF,12.5,16.8,97.5,55
6D8G2AS#ABB,4.3,12.1,56.7,38.7
6D8G2AS,4.3,12.1,56.7,38.7
3G828AT#ABB,7.2,37.3,62.5,14.2
169L0AT#ABB,10.4,41.1,59.6,22.5
169L0AT,10.4,41.1,59.6,22.5
SSM-U01,0.05,,,
210-AZKS,6.37,72.01,44.7,13.99
1C4Z6AT#ABB,8.1,41.5,62.5,14.2
1A7E5AT#ABB,6.04,21.16,53.82,46.43
1A7E5AT,6.04,16.5,59.8,41.5
960-001384,0.21,14.5,7.7,5.4
8MB10AT#ABB,5.59,22.5,63.9,41.9
981-000587,0.23,20,5.4,22
73435,1.72,9.5,26.9,15.6
39384,1.02,18.5,24.5,7.5
189T0A9#ABB,8.89,22.3,61.1,39.2
63EDMAT2UK,6.7,12.6,62.1,38.5
POLONA04B,0.29,18.5,7.8,20
90YH03Z0-BAUA00,1.23,16.5,19.8,29.7
90MP03D0-BMUA00,0.22,10.9,15.8,7.3
45GS95QE-B.AEK,,,92.71,
39GS95QE-B.AEK,16,55.12,98.55,33.78
34WR55QC-B.AEK,10.3,21.08,98.55,52.32
34GS95QE-B.AEK,14,55.12,92.71,29.46
27GS60F-B.AEK,7.9,45.3,70.7,16.4
27GS95QE-B.AEK,11,18.1,80.8,53.2
24GS60F-B.AEK,5.2,39.6,61.3,14.9
6PA50AA,11,26.9,64.6,43.8
6PA50AA#ABB,11.5,43.8,64.6,26.9
3ME69AA,6.2,14.2,65,44.6
43392,0.33,9.3,36.5,3.5
98Q38ET#ABU,,6.9,55.2,34.5
84H79AA#ABU,0.35,14.1,23.9,4.4
TAS5305/00,0.8,11,23.8,10.3
AZ215S/12,1.6,26,28,16
1321000,0.87,22.95,21.8,6.9
AZ127/12,2.4,15.8,32.6,27.5
9S6-3DC54A-014,9.6,16.2,94.7,52
9S6-3CC29H-261,9.3,14.5,84.7,49.1
470-32,0.05,2,7.5,11.7
441-54,0.25,1.7,11.5,14.5
38369,0.31,11.9,17.7,4.3
32E1N3100LA/00,9.71,16.2,93,51.7
27E1N1100A/00,6.62,14.1,69,45.5
126-49,0.35,10.6,18.1,22.1
100-98500000-99,0.41,5.1,18.5,23.4
910-005796,0.16,10.2,4.6,15.5
MS7421W-GR-EU,0.22,16,8.55,4.5
XG27ACS,10.1,51.5,78,22.6
XU2294HSU-B6,3.6,38,56.4,12.2
XG272-2K-OLED,,17,92.8,50.6
MS-S02,,3.7,5.5,7
11T300B0UK-ALT,2.85,26.8,49,14.1
11T3002RUK-ALT,,26.8,49,14.1
GM-800,2.8,12.2,33.5,24.2
GP-400A,1.7,11.5,30,18
VX2479-HD-PRO,4.2,12,60.5,40
VX2779-HD-PRO,5.5,13.5,68,46
VX2758A-2K-PRO,6.4,12.8,70.6,47.1
VA2708-HDJ,7.7,16.7,67.9,45.6
VA2408-HDJ,6.8,17.2,60.9,39.8
IP510UHD-TZ,1.05,,,
HD11CTRL-V2,1,,,
162MM-PRIVACY-SCREEN,0.21,24.5,39,0.4
142MM-PRIVACY-SCREEN,0.2,24.5,39,0.4
14LT-PRIVACY-SCREEN,0.21,24.5,38.9,0.4
6D8H2AA#ABB,7.39,13.7,68.5,42.5
2890,77,130,17,68
RX18G,1,,,
HG55CU700EUXXU,19.5,15.8,138.6,84.3
C44CS-KIT,0.9,,,
61U0120000AC,12.2,26.4,51.8,35.9
4CE97AA#ABD,0.64,19,44.4,3.8
HG50CU700EUXXU,16,15,126.4,78
HG43CU700EUXXU,11.2,14.3,108.1,67
CUBI 5 12M I5 1235U FS 8GB 512GB W11P,1.39,22,20.5,9.4
CUBI 5 12M I3 1215U FS 8GB 256GB W11P,1.39,22,20.5,9.4
678U5AA#ABU,9.2,19.5,59.6,41.6
90LM03A0-B02370,10.6,51.2,71.9,26.7
MS3320W-GY,0.15,4.65,8.7,13.3
VA220-H,0,10.6,55,38.2
VA270-H,4.7,10.2,67.6,45.8
VA240-H,4,11,60.6,41.9
G5 KF5-H3UK354SH,4.52,49.1,10,33.9
9H.LM4LB.QBE,9.7,,,
960-000582,0.34,20.96,7.62,15.24
2XRT-0021G,0.18,5.9,16,11.9
XUB2793QSU-B6,7.3,14.2,69.1,44.7
XCB4594DQSN-B1,16.4,31.5,126,47
6PA50E9#ABU,11,26.9,64.6,43.8
QAU-00126,0.49,17.8,17.7,7.2
QAU-00139,0.49,17.8,17.7,7.2
12E30058UK,2.85,26.8,49,16.6
12E30059UK,2.85,26.8,49,16.6
12JH000XUK,6.35,39,19.5,50
12JH000HUK,6.35,39,19.5,50
12E3001NUK,2.85,26.8,49,16.6
169L0AA#ABU,10.4,41.1,59.6,22.5
TWCPG,0.5,17.7,30.7,5.8
73429,0.06,10,8,4.5
623W5ET#ABU,12.7,24,66,46.2
21Y56AT,16.7,22.5,95,48
960-000584,0.14,10.3,5.4,8.3
PRO DP21 13M I3 13100 BB,2.75,38.2,27.5,12.5
PRO DP10 13M I5 1340P BB,2.1,10.2,24.9,30.1
PRO DP21 13M I5 13400 BB,2.75,38.2,27.5,12.5
PRO DP21 13M I7 13700 BB,2.75,38.2,27.5,12.5
PRO DP10 13M I7 1360P BB,2.1,10.2,24.9,30.1
90YE00S5-B0NA00,3.17,20,31,10.8
LS741HD,4.7,28,40,15.5
LS710-4KE,4.7,28,40,15.5
E607093,7.6,21.4,64.3,43.9
E705428,8.9,34.5,49.7,48.7
E607503,7.6,21.4,64.3,43.9
E607299,7.6,21.4,64.3,43.9
63F2RAT3UK,15.5,22,93.7,47.5
9S7-15F312-001,,9.3,47.8,35.5
DS-55323,0.29,11.9,11.9,4.9
CM3401FFA-LZ0199,2.71,45.5,7.3,29
75C805K,39.92,18.8,185,112
910-005641,0.22,11.6,4.9,17
420-95,0.45,3.2,9.6,19.1
126-48,0.53,10,21,21.6
100-99181001-60,0.16,4,11.05,12
626447,0.18,0.5,25,36
640-32,,14.5,52,4.1
WH62 MONO UC,,26,20.3,11.2
9S7-15A211-034,,8.8,49.9,33.3
75P638K,34.7,25,184.4,116
50C805K,13.62,12.6,126.5,77.5
2769G-PRIVACY-SCREEN,0.5,42.5,74,0.6
2461G-PRIVACY-SCREEN,0.39,34.4,56,0.6
162MG-PRIVACY-SCREEN,0.19,24.5,39,
MDWLIFT1021-B1,45.7,,,
MDCAR1021-B1,45.7,,,
MAG A750BN PCIE5,,14,15,8.6
FA506NC-HN003W,3.29,42.6,10.3,31.2
9VZ09EA,,43.5,6.7,26
9M3Y3AT#ABU,,44.9,6.9,30.5
84H76AA#ABB,0.37,16.3,17.6,4.4
817N0EA#ABU,,52,6.9,30.5
UX8406MA-PZ203W,2.95,33.5,4.55,23.6
UX5304MA-NQ037W,3.57,39,7.3,27.6
UX3402VA-KN521W,2.95,41,7.5,28.4
UX3405MA-PZ075W,2.95,41,7.5,28.4
N6506MV-MA026W,3.76,48.8,6.5,31
M1605YA-MB189W,3.76,48.8,6.5,31
FX607JV-N3113W,2.57,46,6.5,29
FX507VU-LP150W,3.29,42.6,10.3,31.2
FA507NU-LP103W,3.29,42.6,10.3,31.2
E1504FA-L1772W,2.25,48.1,6.5,28.8
DA11ABL-WP-EU,0.3,,,
CX1400CKA-NK0408,2.37,45.5,7.3,29
CX1400CKA-NK0380,2.37,45.5,7.3,29
9M3V9AT#ABU,,48.3,6.9,30.5
9M3W2AT#ABU,,48.3,6.9,30.5
FA506NF-HN003W,3.29,42.6,10.3,31.2
BH71 PRO,,32.3,46,14.5
9M462AT#ABU,,44.9,6.9,30.5
9M3W0AT#ABU,,48.3,6.9,30.5
9M3T9AT#ABU,,44.9,6.9,30.5
9M3U0AT#ABU,,52,6.9,30.5
9M3P5AT#ABU,,52,6.9,30.5
9M472AT#ABU,,44.9,6.9,30.5
9M3W7AT#ABU,,48.3,6.9,30.5
9M3T8AT#ABU,,48.3,6.9,30.5
126-46,0.18,7.1,17.8,20
126-47,0.26,7.1,17.8,20
210-AZGT,5.23,61.3,40.5,12.9
49B2U6900CH/00,19.4,47.5,129,30
27E1N1300AE/00,8.97,16.1,78,42
27E1N1300A/00,7.18,14.1,69,45.5
271V8LAB/00,5.35,12.3,73,44.6
24E1N1300AE/00,6.97,14.1,73,39.1
24E1N1300A/00,5.26,12.4,61,37
241V8LAB/00,4.85,12.1,60.7,41.5
38345,6.33,40.1,51,9.8
2469G-PRIVACY-SCREEN,0.39,34.4,56,0.6
156G-PRIVACY-SCREEN,0.17,24.5,39,0.6
14G-PRIVACY-SCREEN,0.16,24.5,39,0.6
WH63 UC,,18.1,20.1,11.2
LS711W,4.88,28,40,15.5
LS49CG954EUXXU,20.6,48.1,126.5,34.3
LS34C650TAUXXU,10.5,36.7,80.7,12.5
LS32CG552EUXXU,7.5,49.4,79.3,19.7
IFP65G1,35.5,22,142.8,87.8
IFP86G1,35.5,22,142.8,87.8
IFP55G1,35.5,22,142.8,87.8
DELL-E2222H/RFB,4.14,,,
9G2G3ET#ABU,,52,6.9,30.5
8X229AA,0.24,5.6,18.5,20.7
8X214AA,0.22,5.6,18.5,20.7
8X225AA,0.33,20.9,18.3,5.5
8X223AA,0.33,20.9,18.3,5.5
80S02AA,0.25,5.6,18.5,20.7
80S02A6,0.25,5.6,18.5,20.7
80S09A6,0.25,5.6,18.5,20.7
80S11A6,0.25,5.6,18.5,20.7
80S05A6,0.25,5.6,18.5,20.7
80S01A6,0.25,5.6,18.5,20.7
7F0J7AA,0.54,18.3,20.9,5.5
7F0J8AA,0.54,18.3,20.9,5.5
783R8AA,0.05,15.24,10.16,2.54
783R6AA,0.26,17.8,22.9,5
786D0AA,0.52,18.5,21,11.5
786C7AA,0.07,15,9,2.7
786C6AA,0.07,15,9,27
783R7AA,0.26,17.8,22.9,5
783R1AA,0.18,5.2,19,17.5
783R3AA,0.18,5.2,19,17.5
77Z31AA,0.62,18.8,21,11.5
77Y95AA,0.59,18.8,21,11.5
77Y86AA,0.71,19,21,11.5
77P41AA,1.85,100,24.2,46.4
77Z30AA,0.32,21,18.6,5.5
77Y99AA,0.64,18.8,21,11.5
77P36AA,0.83,61,18.3,35
77P35AA,0.82,18.3,35.9,5.5
77Y91AA,0.59,12.2,18.6,5.5
77Y96AA,0.32,16.2,18.6,21
77Y92AA,0.59,18.8,21,11.5
77T43AA,0.15,5.2,14.2,17.7
77P34AA,0.35,9.29,19.98,4.08
77Y93AA,0.59,18.8,21,11.5
772K3AA,0.33,20.9,18.3,5.5
772D2AA,0.54,18.3,20.9,5.5
772D0AA,0.51,36,18.3,20.9
772C9AA,0.51,36,18.3,20.9
772C3AA,0.35,9.29,19.98,4.08
772D1AA,0.51,36,18.3,20.9
772C8AA,0.54,18.3,20.9,5.5
772C6AA,0.51,36,18.3,20.9
772C5AA,0.83,61,18.3,35
76U50AA,0.32,21,18.6,5.5
76U47AA,0.71,17.6,21,19
76J12AA,0.22,,18.5,5.6
76J20AA,0.22,5.6,18.5,20.7
767F9AA,0.15,5.5,14.2,17.7
767G0AA,0.16,5.5,14.2,17.7
622R3ET#ABU,2.95,13.2,49.8,23.5
32SR50F-W.AEK,9,13.1,89.2,51.7
27SR50F-W.AEK,7.3,12.6,76.8,43.5
967W1ET#ABU,,48.3,6.9,30.5
967V8ET#ABU,,48.3,6.9,30.5
967W2ET#ABU,,48.3,6.9,30.5
628X9ET#ABU,8.4,28.7,40,49.9
623W8ET#ABU,3.4,23.5,49.8,13.2
32330,1.8,26,36,7.5
27GP850P-B.AEK,9.1,48.7,72.7,20.5
27UP85NP-W.AEK,8.9,21.2,69.4,49.6
9S7-182221-051,,11.4,48.3,40
16Z90RS-K.AD77A1,2.2,29,47.5,6
X1504ZA-NJ104W,3.16,48.1,6.5,28.8
967W3ET#ABU,,48.3,6.9,30.5
6G4E6AA#AC3,0.18,12.5,4.6,10.6
55028441,0.14,4,10,10
DDR1327SFC,3.63,,,
167B-USBC-MULTIPORT,,17,14.2,3
238G-PRIVACY-SCREEN,0.38,34.4,56,0.6
XR65A95LU,33,18,164.2,95.4
XR75X90LU,47,18,181,110.7
XR85X90LPU,60,22.6,202.6,122.6
XR55A80LU,25,84.2,134.2,17.6
9C428AW#ABU,2.95,13.2,49.8,23.5
LVR-3MUK-SPD-UK10,1.5,10,55,6
LVR-3MSCH-LIC-SCH8,1.2,7.29,53.5,7.4
LVR-3MUK-SPD-UK8,1.5,10,55,6
LVR-2MSCH-LIC-SCH8,1.2,7.8,53.2,7.4
LVR-2MIT-SW-IT8,0.6,,,
LVR-2MIT-SW-IT6,0.6,,,
LVR-3MSCH-SPD-SCH8,1.4,9.5,57,5.5
LVR-2MIT-SW-IT4,0.6,,,
LVR-2MDK-LIC-DK8,1.2,8,50,6
LVR-3MIEC-LIC-SCH8,1.5,7.4,53,7
117B-USBC-MULTIPORT,0.21,24.1,12.4,3.2
63EDMAT2EU,6.7,12.6,62.1,38.5
NX.KNUEK.006,2.62,49.8,6.5,31
63EBMAT2UK,6.1,13.1,57,35.8
LVR-3MIEC-AMP-10C13,1.5,,,
9S7-15P223-002,,9.3,48.9,31.5
241V8AW/00,4.22,12.1,60.8,41.5
GX41K68626,0.27,27.1,36,0.58
GY51D20875,0.12,8.6,14.1,4.3
6D8G2AA,4.3,12.1,56.7,38.7
9S7-15M242-248,,8.3,56.3,35.1
9S7-182221-004,,11.4,48.3,40
943-000110,1.65,37.3,35.15,3.8
9S6-3FA84T-003,16,30.4,13.5,54
9S7-15K211-001,,8.8,46.6,31.8
9S7-15A211-035,2.3,8.8,49.9,33.3
9S6-3DD14H-004,11.3,,,
9S6-3CC29H-224,13.3,14.5,84.7,49.1
9S7-17S162-609,,11.9,46.1,37.6
9S7-14N111-003,2.7,8.8,45.5,32.1
9S7-15P311-002,2.9,9.3,48.9,31.5
9S7-15P311-001,2.9,9.3,48.9,31.5
9S7-15M142-279,3.3,8.3,56.3,35.1
967W4ET#ABU,,48.3,6.9,30.5
967W5ET#ABU,,52,6.9,30.5
623W2ET#ABU,6,49.8,19.6,34.6
623W3ET#ABU,8,40,28.7,49.9
90MP03L0-BPUA10,3.2,44,54,2.5
90MP03L0-BPUA00,3.2,44,54,2.5
967V5ET#ABU,,48.3,6.9,30.5
73436,1.64,15.6,26.9,9.5
8D3G6AA#ABB,0.61,18.5,21,11.5
8D3K5AA#ABB,0.7,18.5,21,11.5
8Y9C4AA#ABB,0.74,18.5,21,11.5
IEUEBJBANCRBLK82,0.14,10.45,4.28,15.1
27MR400-B.AEKQ,5.3,14.3,69,44.8
24MR400-B.AEKQ,4.1,12.8,61.3,40
22MR410-B.AEKQ,3.5,12.8,56.7,37.2
NX.KDHEK.007,2.9,49.8,6.5,31
NX.KSJEK.003,2.9,49.8,6.5,31
967V6ET#ABU,,44.9,6.9,30.5
865Q8EA#ABU,,6.9,48.3,30.5
DS-12851,,9.3,18.5,22.5
DS-12910,0.48,20.4,15.5,47.5
NX.KB4EK.001,2.31,48,6.3,31
98T45ET#ABU,5.9,38.4,10,30.8
863K0ET#ABU,,6.9,55.2,34.5
863K1ET#ABU,,6.9,55.2,34.5
VY279HF,6,14.8,67.9,44.5
PG248QP,11.4,22.8,67.2,52
967V7ET#ABU,,52,6.9,30.5
623W4ET#ABU,12.7,24,66,46.2
623W1ET#ABU,6,49.8,19.6,34.6
910-006163,0.39,11.7,6.95,17.5
UH34 DUAL TEAMS,,6.3,17,19.5
98T44ET#ABU,5.9,38.4,10,30.8
865L4ET#ABU,4.8,17,49.9,29.8
863K3ET#ABU,,6.9,55.2,34.5
98P51ET#ABU,,6.9,48.3,30.5
98P46ET#ABU,,6.9,48.3,30.5
98T43ET#ABU,5.9,38.4,10,30.8
98P50ET#ABU,,6.9,55.2,34.5
863K6ET#ABU,,6.9,55.2,34.5
863K4ET#ABU,,6.9,55.2,34.5
863K2ET#ABU,,6.9,55.2,34.5
863K5ET#ABU,,6.9,55.2,34.5
39385,1.02,7.5,24.5,18.5
441-52,0.09,8,10,14
441-53,0.08,1.5,7,15.7
920-012333,1.24,,,
6262C005,0.48,11,11,13.2
6347C005,2.11,18.4,18.4,31.2
8J8W5AA#ABU,0.4,14.1,23.9,4.4
8X2J9A6,0.24,5.6,18.5,20.7
8X228A6,0.15,25.4,17.8,1
7Y215AA,0.54,18.3,20.9,5.5
7S4M6AA,0.35,4.4,9.7,20.6
8X2J8A6,0.22,5.6,18.5,20.7
8X214A6,0.22,5.6,18.5,20.7
8X228AA,0.24,5.6,18.5,20.7
7S4L0AA,,5.6,18.5,20.7
9S6-3BC01M-004,5.13,12.5,63,41.1
VG249QL3A,7.5,20,46.5,60
3G828AT,7.2,37.3,62.5,14.2
IFP8652-2F,35.5,22,142.8,87.8
N07,5.69,,,
96X33ET#ABU,,44.9,6.9,30.5
064AOTHERCFX,0.8,,,
24-1503,0.2,5.7,15.3,23.3
76U49AA,0.59,21,18.6,5.5
GXJ1N45009,,17.2,26.1,0.8
100-99160900-99,,3.5,11.2,11.3
9H.F9TTB.DE1,66.5,23,188,116
9H.F9STB.DE1,51.9,22.5,166.5,104
6N4E2A5,10.9,16,69.9,44.6
6N4D3A5,9.7,16,69.9,44.6
4J0G4AAR,0.76,14.3,27.5,14.85
96X30ET#ABU,,55.2,6.9,34.5
96X31ET#ABU,,44.9,6.9,30.5
96X32ET#ABU,,44.9,6.9,30.5
6N4D6A5,11.8,52.7,82,16.1
6N6F2A5,11,16,69.9,44.6
6D8H2AA,7.39,13.7,68.5,42.5
40Z32AA#ABU,10.3,19.2,60.3,42.1
356D5AA,5.8,12.6,69,43
34Y22AA,4.7,12.1,61,39.9
2G3D3AA,5.8,12.6,69,43
920-012327,1.24,,,
7VH44AA,6.04,16.5,59.8,41.5
LVR-3MUK-SW-UK6,1.3,7,53,8
SE2222H,4.4,56.59,12.9,35.51
100-99280900-99,,3.5,11.2,13.2
6D8H2E9,7.39,13.7,68.5,42.5
65P56AA#ABB,4.3,12.1,56.7,38.7
6G4E6AA#ABB,0.18,12.5,4.6,10.6
D-HPED800G4-MU-T002,9,49.9,39.9,23
61U3210000A3,6.71,19.7,87.2,26
96X78ET#ABU,,52,6.9,30.5
96X28ET#ABU,,44.9,6.9,30.5
96X29ET#ABU,,44.9,6.9,30.5
129UE-USBC-KVM-DOCK,1.8,28.5,16,9
90MP03F0-BMUA00,0.27,7.5,11,16
2TBT3-PCIE-ENCLOSURE,3.4,35.3,28.5,14.3
967V4ET#ABU,,48.3,6.9,30.5
967V3ET#ABU,,44.9,6.9,30.5
96X27ET#ABU,,44.9,6.9,30.5
967W0ET#ABU,,48.3,6.9,30.5
967V9ET#ABU,,44.9,6.9,30.5
7M1D5AA#ABB,0.09,4.6,10.8,12.7
628D9ET#ABU,12.5,18.6,62.8,67.5
623W7ET#ABU,3.4,23.5,49.8,13.2
628D8ET#ABU,12.5,18.6,62.8,67.5
623W9ET#ABU,3.4,23.5,49.8,13.2
628X7ET#ABU,7.25,20.5,39.4,49.9
628X6ET#ABU,7.25,20.5,39.4,49.9
622R2ET#ABU,2.95,13.2,49.8,23.5
2H5M7AA,8.8,14,82.3,52.7
12JV0004UK,12.4,23.3,57,76.3
6182C005,0.75,25,25,20
67ABKAC4EU,5.9,12.5,72,45.2
SMTL3000RMI2UCNC,41.5,98,60,45.8
GR437,0.29,12.8,29.4,4.6
210-BDDU,14.9,,,
WF1000XM5B.CE7,,5.35,9.8,8.8
NSA-UK,0.5,6.7,17.2,16.3
XUB2794QSU-B6,6.6,44.7,69.1,14.2
PA34VCNV,16.3,52,108,190
PA169CDV,5.95,32.3,53.9,10.75
MB16AHV,2.1,11.4,45,29.7
XU2794QSU-B6,5.1,46.5,68.8,12.5
LS57CG952NUXXU,26.8,55.7,145.5,42
63D1RAT1UK,14.4,14.8,95,52.5
7VH95AA,7,21.16,62.01,49.86
640-95,17.5,62,75,30
VA2408-MHDB,4.4,12,60.5,40
640-96,18,62,75,30
E9PD7LD01EZ2,4.2,,,
VPC-A31-O1,1.2,,,
VG3456C,14.7,28,92,48.2
32118,0.03,13.8,13.6,
VG2408A-MHD,6.8,17.2,60.9,39.8
GR5D3,0.47,11.8,28.2,4.2
XG259QN,7.4,21,66,47.2
VG2708A-MHD,7.7,16.7,67.9,45.6
VG2708A,7.7,16.7,67.9,45.6
VG3419C,13.5,22.4,98,52.6
VG2408A,6.8,17.2,60.9,39.8
943-000806,0.6,9,9,41.4
P2DD46A2-KVM-SWITCH,1.3,27,16,19.2
VY229Q,4.31,13.3,56.5,41.2
63B2MAT6UK,7.3,15,59.2,42.1
100-99280901-99,,3.5,11.2,13.2
38348,0.54,13.3,15.2,9.5
90YE00L6-B0NA00,4.9,28.7,33.9,13.5
90MP0320-BMUA00,0.17,11,15.3,5.5
90MP03G0-BPUA00,0.61,9,9,41
34CN650N-6N.AEK,12,24.1,94,49
6T2A2EA#ABU,,52,6.9,30.5
PRO MP275,5.17,12.8,68.8,44.8
816R4EA#ABU,,48.3,6.9,30.5
5Z579ES#ABU,,48.3,6.9,30.5
VG34VQL3A,11.3,28,91.5,49.5
XUB2794HSU-B6,6.6,44.7,69.1,14.2
90XB08L0-BBP020,,60,46,33
QAU-00069,0.49,17.8,17.7,7.2
SM-R400NZAAEUA,0.15,4.2,8.63,9.54
SM-R400NZWAEUA,0.15,4.2,8.63,9.54
TUPS031,1.21,,,
TUPS032,1.21,,,
83E1000MUK,2.76,24.2,48.5,17
4CF02AA#ABB,0.84,14.5,4,44.5
73425,0.06,10,8,4.5
43378,1.73,34,45,34.5
38368,0.19,7,6.5,2.7
38362,0.18,10.5,14.6,6.5
38349,0.94,7.5,24.5,18.5
38363,0.17,10.5,14.6,6.5
43377,0.2,4.6,10.3,17.4
UNIVK-LAPTOP-LOCK,,18,15,2
885M1EA#ABU,3.4,23.5,49.8,13.2
885M2EA#ABU,3.4,23.5,49.8,13.2
6U4R9EA#ABU,7.25,20.5,39.4,49.9
86C97EA#ABU,9.24,40,28.7,49.9
6U4R8EA#ABU,7.25,20.5,39.4,49.9
S37-4300010-SV1,0.73,,,
DS-55529,0.97,17.7,24,8
DS-55530,0.35,15,11.7,7.7
VA27DQF,6.3,15.1,68.4,44.5
VZ27EHF-W,5.19,12.4,67.8,53.2
819F9EA#ABU,,44.9,6.9,30.5
5RD65AA,4.05,13.6,54.3,34.9
UC2324,0.59,23.9,5.9,16
1C4Z5AT,7.6,41.5,62.5,14.2
939-002071,0.56,22.7,9.4,19.3
E131375,4.62,17.5,47,33.1
WHM631,,10,15,5.8
C2-H46-UC2-PD-KVM,0.44,17.2,12,8.5
KD32W800P1U,7,14.2,80.1,51.6
9VF96AT,8,20.7,52.16,48.98
8MB10AA,5.59,21.16,54.06,46.33
6Y7L2AA,0.26,10.6,12.4,6.3
678U8AA,11.3,22,69.2,46.9
2D9K1E9,4.7,12.1,61,39.9
66F3GAC2UK,8,16.2,78.9,46.3
5W627EA#ABU,3.4,23.5,49.8,13.2
55020BGU,,12,12,6.5
55020BGV,,12,12,6.5
55020BJB,,12,12,6.5
55020BJA,,12,12,6.5
63F2RAT3EU,15.5,22,93.7,47.5
63A5GAR6EU,8.9,48,60.4,16.1
8A3P2EA#ABU,,44.9,6.9,30.5
67B8GACBUK,8.1,18.8,64.7,42
6VY96AA,0.14,7.8,12.9,4.7
7B0V0EA#ABU,7.92,49.9,39.9,22.8
4XC1M72796,0.03,,5.3,
4X21M37469,0.75,11,26.4,5.3
G733PYV-LL046W,4.29,49,9,35.5
S3423DWC,15.2,94.23,22.35,44.96
6U4M0EA#ABU,7.25,20.5,39.4,49.9
X1502ZA-EJ465W,3.16,48.1,6.5,28.8
SRSXB100B.CE7,0.37,12.8,9.6,9.8
NH.QFJEK.005,4.05,54.3,8,34.1
SRSXB100H.CE7,0.37,12.8,9.6,9.8
NX.KP4EK.004,2.4,45.7,6.5,28.8
SRSXB100L.CE7,0.36,12,8,8.6
SRSXB100D.CE7,0.37,8.6,8.6,12
8A5W0EA#ABU,,44.9,6.9,30.5
8A5V9EA#ABU,,44.9,6.9,30.5
8A477EA#ABU,,48.3,6.9,30.5
8A5W7EA#ABU,,48.3,6.9,30.5
55036939,0.08,2.4,10,10
6N4E2AT,10.9,16,69.9,44.6
6N4E2AT#ABB,10.9,16,66.9,44.6
6N6F2AT,11,16,69.9,44.6
6N4C4AT,10.1,44.6,69.9,16
6N6E9AT,7.6,14,62.1,40
453D2AA,3.41,18.1,50.43,36.71
453D2AT,3.41,18.1,50.43,36.71
40Z26AT,17.7,28.1,90.5,48.1
40Z32AT#ABB,10.3,19.2,60.3,42.1
40Z32AT,10.3,19.2,60.3,42.1
2D9K1AA,4.7,12.1,61,39.9
189T0AT#ABB,8.89,20.7,53.94,49.49
189T0AT,8.89,22.3,61.1,39.2
V52HD,4.7,28,40,15.5
WF1000XM5S.CE7,,5.35,9.8,8.8
SMC2000I-2U,30.2,60,59,25
6E6F0AA,0.26,15,10.5,5.58
883X2EA#ABU,2.95,23.5,49.8,13.2
8R520EA#ABU,2.21,52,6.9,30.5
SM-R935FZKAEUA,0.18,6.05,28.21,3.09
SM-R965FZKAEUA,0.22,6.05,28.21,3.09
DN-170123,44.2,,,
DN-170121,25.1,,,
817A7EA#ABU,,48.3,6.9,30.5
38347,0.54,9.5,15.2,13.3
1GF018UPA1L05,,12.6,12.4,3.2
2269-PRIVACY-SCREEN,0.36,48.7,56,0.04
156L-PRIVACY-SCREEN,0.17,24.5,38.5,0.2
12JD0030UK,7.5,39.5,24.5,53
40AAPF02-BFV,1.9,9,25.9,26.5
61PF01P000AB,7.9,29.4,45.8,31.6
17Z90R-K.AD78A1,2.5,30.7,49.9,6
90GC00W0-BGP000,0.79,8.6,19.4,16.3
16Z90R-K.AD78A1,2.2,29,47.5,6
XO3QBK.DGBRLLK,4.1,22,21.4,39.4
16T90R-K.AA78A1,2.58,31,49,6.7
16Z90R-K.AA78A1,2.2,29,47.5,6
816S2EA#ABU,,48.3,6.9,30.5
HYDRA2B,5.91,,,
23669-PRIVACY-SCREEN,0.38,34,56,0.2
135S-PRIVACY-SCREEN,0.17,24.5,38.5,0.2
1754-PRIVACY-SCREEN,0.28,34,56,0.2
32GR93U-B.AEK,11.6,53.1,96.9,16.8
2869-PRIVACY-SCREEN,0.5,42.5,74,0.2
19569-PRIVACY-SCREEN,0.32,34,56,0.2
1954-PRIVACY-SCREEN,0.34,34,56,0.2
27GR93U-B.AEK,8.8,49.8,69.1,18.4
27GR75Q-B.AEK,8.55,18.5,69.1,51.3
LS49CG934SUXXU,18.1,47.4,135.2,24
6N6F2E9#ABB,11,16,69.9,44.6
BH71,,32.3,46,14.5
VG249Q3A,5.5,16.8,60,40.5
VY229HE,4.31,13.3,56.5,41.2
VG27AQ3A,7.2,16,68.6,47.5
VG279Q3A,6.9,17.1,68,45
14M21-PRIVACY-SCREEN,0.17,24.5,38.5,0.2
16M21-PRIVACY-SCREEN,0.19,24.5,38.5,0.2
12N9GAT1UK,8.1,17.6,56.8,42.2
STHA20000800,1.6,24,18,12
7MD72F#B19,6.9,24.8,39.8,30.6
006R04519,0.6,36,17,12.5
006R04518,0.6,34.5,11.5,8.5
497N07995,5.19,50.8,21.84,47.75
55VM5J-H,31,26.3,135.3,85.5
55VH7J-H,31,26.3,135.3,85.5
134-32,0.16,2,12,19
006R04610,0.83,24,14,8
IFP9850-4,0.13,34.6,243.5,148.3
RDS02E1,,41.5,31.5,14.2
ZP500NM3A002,0.06,15.5,10.9,2.4
006R04499,0.4,34.5,11,8.5
STKW8000400,1.64,8,23.6,23.3
55UL3J,18.8,16.2,136,81
STHZ4000800,0.2,14.5,8.95,3.65
STKX2000400,0.27,12.25,8.1,2.15
STHR4000800,0.2,14.5,8.95,3.65
50UR640S,14.6,15.2,121.5,77.5
DN-81212,0.04,9.3,11.7,3.2
DCPJ1200WZU1,6.8,50.5,22,46.5
TS-832PXU-4G/64TB-TEE,15.2,,,
HDWG480UZSVA,0.92,6,13.6,
86UL3J-B,,22.8,211.5,121.5
65UL3J-E,27.5,17.2,160,97
136-38,0.06,2.3,8.2,16.2
B310SP3,0.5,23,16.5,1
097S04847,11.1,64.59,61.8,40.59
201F5AA,0.26,25,22,3.9
43UR640S,11,14.2,105.5,66
DN-81021,0.04,9.3,11.7,
STKN2000400,0.24,14.6,10.5,3.2
STKN1000400,0.24,14.6,10.5,3.2
FW-75BZ30J,49,18.9,181.2,111
FW-50BZ35J,19,14.3,122.8,78.6
FW-43BZ30J,14,69.9,107.2,14.3
VB-STND-001-2C,43.5,16.5,155,77
STKS2000400,0.14,14.51,10.45,3.25
49XS4J,25.3,,,
55XS4J,31.2,,,
SU346A,1.22,16.1,38.9,17.2
6FW08A,4.2,24.8,39.7,24.2
406L8AA,0.2,12,8.5,1
406L7AA,0.2,12,8.5,1
C13S051061,2.95,49,31,19
60005047,,20.3,112,70
60005050,,20.3,129.8,86
60005061,49.3,28,173.6,103.3
60005055,36.5,25,143,92
60005046,23,20.3,112,70
60005051,28.7,22.4,129.8,86
E659793,14.3,56,76.4,32.2
EP5542,74.7,60.9,97,203.4
78C0D30,1.05,16.9,49.5,14.9
60005053,24.1,22.4,129.8,86
60005048,19.6,20.3,112,70
60005062,41.7,28,173.6,103.3
LH55VHTEBGBXEN,27.6,25.7,139.8,84.4
TS-832PX-4G/48TB-EXOS,8.61,,,
TS-832PX-4G/32TB-TOSH,8.61,,,
J8A04A,36,59.6,65.3,57.8
7PS84A,27.3,49.7,59.7,53.9
302G193043,1.5,,,
Q2015A,0.11,22.61,5.1,28.45
CE711A,43,70.2,71.8,47.8
STHS10000800,3.3,14.3,30.2,24
B11B259401,4.93,37,27,32
PTP910BTZ1,1.64,12.8,21.3,24.2
B342000,0.94,37,17,16
SDSDUN4-032G-GN6IN,0.01,0.49,10.1,15.2
SDSDUN4-032G-GN6IM,0.01,0.49,10.1,15.2
TS-431XEU-8G/64TB-TOSH,5.78,,,
TS-431XEU-2G/64TB-TOSH,5.78,,,
A500BLK,0.27,4.06,10.16,15.49
C13T05G34020,0.05,9.8,3.2,14.2
3ED69A,0.07,2.5,11.4,12.6
3ED79A,0.38,4.62,11.9,12.6
3ED68A,0.07,2.5,11.4,12.6
3ED67A,0.07,2.5,11.4,12.6
3ED58A,0.62,15.6,31.4,9.7
EP5542T,74.7,60.9,97,203.4
C11CJ56301A1,112,155,85,111.6
C11CF66001A7,79,110,91.5,89.5
C11CJ55301A1,95,124.9,85.5,111
C11CF66001A6,78,100,91.5,100
TL-SM321A-2,0.06,12.25,8.15,3.85
DN-95109,0.1,6,11.6,
C13T00S44A10,0.13,17.8,5.8,5.6
C13T00S24A10,0.13,17.8,5.8,5.6
C13T00S14A10,0.13,17.8,5.8,5.6
C13T00S34A10,0.13,17.8,5.8,5.6
SDSQXAF-032G-GN6GN,0.01,0.66,10.16,15.24
CDE5520,23.9,24.5,142,91
1TJ12A#BHC,7.25,19.8,49.5,48
20N2XC0,0.97,40,12.5,12.5
40N9473,22.7,55.6,44,51.9
40N9423,19.1,55.6,33.2,51.9
29S0013,10.5,42,41,28
29S0063,10.5,42,41,28
29S0163,14.7,46.5,42,38.5
29S0213,14.7,46.5,42,38.5
29S0160,1.47,46.5,42,38.5
C33S045739,8.71,32.4,32,25.1
7PS86A#B19,27.3,49.7,59.7,53.9
7PS84A#B19,27.3,49.7,59.7,53.9
SDCG3/512GBSP,0.01,0.56,10.16,11.43
SDCG3/512GB,0.01,0.56,10.16,11.43
SDCG3/256GBSP,0.01,0.56,10.16,11.43
40N9173,22.7,55.6,44,51.9
ZIPRT3015298,2.91,,,
W1144A,2.2,29.59,38.71,19.1
6ZA18AE,0.06,3.65,11.63,10.09
6ZA17AE,0.05,3.65,11.63,10.09
6ZA11AE,0.05,3.7,11.3,11.5
5280,9.1,108,57,9
DS640TJ1,0.85,16.2,37.7,7.6
SDSQQVR-064G-GN6IA,0.05,8,4,6.9
C13T06B140,0.13,17.5,5.9,5.8
C13T06B440,0.13,17.5,5.9,5.8
C13T06B240,0.13,17.5,5.9,5.8
C13T06B340,0.13,17.5,5.9,5.8
VFM-C6X4/V2,9.1,18,78,24.5
DMC1342S,6.62,8.89,18.54,83.06
CZ1005,0.1,9.2,11.3,12.1
PTP710BTHZ1,1.2,9.8,19.8,21
DN-81210,0.04,3,11.5,
7KW64A#B19,17.4,29.8,49.8,51
SDCS2/512GBSP,0.01,10.16,0.56,11.43
J9150D-ST,0.05,11.5,9,3.1
T3U51A#B19,59.5,73.6,78.6,65.2
DN-81000-04,0.04,3.1,11.8,
STHR1000800,0.2,14.5,8.95,3.65
C12C934461,,8.5,5.5,11
C3220Y0,0.86,40,12.5,12.5
C3220C0,0.86,40,12.5,12.5
C3220K0,0.86,40,12.5,12.5
TS-431XEU-2G/56TB-TE,5.78,,,
TS-431XEU-2G/48TB-TE,5.78,,,
C13T03A94010,,37,17,15
101R00664,0.97,9.4,34.29,26.67
E797162,12.4,11.6,72.6,72.6
SDCZ62-032G-G35,0.01,1.17,7.6,12.7
SDCZ62-128G-G35,0.01,1.17,7.6,12.7
SDCZ62-064G-G35,0.01,1.17,7.6,12.7
115R00136,1.46,44.5,21,19
W1120A,1.56,29.1,35.8,17.6
W1Y45A#B19,22.1,37.9,49.7,58.3
W1Y44A#B19,22,37.9,49.7,58.3
W1A30A#B19,15.5,39.8,49.7,49
2094492,0.81,20.3,22.2,9.7
T3U44A#B19,52.9,73.6,78.6,55.8
VFM-F10/WH,26.4,9,70,140
E5K49A,0.05,13.34,17.78,2.54
115R00143,4.52,59,22,20.5
104R00256,0.6,53.9,12.6,11.4
2091152,0.84,27.5,26.5,9.2
HDWR21CUZSVA,0.92,6,13.6,18.9
27X0823,0.42,30.5,20.3,16.5
VFM-W10X6,7.5,4,108,23.5
VFM-W8X6T,7.5,23.5,88,5.5
VFM-W8X6,6.8,23.5,88,4
VFM-W4X4T,4,23.5,48,5.5
VFM-W4X4,3.5,23.5,48,4
W1B47A,0.12,13.97,20.96,5.08
C240X30,0.24,10.2,14.1,7.2
C13T03M140,0,15.5,5.9,5.9
497N05762,0.2,16,10,3.5
78C2UYE,1.89,19.6,49.8,22.3
B232000,0.86,39.9,13.7,18.1
58D0ZA0,2.5,16,49.5,39.5
78C0ZV0,24.3,,,
B282X00,0.99,39.9,13.7,18.1
58D0Z00,2.5,16,49.5,39.5
58D0Z0E,2.5,16,49.5,39.5
3005461,1.3,,,
C13T00P240,0.13,17.8,5.8,5.6
C13T00P440,0.13,17.8,5.8,5.6
C13T00P140,0.13,17.8,5.8,5.6
50G0125,29.9,65,55,56.5
C13T16364511,0.18,32,19.5,2
RM2-6772-000,0.04,,,
108R01492,3.39,46.74,51.82,20.83
CQ890-67108,0.22,13.6,17.7,8.6
P2V25A,0.11,14.3,2.8,13.2
56F0ZA0,1.93,38.5,14,30
C13T02V14020,0.04,2.6,10.2,14.5
CE515A,3.5,24.7,59.6,23.5
L0H22A,0.32,10,43.3,10.2
006R03460,0.74,37,16,12
C13T671600,0,18.3,8.1,7.3
L0H21A,6,24.7,59.7,56.4
DK11247,,52,41,15.5
W6B55A#B19,126,77,195.5,71
P2V27A,0.11,14.3,2.8,13.2
SV140A,1.14,25.4,34.5,13.1
5851-7202,0.24,16.5,24.1,3.9
SU672A,2.44,23.6,36.1,14
SS782A,2,18.9,52.4,11
AUV320-128G-RBKBL,0.02,10.16,11.43,1.03
SS546A,1.2,13.5,55.4,13.7
SU322A,1.7,25.9,42,10.4
SU138A,0.82,18.1,38.7,7.9
SU323A,1.75,25.9,42,10.4
SV134A,0.88,26.2,35.9,9.6
SU418A,1.1,11.6,43.9,16.8
SS686A,1.5,13.8,58.1,11.1
497K18040,2.12,26.5,35,30
W1B45A,0.11,13.97,20.96,5.08
L2762A#B19,20.3,,,
L2763A#B19,26.5,57.7,79.4,76.5
76C0PK0,1.1,55.7,11,14.3
76C0PV0,1.1,,,
76C00K0,0.64,49,8,8
76C00C0,0.53,49,8,8
C13T04D100,0.18,11.5,7,15
C13T04D000,,15.5,4.5,4.5
2000931,1.41,25.4,17.9,18.4
C13T02G14020,0.06,14.2,10,4.5
C13T03R140,0.21,17.5,5.8,5.8
C13T03R340,0.13,17.5,5.8,5.8
C13T00R440,0.13,17.5,5.8,5.8
C13T00R140,0.13,17.5,5.8,5.8
C13T37824010,0.03,3,10,14
C13T37864010,0.04,3.3,10.2,14.5
C13T37834010,0.04,3.3,10.2,14.5
DA-70243,0.07,14,8.5,
T0B30A,0.72,4.83,21.72,9.93
Y1G14A,1,7.5,13.6,5
W1B43A,1.98,32.39,49.21,14.92
SDSSDH3-2T00-G25,0.07,1.56,10.04,13.1
108R01486,1.15,16.76,44.96,19.05
097S04908,28,75.01,75.01,47.7
C13T66444A,0.11,4,4,13.5
71B20Y0,0.2,10.2,14.1,7.2
CF470X,1.62,16.3,37.8,19.2
26K72B,4.58,19.1,47.5,35.4
M2-HDD-DUPLICATOR-N1,0.14,9,16,9.5
20G05A,7.3,24.5,60,49.9
CZ102AE#BHK,0.05,3.7,11.3,11.5
588K9B#687,4.58,19.1,47.5,35.4
20L8800,15,79,74,27
20L8801,27,84,76,38
20L8810,18,63,68,33
0X340H31E,0.91,,,
TVS-H674-I5-32G/48TB IW,7.89,,,
CLTR406,1.19,17.4,33.9,29.8
4S6W7NE,0.05,2.39,11.48,10.01
4S6W8NE,0.05,2.39,11.48,10.01
4K0V0NE,0.06,2.39,11.48,10.01
4K0U8NE,0.06,2.39,11.48,10.01
4K0U7NE,0.06,2.39,11.48,10.01
4K0U9NE,0.06,2.39,11.48,10.01
870B6110C0Y3NL0,18.5,49.4,54.9,42
MLT-R116,0.73,9.5,34.2,26.6
7PS86A,27.3,49.7,59.7,53.9
HGE261V5,0.13,45.5,27.5,22
SPATIUM M482 PCIE 4.0 NVME M.2 2TB,1.3,28.9,21.9,10.3
AD400E-AT,1.71,30,6.5,25
AD004E-AT,1.71,30,6.5,25
G3Q47A,9.2,27.8,43.8,46.6
SDG3/1TB,0.01,0.56,10.16,11.43
SDCG3/1TBSP,0.01,0.56,10.16,11.43
SDCG3/1TB,0.01,0.56,10.16,11.43
IKVP80ES/7680G,0.45,1.24,12.95,18.42
IKVP80ES/3840G,0.45,1.24,12.95,18.42
4RA87F#ABU,19,37.9,49.7,58.3
2Z605F#ABU,10.5,27.4,44.3,46.4
4627,36.5,108,77,18
W2192X,0.74,9.6,36.3,11.1
W2190X,0.77,10.2,36.3,11.1
W2193X,0.74,9.6,36.3,11.1
W2191X,0.74,9.6,36.3,11.1
SDR2V6/512GB,0.01,0.56,10.16,11.43
SDR2V6/256GB,0.01,0.56,10.16,11.43
4S6W9NE,0.05,2.39,11.48,10.01
4S6W6NE,0.05,2.39,11.48,10.01
86UN640S,58.4,22.8,211.5,121.5
TVS-H674-I5-16G/48TB-IW,7.89,,,
TVS-H674-I5-16G/24TB-IW,7.89,,,
FCREADMICRO3V2,0.05,12.5,22.5,
65UN640S,27.8,17.2,160,97
60005924,34.5,18.5,162.8,94.2
60005923,20.3,15.6,133.2,81.9
60005922,17.5,15.6,120.2,71.9
60005921,14.2,15.6,105.6,63.2
MO-SFP-100-LC-SM40,0.04,10,6,3
MO-MTB-SR,0.04,,,
MO-UF-SM-1G-LH,0.02,10,6,3
MO-XBR-000238,0.02,,1.2,
MO-G-SFP-BX-U-3KM,0.07,10,6,3
MO-G-QSFP28-100G-SR4,0.04,10,6,3
MO-SP31B33CDL10,0.03,,,
MO-UF-T-10G,0.04,10,6,3
MO-T8613,0.04,17,3.5,4
MO-SFP-GIG-BX-U,0.04,10,6,3
MO-SFP-1GE-LX,0.04,,,
MO-SFP10G-SR-ZZ0101F,0.03,6.7,10.6,2.4
MO-G-SFP-BX-D-40KM,0.03,10,6,3
MO-FG-TRAN-LX,0.04,,,
MO-OMXD30000,0.02,6.7,10.6,2.4
MO-DS-SFP-FC16G-LW,0.08,,,
MO-G-SFP-1G-SX,0.05,10,6,3
MO-SFP-1000T,0.04,6.5,10.6,1.5
MO-PAN-SFP-SX,0.04,,,
MO-SFP-GIG-BX-D,0.04,10,6,3
MO-G-SFP-BX-D-3KM,0.07,10,6,3
MO-G-SFP-10G-ER,0.02,10,6,3
MO-CM-SFP-1G-LX,0.04,,,
MO-455883-B21,0.03,6.6,10.7,2.3
MO-02311BJJ,0.04,,,
STHS24000800,3.3,24,30.2,14.3
STHA24000800,1.6,24,18,12
PW.1.21007.0002,64,71.2,88.7,78
CLT-C506L,0.96,12.8,35.8,11.2
MLT-R304,1.54,22.1,39.9,14
C625V_ZPM,525,73.5,70,83.8
90DD02S0-M09000,0.33,9.9,17.4,3.9
C11CJ67425,5.91,40.8,44,24.7
405U8B#687,10.2,29.8,50.6,40.8
STMF500400,0.17,14.5,9.15,3.25
STMF2000400,0.17,14.5,9.15,3.25
STMF4000400,0.17,14.5,9.15,3.25
STMF1000400,0.17,14.5,9.15,3.25
CLT-C809S,0.97,13.5,54.7,14.2
TS-H1677AXU-RP-R7-32G,22.1,,,
IFP7533-G,60.5,22.5,186.3,114
MFCL6915DNZU1,24.2,58,58.8,62.8
HLL6210DWQK1,16,,,
HLL6410DNQJ1,16,,,
HLL6415DNZU1,15.9,49.4,49.7,42.2
MFCL6910DNQK1,24.2,58,58.8,62.8
DCPL5510DWQK1,20.5,49.7,54.9,58
IFP6552-2F,149.9,22.5,161.8,106
IKLP50/256GB,0.05,1.07,12.95,18.42
MLT-R204,4.32,28.3,54.4,34.6
50UL3J-M.AEK,14.4,15.2,121.5,77.5
55UL3J-M.AEK,18.8,16.2,136,81
43UL3J-M.AEK,10.9,14.2,105.5,66
HLL8240CDWQJ1,19.8,53.5,48.8,37
HLL8230CDWQJ1,19.7,53.5,48.8,37
405U3B#687,10.2,29.8,50.6,40.8
5A0S3B#687,8.5,28.3,48.7,40.9
IKVP50C/512GB,0.04,1.3,12.95,18.42
IKVP50/512GB,0.04,1.3,12.95,18.42
TS-453E-8G/32TB-IW,4.3,,,
TS-453E-8G/16TB-IW,4.3,,,
DCPL3520CDWZU1,21.8,53.6,49.7,49.7
DCPL2627DWXLZU1,13.7,51.7,58,43.4
TS-453E-8G/24TB-IW,4.3,,,
MFCL2827DWXLZU1,15.2,51.7,58,43.4
HLL3240CDWZU1,18,48.8,48.8,37
HLL2445DWZU1,9,28.3,43.8,51.9
4XB1M86955,0.09,14.4,17.7,5.3
IKD500S/64GB,0.08,2.54,12.7,6.99
IKD500SM/16GB,0.08,2.54,12.7,6.99
IKD500SM/256GB,0.08,2.54,12.7,6.99
IKD500S/128GB,0.08,2.54,12.7,6.99
IKD500S/32GB,0.08,2.54,12.7,6.99
IKD500SM/8GB,0.08,2.54,12.7,6.99
IKD500SM/64GB,0.08,2.54,12.7,6.99
IKD500S/512GB,0.08,2.54,12.7,6.99
IKD500SM/32GB,0.08,2.54,12.7,6.99
IKD500S/8GB,0.08,2.54,12.7,6.99
IKD500S/256GB,0.08,2.54,12.7,6.99
097N02463,,27,24,12.5
097N02443,0.27,22.61,16,4.57
097N02441,8.94,55.88,52.58,21.59
6C400NE,,4.8,12.3,17.1
DELL-P7524QT,76.6,,,
DELL-P5524QT,41.9,,,
4RA88F,19,37.9,49.7,58.3
IKKP200C/64GB,0.05,1.24,12.95,18.42
IKKP200C/16GB,0.05,1.24,12.95,18.42
IKKP200C/256GB,0.05,1.24,12.95,18.42
IKKP200C/8GB,0.05,1.24,12.95,18.42
IKKP200C/32GB,0.05,1.24,12.95,18.42
IKKP200C/128GB,0.05,1.24,12.95,18.42
LH5560UHS-B1AG,22.9,13.6,139,85
65UH5N-E,30.4,17.2,160,97
43UN640S,11,14.2,105.5,66
49UH5N-E,16.1,15.2,121.5,73.6
43UH5N-E,12.8,14.2,105.5,66
55UN640S,19,16.2,136,81
75UN640S,41.5,20,188,111.5
55UH5N-E,20.5,16.1,136,80.1
L2718A#101,0.22,16,24,5
588K4B#687,6.19,24.2,47.5,40.5
60005069,,31,235,140
60005929,96.5,31,235,140
DA-71547,0.13,11,9.8,1.5
S0923300,0.04,10.2,1.8,5.6
1102Z03NL0,41,56.7,70.2,56.1
136-49,0.12,2.3,8.2,16.4
STLV2000201,0.25,14.9,10.6,3.75
STLV5000200,0.35,14.9,10.6,4.5
FW-55BZ35L/TM,23,16,136.2,84
FW-50BZ30L/TM,17,14.1,124,78.2
FW-55BZ40L,23,16,136.2,84
FW-43BZ30L,14,14.1,107,69.5
5449C008,10.2,47.7,28.1,52.6
4462C088,7.7,47.7,22.3,48.2
IFP7533,60.5,114,186.3,22.5
90DD02Q0-M09000,0.33,9.9,17.8,3.9
TVS-H674-I5-32G/24TB-IW,7.89,,,
75UH5J-M,51.2,22.8,181.6,112.3
MLT-D1042X,1.16,15.6,33.6,14.4
SS577A,2.08,15.5,51,11.2
SS656A,3.25,18.1,60.3,15
50M7093,32.3,57.5,63.6,60
38S0513,17.2,43,47,42.2
28N93A,6.8,28.4,49.7,58.3
6QN55A,21.7,60.8,58,46.2
DA-81020,4,40.5,27.5,29
DA-81021,4,40.5,27.5,29
ZIPRD3017407,0.74,,,
NBDVRS2SD32GBU3,0.01,2,4,6
NBDVRS2SD128GBU3,0.01,2,4,6
ZIPRT3017405,2.45,,,
NBDVRS2SD64GBU3,0.01,2,4,6
32D0815,24.4,83.4,85,40
W2133X,1.32,14.8,37.4,18.8
W2132A,1.23,14.8,37.4,18.8
W2132X,1.32,14.8,37.4,18.8
W2131Y,1.43,14.8,37.4,18.8
W2131X,1.32,14.8,37.4,18.8
W2130X,1.32,14.8,37.4,18.8
W2132Y,1.43,14.8,37.4,18.8
W2133Y,1.43,14.8,37.4,18.8
W2131A,1.23,14.8,37.4,18.8
W2130Y,1.55,14.8,37.4,18.8
527F9A,0.7,6.7,28,39.3
W2200A,0.59,9.2,36.4,12.1
W2202X,0.64,9.2,36.4,12.1
W2203X,0.64,9.2,36.4,12.1
W2200X,0.67,9.2,36.4,12.1
W2201A,0.59,9.2,36.4,12.1
TS-253E-8G+2XST4000NE001_UK,2.32,,,
TS-253E-8G+2XST4000VN006_UK,2.32,,,
TS-253E-8G+2XST8000VN004_UK,2.32,,,
LH4354UHS-B1AG,18.6,13.9,107,69
LH6554UHS-B1AG,31,18.2,161.5,100
LH9854UHS-B1AG,,142.5,233,28
LH9852UHS-B3,,30.1,234,169.2
6FW07A,4.2,24.8,39.7,24.2
DN-81200-01,0.04,12,9.3,
223R4B#629,7.55,21.8,47.4,40.8
IFP8652-1A,89.1,28,214,134
IFP6552-1A,55.4,24.5,166,104.5
6GW99F#B19,9.6,29.8,49.7,38.8
E493591,10.2,20,78.2,53
L2757A,5.4,24.8,39.7,30.3
6FW10A,5.6,24.8,39.7,30.3
49VL5G,29.3,26.3,121.4,77.8
W2110A,0.75,9.6,36.3,11.1
60005049,29.8,22.4,129.8,86
SS673A,1.45,13.8,58.1,11.1
SS628A,1.2,13.5,55.4,13.7
PM1115P2,0.36,15.2,22.8,6.8
006R04252,1.63,35.5,24.5,15.5
006R04303,1.42,35.5,24.5,15.5
006R04255,1.58,35.5,16.5,12.5
006R04250,1.67,35.5,24.5,15.5
SS721A,1.2,13.5,55.4,13.7
VB-CNF-002,36,20,120,80
PH-EC500GADMW01A,12.7,61,32.5,61
90YV0KC6-M0NA00,1.5,23.3,40.5,8.85
V510-271R,2.31,,,
KF580C36RLAK2-48,0.26,3.68,18.16,10.16
064AOTHERCGN,0.33,,,
90RC00W2-M0UAY0,2.4,20.7,40.4,13.55
MAG PANO M100RPZ,11.3,,,
RTX 4080 SUPER 16G VENTUS 3X OC,2.15,,,
V517-001R,1.64,,,
PH-EC500GADBK01A,12.7,61,32.5,61
90YV0JH8-M0NA00,1.12,22.05,36.8,6.8
31-0005G,0,,16,22
31-0020B,0,,18,24
Z790 S DDR4,1.79,27,33.5,8
V517-003R,1.09,,,
PH-ES813PBL,20,70.5,32,72.5
31-0020GN,0,,18,24
148B-HDMI-DP-8K,0.05,15,8,2
USGLITE60AX-EU0101F,1.48,26.6,25.9,7.3
31-0015Y,0,,18,24
31-0020Y,0,,18,24
90YV0IV2-M0NA00,2.1,23.3,40.5,8.85
90YV0IG2-M0NA00,2.1,23.3,40.5,8.85
PH-EC500GADBK01B,12.7,61,32.5,61
PH-EC360ATGDMW02,7.84,28.2,51.3,53.7
RTX 4080 SUPER 16G GAMING X SLIM WHITE,2.33,41.1,27,10.7
GEFORCE RTX 4090 GAMING X TRIO 24G,3.09,,,
WFS-USB,0.08,3.99,11.43,17.78
43357,1.5,24,24,6.5
PH-EC500GABBK01,12.7,61,32.5,61
PH-FF140DRGBABK01,0.21,2.4,17.5,16.5
PH-EC600PSCBK01,15.5,32.5,61,61
PH-FF120DRGBABK01,0.17,2.4,15.5,14.7
PH-ES916EBK,47,73,90.5,38
PH-ES217ABK02,5.9,59,27,36
PH-ES217AAG02,5.9,36,27,59
PH-ES314ETGGS,10,46.3,30.8,54
PH-EC200ATGDBK01,6.6,41.5,28.5,48.5
PH-C350ICR01,0.65,13.5,13.5,6.5
PH-GO360T30DAG02,2.82,,,
PH-ES217EAG02,7.8,36,27,59
PH-FF140RGBPBK01,0.09,2.5,18,19.5
PH-ES314ETGBK,10,46.3,30.8,54
PH-ES217EBK02,7.8,36,27,59
PH-ES121XTDGS01,5,44.4,24.5,28.5
GT 1030 2GHD4 LP OC,0.54,,,
Z790 AORUS PRO X WIFI7,2.28,27,33.5,8
B650 UD AC,1.56,27,33.5,8
B760 A MASTER DDR4,2.44,27,33.5,8
RTX 4070 VENTUS 2X WHITE 12G OC,0.97,,,
DN-95348-2,3.57,50,32,7.5
CV10KM,0.16,11.9,5.9,16
90YV0I70-M0NA00,0.48,5,22.8,16.3
90RC00V2-M0UAY0,1.06,12.1,12.4,19.7
90IG08U0-MO0B00,,25.7,33.5,8.1
USB3EXTENDER10M,0.3,,,
RTX 3050 VENTUS 2X 6G OC,0.61,,,
OBSERVATORY RGB WHITE,,49.5,26.5,49
N820X-10M,0.1,1.27,17.78,1.9
MPG GUNGNIR 110R,9.25,50.3,28.7,52.6
B760M AORUS ELITE X AX,1.66,26.8,27,6.8
90RC00V0-M0UAY0,1.06,12.1,12.4,19.7
90DA0090-B09000,0.26,12.4,14.4,3.7
90DA00D0-B09020,0.7,12.5,17.2,9
90DA0093-B09020,0.7,12.5,17.2,9
90DA0093-B09000,0.26,12.4,14.4,3.7
90DC00I3-B19000,13.8,30.9,59.2,59.8
90DA0090-B09020,0.7,12.5,17.2,9
90DC00I0-B19000,13.8,30.9,59.2,59.8
90DC00F0-B39020,25.7,72,35,71.5
SRWF6U,32,43,78.99,87
OR41GI-NETWORK-CARD,0.11,20.7,14.4,3.8
FWA505-EU0102F,2.45,17.1,25.2,11
B650 AORUS ELITE AX V2,2.01,27,33.5,8
90DC0093-B19000,13.2,55.7,38,52.5
Z790 D,1.8,27,33.5,8
90DC0090-B19010,13.2,55.7,38,52.5
KF560C30BWEA-16,0.06,1.4,5.72,17.15
KF560C30BW-32,0.05,1.4,5.72,17.15
KF564C32BW-16,0.05,1.4,5.72,17.15
KF564C32BBEK2-32,0.1,1.4,9.53,17.15
KF564C32BBEA-32,0.06,1.4,5.72,17.15
KF564C32BBE-32,0.05,1.4,5.72,17.15
KF564C32BBE-16,0.05,1.4,5.72,17.15
KF564C32BBA-16,0.06,1.4,5.72,17.15
KF568C34BBEK2-32,0.1,1.4,9.53,17.15
KF568C34BBEAK2-32,0.13,1.4,12.19,17.15
KF564C32BWEAK2-32,0.13,1.4,12.19,17.15
KF564C32BBAK2-64,0.13,1.4,12.19,17.15
KF560C30BWEA-32,0.06,1.4,5.72,17.15
KF560C30BWE-32,0.05,1.4,5.72,17.15
KF560C30BW-16,0.05,1.4,5.72,17.15
KF560C30BBEAK2-64,0.13,1.4,12.19,17.15
KF568C34BWEAK2-32,0.13,1.4,12.19,17.15
KF568C34BWEA-16,0.06,1.4,5.72,17.15
KF568C34BBK2-32,0.1,1.4,9.53,17.15
KF568C34BBEA-16,0.06,1.4,5.72,17.15
KF564C32BWEK2-64,0.1,1.4,9.53,17.15
KF564C32BWEK2-32,0.1,1.4,9.53,17.15
KF564C32BWA-32,0.06,1.4,5.72,17.15
KF564C32BBK2-32,0.1,1.4,9.53,17.15
KF560C30BWK2-32,0.1,1.4,9.53,17.15
KF560C30BWEAK2-32,0.13,1.4,12.19,17.15
KF560C30BWAK2-64,0.13,1.4,12.19,17.15
KF560C30BWAK2-32,0.13,1.4,12.19,17.15
KF560C30BBEAK2-16,0.13,1.4,12.19,17.15
KF560C30BBA-16,0.06,1.4,5.72,17.15
KF560C30BB-16,0.05,1.4,5.72,17.15
KF568C34BWK2-32,0.1,1.4,9.53,17.15
KF568C34BBE-16,0.05,1.4,5.72,17.15
KF564C32BWEAK2-64,0.13,1.4,12.19,17.15
KF564C32BWE-32,0.05,1.4,5.72,17.15
KF564C32BWAK2-64,0.13,1.4,12.19,17.15
KF564C32BB-32,0.05,1.4,5.72,17.15
KF560C30BWEK2-32,0.1,1.4,9.53,17.15
KF560C30BBE-32,0.05,1.4,5.72,17.15
KF560C30BBA-8,0.06,1.4,5.72,17.15
KF560C30BBA-32,0.06,1.4,5.72,17.15
KF568C34BWE-16,0.05,1.4,5.72,17.15
KF564C32BWK2-64,0.1,1.4,9.53,17.15
KF564C32BBEAK2-64,0.13,1.4,12.19,17.15
KF564C32BBAK2-32,0.13,1.4,12.19,17.15
KF564C32BBA-32,0.06,1.4,5.72,17.15
KF560C30BBEK2-32,0.1,1.4,9.53,17.15
KF560C30BB-8,0.05,1.4,5.72,17.15
KF560C30BB-32,0.05,1.4,5.72,17.15
KF568C34BWEK2-32,0.1,1.4,9.53,17.15
KF564C32BWE-16,0.05,1.4,5.72,17.15
KF564C32BW-32,0.05,1.4,5.72,17.15
KF564C32BBEK2-64,0.1,1.4,9.53,17.15
KF564C32BBEAK2-32,0.13,1.4,12.19,17.15
KF560C30BWA-32,0.06,1.4,5.72,17.15
KF560C30BWA-16,0.06,1.4,5.72,17.15
KF560C30BBK2-16,0.1,1.4,9.53,17.15
KF560C30BBEK2-16,0.1,1.4,9.53,17.15
KF560C30BBEA-16,0.06,1.4,5.72,17.15
KF560C30BBAK2-16,0.13,1.4,12.19,17.15
KF568C34BWAK2-32,0.13,1.4,12.19,17.15
KF568C34BWA-16,0.06,1.4,5.72,17.15
KF568C34BW-16,0.05,1.4,5.72,17.15
KF568C34BBA-16,0.06,1.4,5.72,17.15
KF564C32BWK2-32,0.1,1.4,9.53,17.15
KF564C32BWAK2-32,0.13,1.4,12.19,17.15
KF564C32BBK2-64,0.1,1.4,9.53,17.15
KF560C30BBE-8,0.05,1.4,5.72,17.15
KF568C34BBAK2-32,0.13,1.4,12.19,17.15
KF568C34BB-16,0.05,1.4,5.72,17.15
KF564C32BWEA-32,0.06,1.4,5.72,17.15
KF564C32BWEA-16,0.06,1.4,5.72,17.15
KF564C32BWA-16,0.06,1.4,5.72,17.15
KF564C32BBEA-16,0.06,1.4,5.72,17.15
KF560C30BWK2-64,0.1,1.4,9.53,17.15
KF560C30BWE-16,0.05,1.4,5.72,17.15
KF560C30BBEA-8,0.06,1.4,5.72,17.15
KF560C30BBEA-32,0.06,1.4,5.72,17.15
NLWH-2M-CAT8-PATCH,0.09,22,19,1.5
NLWH-5M-CAT8-PATCH,0.21,20,18,3
NLWH-50C-CAT8-PATCH,0.04,22,20,0.8
NLWH-1M-CAT8-PATCH,0.06,22,19.5,1
NLWH-15M-CAT8-PATCH,0.6,30.5,21,5
NLWH-12M-CAT8-PATCH,0.5,31,22,4.5
H610I,0.59,18,22.2,6.5
90YV0KQ0-M0NA00,0.65,21.8,30,5.5
90SB0C70-M0UAY0,1.3,,,
B550M AORUS ELITE AX,1.27,26.5,26.5,6.5
TL-ARCHERMR600,,22.3,30.7,7
90YV0KF3-M0NA00,1.75,23.3,40.5,8.85
CMHOOK1UN5PK,0.5,17,24,4.5
PRIME H510M-A R2.0,1.03,27,26,5.15
RTX 4060 VENTUS 2X WHITE 8G OC,0.78,,,
GV-R79GREGAMING OC-16GD,0.19,39.8,23,8.5
90YV0J91-M0NA00,2.2,22.6,42,8.7
90YV0J90-M0NA00,1.7,23.3,40.5,8.85
JZ320-61001,0.41,18,19,6
B760M GAMING,0.94,26.8,27,6.8
441-55,0.04,2,8.8,16
Z790 D AX,1.84,27,33.5,8
MAG PANO M100R PZ WHITE,11.3,,,
Z790 EAGLE AX,1.81,27,33.5,8
PH-XT523V1_DWT01,9.55,,,
90YV0KA2-M0NA00,2.71,14.48,31,8.75
509-20,0.05,2,7.5,19.5
509-02,0.05,2,7.5,19.5
KF568R34RB2K8-256,0.19,16.76,10.41,3.56
KF568R34RB2K4-128,0.11,16.76,10.41,3.56
KF568R34RB2-32,0.04,1.4,9.53,17.15
KF568R34RBK8-128,0.19,16.76,10.41,3.56
KF564R32RBK8-256,0.19,16.76,10.41,3.56
KF564R32RBE2-32,0.04,1.4,9.53,17.15
SPSMLCSC-OS2-10M,0.04,20,22,0.5
SMDOS2SCSC3M,0.04,20,22,0.4
KF560R32RBEK8-128,0.19,16.76,10.41,3.56
KF556R28RBEK8-128,0.19,16.76,10.41,3.56
KF560R32RBEK8-256,0.19,16.76,10.41,3.56
KF556R28RBE2K8-256,0.19,16.76,10.41,3.56
KF556R28RBE2K4-128,0.11,16.76,10.41,3.56
KF556R28RBE2-32,0.04,1.4,9.53,17.15
DS-72221-4GE,,63,75.5,20.5
DS-72221-1US,,63,75.5,20.5
DS-72221-7US,,63,75.5,20.5
DS-72220-2GE,19.1,,,
DS-72220-1GE,19.1,53,58.5,18.5
DS-72221-7GE,,63,75.5,20.5
DS-72221-6US,,62.5,75.5,18.6
DS-72220-7GE,19.1,62.5,75.5,18.6
DS-72220-5US,19.1,62.5,75.5,18.6
DS-72220-4US,19.1,62.5,75.5,18.6
DS-72220-4GE,19.1,62.5,75.5,18.6
DS-72220-1US,19.1,53,58.5,18.5
DS-72221-1GE,,63,75.5,20.5
DS-72220-2US,19.1,62.5,75.5,18.6
DS-72221-4US,,63,75.5,20.5
DS-72221-5US,,63,75.5,20.5
DS-72220-5GE,19.1,62.5,75.5,18.6
DS-72221-5GE,,63,75.5,20.5
DS-72220-7US,19.1,62.5,75.5,18.6
PRIME Z790-P WIFI,1.68,27.3,33.8,6.8
GV-N406TEAGLEOC ICE-8GD,1.21,35.4,18.25,7.5
90YV0K21-M0NA00,1.19,22.05,36.8,6.8
V511-248R,3.57,,,
ABBY16B,0.02,9,2,10.5
DS-72220-6US,19.1,62.5,75.5,18.6
DN-49205,11.4,58,47.5,17.5
90YV0K20-M0NA00,1.92,22.7,42.1,8.8
6F-DP-HDMI-4K60-HDR,0.09,20,17,1
3F-DP-HDMI-4K60-HDR,0.06,20,17,1
90YV0K70-M0NA00,2.3,23.3,40.5,8.85
PRIME B760-PLUS D4,1.16,26.6,32.8,5.3
43393,0.77,24,24,6.5
SG1005D,0.18,14.5,10.8,8.5
90RC00T2-M0UAY0,2.4,20.7,40.4,13.55
SPSMSCSC-OS2-30M,0.11,22,20,1.2
SMLCSC-OS2-3M,0.03,22,20,0.3
SMLCSC-OS2-2M,0.03,22,20,0.3
RTX 4070 SUPER 12G GAMING X SLIM WHITE,0.97,,,
PH-GO240D30DWT01,2.3,14.8,31.5,24
GV-N4060EAGLEOC ICE-8GD,1.1,35.4,18.25,7.5
RTX 4070 TI SUPER 16G VENTUS 3X OC,1.66,,,
90RC00T1-M0UAY0,2.4,20.7,40.4,13.55
SMDOS2LCLC3M,0.03,22,20,0.4
SMDOS2LCLC5M,0.04,22,20,0.5
USB2CC2MNC,0.05,12.5,22.5,1
SMDOS2LCLC15M,0.11,22,20,1.2
SMDOS2LCLC10M,0.08,22,20,0.9
SMDOS2LCLC1M,0.02,22,20,0.3
GB-AC500G ST,,58.4,33.6,59.4
90DC00J0-B09000,19.8,37,73.5,67
GV-N407SEAGLEOC ICE-12GD,1.42,32.2,21.4,7.5
90YV0J49-M0NA00,1.09,22.05,36.8,6.8
H610M S2H V2,0.69,23.5,26.5,5.2
H610M H V2,0.69,26.5,26.5,5.4
DB-340111-010-S,0.16,2,15,15
MO-UDC-2,0.1,21,31.4,1.9
MO-J9150D-AOC-3M,0.04,,,
MO-UDC-1,0.1,,,
MO-470-ACEU,0.06,,,
H610M H V3 DDR4,0.68,23.5,26.5,5.2
H610M S2H V3 DDR4,0.7,23.5,26.5,5.2
V513-626R,1.68,,,
RTX 4070 TI SUPER 16G VENTUS 2X WHITE OC,1.21,,,
90YV0JZ0-M0NA00,1.7,23.3,40.5,8.85
90YV0JJ1-M0NA00,1.7,23.3,40.5,8.85
B650 GAMING X AX V2,1.96,27,33.5,8
43390,,20,20,4.8
UC232C-AT,0.07,16,23,1.6
RTX 4070 SUPER 12G VENTUS 2X WHITE OC,1,,,
MPG GUNGNIR 300P AIRFLOW,13.2,,,
MPG GUNGNIR 300R AIRFLOW,13.2,,,
B650 EAGLE AX,1.74,27,33.5,8
90MB1H60-M0EAY0,0.88,26.3,27,5.15
DN-FC-9101-APC,0.04,24,10,15
PH-ES121XT_DBK01,5,44.4,24.5,28.5
LV-UTP6A30W,0.77,30,48,11
LV-UTP6A03W,0.09,,,
LV-SFTP6A30W,0.98,30,48,11
LV-SFTP6A075B,0.26,,,
LV-SFTP6A03W,0.12,,,
LV-UTP6A075W,0.21,,,
LV-UTP6A02B,0.07,,,
LV-UTP6A0025W,0.02,,,
LV-SFTP6A25B,0.82,,,
LV-SFTP6A15B,0.5,,,
LV-SFTP6A10B,0.34,,,
LV-SFTP6A075W,0.26,,,
LV-UTP6A30B,0.77,30,48,11
LV-UTP6A25B,0.65,,,
LV-UTP6A20W,0.53,19,,
LV-UTP6A05W,0.15,,,
LV-UTP6A01B,0.04,16,,
LV-UTP6A15B,0.4,,,
LV-UTP6A03B,0.09,,,
LV-SFTP6A30B,0.98,30,48,11
LV-SFTP6A20B,0.67,19,,
LV-UTP6A10B,0.27,,,
LV-SFTP6A05W,0.18,,,
LV-SFTP6A05B,0.18,,,
LV-SFTP6A02W,0.08,,,
LV-SFTP6A02B,0.08,,,
LV-UTP6A15W,0.4,,,
LV-UTP6A075B,0.21,,,
LV-UTP6A05B,0.15,,,
LV-UTP6A01W,0.04,16,,
LV-UTP6A005W,0.03,,,
LV-UTP6A005B,0.03,,,
LV-UTP6A0025B,0.02,,,
LV-SFTP6A20W,0.67,19,,
LV-SFTP6A03B,0.12,,,
LV-UTP6A25W,0.65,,,
LV-UTP6A10W,0.27,,,
LV-UTP6A02W,0.07,,,
LV-SFTP6A25W,0.82,,,
LV-SFTP6A15W,0.5,,,
RTX 4090 GAMING X SLIM 24G,2.65,,,
GV-N407TSWF3OC-16GD,1.51,32.2,21.4,7.5
GV-N407SAORUS M-12GD,2.97,45.4,27.3,11
GV-N407SGAMING OC-12GD,0.19,39.8,23,8.5
GV-N407TSEAGLE OC-16GD,1.52,32.2,21.4,7.5
GV-N407SWF3OC-12GD,1.39,32.2,21.4,7.5
90MB1HE0-M0EAY0,1.65,27.5,27.5,6.75
90MB1HD0-M0EAY0,1.65,26.5,28,7.1
GV-N407TSAERO OC-16GD,2,39.8,23,8.5
GV-N408SGAMING OC-16GD,3.09,42.7,26.4,10.5
GV-N408SWF3V2-16GD,2.11,39.8,23,8.5
2PC54AA#ABB,0.12,3.35,10.7,21.6
PR12GIP-NETWORK-CARD,0.07,17,14.2,3
2P6FFC-USB-SERIAL,0.29,15.5,22.5,5.5
2P1FFC-USB-SERIAL,0.16,15.5,22.5,5.5
1P10FFC-USB-SERIAL,0.13,0.1,22,20
1P3FFCNB-USB-SERIAL,0.08,20,22,2.5
1P10FFCN-USB-SERIAL,0.13,,22,20
PS74ADF-SERIAL-CARD,0.27,20.7,14.4,3.8
DMFKSLCLCCOUPLER,0.01,9,12.5,2
2S232422485-PC-CARD,0.15,17,14.2,3
1P3FFCB-USB-SERIAL,0.06,,22,2.2
DK-1644-A-15090,0.53,34,23,
90RC00R1-B0UAY0,0.02,10,17,1.7
90RC00R0-B0UAY0,0.59,6.8,15.7,2.5
90RC00N0-M0UAY0,2.12,20.4,46.2,15.7
90YV0JR0-M0NA00,1.42,6.8,36.8,22.05
MX-250,0.01,,,
MX-220 5G,1.34,28,37,41
M600 5G,0.01,2.06,2.65,1.3
M120N,0.01,2.8,3.1,3.9
LV-SFTP6A01B,0.05,16,,
LV-SFTP6A005B,0.04,,,
LV-SFTP6A01W,0.05,16,,
LV-SFTP6A005W,0.04,,,
LV-SFTP6A0025B,0.02,,,
LV-SFTP6A0025W,0.02,,,
LV-SFTP6A015B,0.05,16,,
LV-UTP6A015W,0.04,16,,
LV-UTP6A015B,0.04,16,,
LV-SFTP6A015W,0.05,16,,
RWMIP66W012U66W,30,62,66,68
PRIME B760-PLUS,1.2,26.6,32.8,5.3
TUF GAMING B760M-PLUS WIFI,1.65,27.5,27.5,6.75
PH-C350IBK01,0.65,13.5,13.5,6.5
RM-SR-T11,,27,52,8
RM-WG-T7,,27,53,11
RM-FR-T9,,27,53,11
TRX50 AERO D,3.04,29.4,34.5,8
CAP AC,,14.5,14.5,3
AX5U6000C3016G-DTLABRBK,0.12,17,14.1,1.22
AX4U360016G18I-SBKD35,0.05,17,7,1.22
AX4U36008G18I-SBKD35,,17,7,1.22
B650I AX,0.79,18,22.2,6.5
90YV0JS0-M0NA00,1.19,22.05,36.8,6.8
AX4U320016G16A-SBKD35,0.05,17,7,1.22
LVN122430,29,35,35,40
B650M D3HP AX,1.7,26.8,27,6.8
U421-003,0.05,1.27,17.78,22.86
90MB1FZ0-M0EAY0,4.85,38,32,10
DN-49206,13.7,60,58,15
DN-49103,6.38,46.5,34.9,15.3
DN-49101,4.98,33,34.9,15.3
DN-49204,11.4,58,47.5,17.5
DN-49200,7.56,58,31.5,17.5
DN-49104,8.04,59.7,34.9,15.3
DN-49207,13.7,60,58,15
DN-49203,9.88,58,38.5,17.5
DN-49105,8.04,59.7,34.9,15.3
OBSERVATORY Y MESH,7.8,,,
ARCHERVR2100,1.17,24,31.8,7.1
GTX 1650 D6 VENTUS XS OCV3,0.69,,,
AS445C-POE-INJECTOR,1.7,30,17,9
LVR242630,8.01,50,52,16
DN-96007-1-K,0.01,2.3,7,10
LVN-CAT6PE-FUTP-305M,12,39.5,23,39.5
X670E AORUS PRO X,2.4,27,33.5,8
X670 GAMING X AX V2,2.15,27,35.5,8
TL-SF1005D V15,0.19,10.8,9.1,8.5
B650 AERO G,2.49,27,33.5,8
KF560R32RBEK4-64,0.11,16.76,10.41,3.56
KF560R32RBEK4-128,0.11,16.76,10.41,3.56
KF556R28RBE-16,0.04,1.4,9.53,17.15
KF568R34RBK4-64,0.11,16.76,10.41,3.56
KF564R32RBK4-64,0.11,16.76,10.41,3.56
KF564R32RBK4-128,0.11,16.76,10.41,3.56
KF564R32RBE-16,0.04,1.4,9.53,17.15
KF560R32RB-32,0.04,1.4,9.53,17.15
KF564R32RB-32,0.04,1.4,9.53,17.15
KF564R32RBEK4-64,0.11,16.76,10.41,3.56
KF560R32RBK4-128,0.11,16.76,10.41,3.56
KF564R32RBK8-128,0.19,16.76,10.41,3.56
KF564R32RB-16,0.04,1.4,9.53,17.15
KF560R32RBK8-256,0.19,16.76,10.41,3.56
KF560R32RBE-32,0.04,1.4,9.53,17.15
KF568R34RB-16,0.04,1.4,9.53,17.15
B650M AORUS ELITE AX ICE,1.89,26.8,27,6.8
B650 AORUS ELITE AX ICE,2.33,27,33.5,8
A-CC-Y,0.03,12,10,2
A-CC-BL,0.03,12,10,2
A-CC-B,0.03,12,10,2
A-CC-G,0,12,10,2
A-CC-R,0.03,12,10,2
PRIME B760M-K,1.01,26.3,27,5.15
43388,0.3,25.5,23.6,4
136-46,0.03,2,8,11.3
CC-H61FW-01,11.2,36.1,50.8,51.5
CC-H61FB-01,11.2,36.1,50.8,51.5
CC-H61FW-R1,11.2,36.1,50.8,51.5
CC-H61FB-R1,11.2,36.1,50.8,51.5
0970-0032-000,0.18,9.65,9.65,1.52
B450M DS3H WIFI,0.95,26.5,26.5,5.4
OBSERVATORY Y,7.8,,,
LVN-IP68-STP-CAT6A-COUPLER,0.3,,,
B760M GAMING AC DDR4,1.07,26.8,27,6.8
43385,0.06,2,17.4,19.4
5G4AINDRM-USB-A-HUB,0.45,14.9,21.3,5.1
5G7AINDRM-USB-A-HUB,0.5,14.9,21.3,5.1
12S-CABLE-LACING-BAR,0.6,6.6,48,3
ATP700-GB0102F,4.8,16.3,51.9,39.2
90MB1FS0-M0EAY0,4.35,26.5,28,7.1
90MB1FX0-M0EAY0,3.6,31.2,37,10.8
RAF120WH-UK,3.33,,,
RAF120BL-UK,3.32,,,
RAF115BL-UK,2.38,,,
RWP16U45BL-D,49,67,64,82
KF576C38RWA-16,0.11,1.73,12.22,17.15
KF580C38RWA-16,0.11,1.73,12.22,17.15
KF580C38RSA-16,0.11,1.73,12.22,17.15
KF576C38RWAK2-32,0.17,1.73,12.22,17.15
KF576C38RSA-16,0.11,1.73,12.22,17.15
KF564C32RWAK2-64,0.17,1.73,12.22,17.15
KF564C32RSAK2-64,0.17,1.73,12.22,17.15
KF576C38RSAK2-32,0.17,1.73,12.22,17.15
KF564C32RWA-32,0.11,1.73,12.22,17.15
KF564C32RSA-32,0.11,1.73,12.22,17.15
KF580C38RSAK2-32,0.17,1.73,12.22,17.15
RTX 4060 TI GAMING X SLIM 8G,1.6,,,
MAG FORGE 320R AIRFLOW,8.35,,,
MAG FORGE 120A AIRFLOW,6.96,,,
90MB1E90-M1EAY0,1.29,26.5,27.5,6.8
KF564C32RWK2-64,0.15,1.73,12.22,17.15
KF580C38RS-16,0.1,1.73,12.22,17.15
KF576C38RW-16,0.1,1.73,12.22,17.15
KF564C32RSK2-64,0.15,1.73,12.22,17.15
KF576C38RWK2-32,0.15,1.73,12.22,17.15
KF576C38RS-16,0.1,1.73,12.22,17.15
KF564C32RW-32,0.1,1.73,12.22,17.15
KF580C38RW-16,0.1,1.73,12.22,17.15
KF576C38RSK2-32,0.15,1.73,12.22,17.15
KF564C32RS-32,0.1,1.73,12.22,17.15
Z790 AORUS ELITE AX ICE,2.3,27,33.5,8
R-AK620-WHADMN-G,1.74,22.1,15.8,19.25
KF436C18RB2AK4/128,0.31,3.68,12.22,17.15
KF436C16RB12AK4/64,0.31,3.68,12.22,17.15
KF432C16RB2K2/64,0.16,1.73,12.22,17.15
KF432C16RB2AK4/128,0.31,3.68,12.22,17.15
KF432C16RB2AK2/64,0.16,1.73,12.22,17.15
KF432C16RB2AK8/256,0.63,7.37,12.22,17.15
KF432C16RB12K4/64,0.31,3.68,12.22,17.15
KF436C18RB2K4/128,0.31,3.68,12.22,17.15
KF432C16RB12AK4/64,0.31,3.68,12.22,17.15
KF440C19RB12/16,0.16,1.73,12.22,17.15
KF436C16RB2K4/32,0.31,3.68,12.22,17.15
KF432C16RB2K8/256,0.63,7.37,12.22,17.15
KF436C16RB2AK4/32,0.31,3.68,12.22,17.15
KF432C16RB2K4/32,0.31,3.68,12.22,17.15
KF432C16RB2K4/128,0.31,3.68,12.22,17.15
KF436C18RB2AK2/64,0.16,1.73,12.22,17.15
M2-REMOVABLE-PCIE-N1,0.22,23,15.1,4.6
90MB1F90-M0EAY0,4.07,31.2,37,10.8
90MB1FN0-M0EAY0,9.51,27.5,35.5,7
90IG08F0-MO9A0V,4.85,38.3,38.4,25.4
90IG08T0-MO3H00,0.69,25.5,25.4,5.5
PRIME Z790-A WIFI,1.27,26.5,28,7.1
90IG08N0-MU9C00,0.5,18.7,17.5,5.7
90MB1FJ0-M0EAY0,2.14,27.5,34,7
LVN-CAT6A-FLEX-25CMWH,0.05,16,27.6,3.6
134-41,0.04,2,9,1.25
GV-N406TWF2OC-16GD,0.9,29.5,21.05,5
136-51,0.1,4,10,16.3
136-50,0.11,2.1,8.1,16.2
HB31C3A1CDPPD3,0.13,17,14.2,3
Z790 AORUS MASTER X,3.46,29.4,34.5,8
Z790 AORUS PRO X,2.59,27,33.5,8
AX5U6000C3016G-SLABBK,0.05,17,7,1.22
90MB1ET0-M1EAY0,1.65,27.5,27.5,6.75
90MB1F20-M1EAY0,2.43,27.3,33.8,6.8
DK-2933-05-APC-SX,,0.5,29,19
DK-2933-03-APC-SX,,0.5,29,19
Z790 AORUS ELITE X WIFI7,2.52,27,33.5,8
DK-2933-01-APC-SX,,0.5,29,19
PH-NV523TG_DBK01,14,57.4,33.1,63.2
KF564C32RSA-48,0.11,1.73,12.22,17.15
KF564C32RSA-24,0.11,1.73,12.22,17.15
90RC00U1-M0UAY0,2.11,23.3,35.8,13.6
90RC00L3-M0UAY0,3.23,18.7,42.5,18
90MB1DF0-M1EAY0,1.98,7.6,33.1,26.6
KF572C38RS-24,0.1,1.73,12.22,17.15
KF564C32RSK2-48,0.15,1.73,12.22,17.15
KF564C32RS-24,0.1,1.73,12.22,17.15
KF560C32RSA-48,0.11,1.73,12.22,17.15
90MB1EF0-M1EAY0,1.2,26.6,32.8,5.3
90MB1GA0-M0EAY0,0.82,26.3,27,5.15
90MB1G90-M0EAY0,0.82,26.3,27,5.15
90DC00F3-B39000,25.2,35,72,71.5
KF572C38RSA-24,0.11,1.73,12.22,17.15
90MB1CJ0-M1EAY0,1.68,27.3,33.8,6.8
RTX 4070 VENTUS 2X E 12G OC,0.96,,,
90MB1ER0-M1EAY0,1.16,26.6,32.8,5.3
90MB1GC0-M0EAY0,0.96,27,26,51.5
90YV0EZD-M0NA00,0.73,21.8,30,5.5
RWP20U45WH,32.5,52,64,105
RWM20U45WH,33.8,52,64,105
RSL16U61BL,46,105,65,105
RAS800WH,0.1,,,
RAS100WH,1.86,,,
RWP20U56WH,37,62,64,105
RDL36U61BL,92.5,105,65,190
RDL32U61BL,83.5,7,42,175
RDL20U88BL,47.5,82,82,120
RDL12U68WH,39.5,82,65,85
RCCTV002,40,60,60,60
RAX630BL,2.42,,,
RAX425,2.11,,,
RAS110WH,0.1,,,
RAR120,2.51,11,53,5
RAO220BL,0.27,,,
RAF325BL,0.11,,,
RAB415BL,0.79,,,
RAB315WH,0.79,,,
RAB215BL,0.76,,,
LKS675BL,0.81,,,
RWP20U56BL,37,62,64,105
RWP20U45BL,32.5,52,64,105
RWP16U56WH,31,62,64,82
RWMIP55W12U45W,32,66,66,65
RWM20U56WH,37,62,64,105
RWM20U45BL,33.8,52,64,105
RAX145BL,0.86,,,
RAX125ZN,1.38,,,
RAX120,0.41,,,
RAS420WH,4.81,,,
RAO120WH,0.66,,,
RAB120WH,0.96,,,
RAB105WH,0.44,,,
RWMIP55W16U60W,46.5,66,66,105
RWMIP55W16U45W,38.5,52,66,85
RWMIP55W07U45B,27.6,52,66,45
RDL42U66WH,78,65,65,220
RCCTV007,0.1,,,
RAR130,4.29,43,53,5
RAO215BL,0.53,,,
RWM12U45WH,24,52,64,65
RWMIP55W20U60W,54.5,66,66,105
RWMIP55W09U60W,36.5,66,66,55
RDL26U61BL,69,105,65,150
RAS705BL,3.51,,,
RAS215WH,3.31,,,
RAS210WH,2.13,,,
RAS105WH,2.45,,,
RAO100WH,0.27,,,
43384,0.06,2,17.4,19.4
RWMIP55W16U45B,38.5,52,66,85
RWMIP55W07U45W,27.6,52,66,45
RWM09U45WH,21,52,64,52
RWM06U56WH,19.5,62,64,37
RSL20U61WH,58.5,105,65,120
RDLAK16U751BL,115,105,82,110
RAX445,3.71,,,
RAX130ZN,1.64,,,
RAR235BL,2.01,20,53,5
RAP130BL,10,,,
RAP100WH,7.91,,,
RAO215WH,0.53,,,
RAB100WH,0.2,,,
RSL26U61BL,72.8,105,65,150
RDL46U88BL,147.1,82,82,245
RDL46U66BL,84.3,65,65,245
RAS800BL,1.58,,,
RAO125WH,1.01,,,
RAO110WH,0.33,,,
RAB200WH,0.23,,,
RWM16U56WH,33,62,64,82
RWM06U45WH,17.5,62,64,37
RDL36U88BL,101,82,82,190
RDL36U66BL,77.5,65,65,190
RCCTV005,29,50,50,55
RCCTV004,23.5,60,75,65
RAS405WH,2.47,,,
DS-72221-6GE,,62.5,75.5,18.6
DS-72220-6GE,19.1,62.5,75.5,18.6
43382,0.45,10,16,11
450FBLCLC25,0.34,25.5,33,5.1
450FBLCLC20,0.28,25.5,33,4
43379,0.1,9,16,2.1
TBLT4MM1M,0.04,22,12.8,2
USB2CAT5E-EXT,0.41,18,11.9,5.6
B650M D3HP,1.02,26.5,26.5,5.4
90YV0JK0-M0NA00,2.2,22.6,42,8.7
90YV0JJ0-M0NA00,2.2,22.6,42,8.7
DN-43001-B,124,103.5,82.5,207.26
DN-43000-B,118,83.5,82.5,207.26
RWMIP55W09U45B,30,66,66,55
A40G2MB-TB4-CABLE,0.09,12.8,22,1.6
DN-KEY-WM,0.02,10,7,1
DN-48002,22.8,104.5,53,17.5
DN-95129,0.1,17.5,3.2,3.2
DN-48001,18.7,82.5,53,17.5
RSL42U81BL,137,105,82,220
43381,0.83,19.8,23,6.3
90RC00K2-M0UAY0,2.56,24.1,30.7,13.5
B650M S2H,0.92,26.5,26.5,5.4
P041GI-NETWORK-CARD,0.14,20.7,14.4,3.8
P021GI-NETWORK-CARD,0.11,17,14,3
P011GI-NETWORK-CARD,0.05,14.2,17,3
B760M GAMING X AX,1.64,26.8,27,6.8
90MB1G60-M0EAYC,0.74,18.5,22.6,6
90MB1FA0-M0EAY0,1.35,27.5,27.5,6.75
4XC1M72794,0.03,14.4,5.3,17.7
4XC1M72798,0.03,14.4,5.3,17.7
USGFLEX700-GB0102F,4.8,16.3,51.9,39.2
PH-FF120RGBPBK01,0.07,2.5,16,17.5
DN-651161,0.57,7.25,18.6,20.8
DN-651155,0.74,6.6,15.8,21.3
DN-651154,0.64,6.6,15.8,21.3
DN-651145,1.41,23.4,19,23.4
PH-ES314ETGAG,10,46.3,30.8,54
DN-652104-1,0.56,5.4,13.5,16.5
DN-651157,0.79,6.6,15.8,21.3
DN-651150,0.92,6.6,15.8,21.3
7888440,70,,,
7888850,124,,,
DN-651160,0.52,7.25,18.6,20.8
DN-651159,0.08,7.25,18.6,20.8
DN-651158,0.69,7.25,18.6,29.8
DN-651152,0.75,6.6,15.8,21.3
DN-651149,,6.6,15.8,21.3
DN-651148,0.84,6.6,15.8,21.3
DN-651147,0.7,6.6,15.8,21.3
DN-651153,0.75,6.6,15.8,21.3
DN-651151,0.92,6.6,15.8,21.3
7888653,12,,,
DN-652101-1,0.56,5.4,13.5,16.5
DN-651156,0.74,6.6,15.8,21.3
DN-651146,0.7,6.6,15.8,21.3
7888612,0.32,,,
7888532,93,,,
DN-651139,1.48,23.4,19,8.6
7888510,96.5,,,
CM8063301292702,,14,4.4,11.7
RWMIP55W12U45B,32.5,52,66,65
90YV0JM0-M0NA00,1.58,23.3,40.5,8.85
90YV0J11-M0NA00,1.65,23.3,40.5,8.85
RWM12U56BL,28,62,64,65
RWM12U45BL,25,52,64,65
RUM07U40MNBL,10.1,42,43,55
RDL42U88BL,106,82,82,220
RAX100BL,0.47,,,
RAS420BL,4.82,,,
RAP105BL,8.51,,,
RAO415BL,1.04,,,
RAO400BL,0.95,,,
RAO300BL,0.11,,,
RAO210BL,0.59,,,
RAF120BL,3.32,,,
RAB110BL,0.72,,,
RWP09U45BL,20,52,64,52
RWM16U45BL,29.5,52,64,82
RSM09U30MNBL,10.1,33,33,47
RAX111,0.81,,,
RAS405BL,2.47,,,
RAS100BL,1.86,,,
RAR205BL,2.61,20,53,5
RAP100BL,7.91,,,
RAO410BL,0.52,,,
RWM07U45BL,19.1,52,64,42
RSM06U30MNBL,7.41,33,33,35
RDL32U68BL,71.6,82,65,175
RAX140,0.21,,,
RAX106,0.37,,,
RAS215BL,3.31,,,
RAF210BL,3.51,,,
RAF205BL,3.01,,,
RAF125BL,4.81,,,
RAF115BL,2.38,,,
RAB300BL,0.26,,,
RA10115BL,0.08,,,
RUM09U40MNBL,11.2,55,43,45
RAX640,0.1,,,
RAX110,3.07,,,
RAO305BL,0.34,,,
RAO120BL,0.66,,,
RAO105BL,0.82,,,
RAB305BL,0.42,,,
RAB200BL,0.23,,,
RWM20U56BL,37,62,64,105
RDL32U88BL,84.6,82,82,175
RAX635,0.1,,,
RAX410,1.31,,,
RAS700BL,2.71,,,
RAO205BL,0.23,,,
RAO200BL,0.19,,,
RAB400BL,0.26,,,
RAB205BL,0.39,,,
RWP16U45BL,29.5,52,64,82
RWM16U56BL,32.5,62,64,82
RDL42U81BL,117,105,82,220
RDL26U66BL,56.5,65,65,150
RAR200BL,2.51,11,53,5
RAO405BL,1.59,,,
RAF300BL,3.01,,,
RAD105BL,6.31,,,
RAB120BL,0.96,,,
RA10110BL,0.22,,,
RWP12U56WH,26.5,62,64,65
RWP12U56BL,26.5,62,64,65
RWMD09UBL,14.5,62,62,15
RWM06U56BL,19.5,62,64,37
RSM06U30MNWH,7.41,33,33,35
RDL42U68BL,90,82,65,220
RDL26U88BL,78.7,82,82,150
RDL26U68BL,68.5,82,65,150
RDL16U66BL,36,65,65,105
RAX405,1.01,,,
RAS110BL,0.1,,,
RAO115BL,0.1,,,
RAF310BL,2.8,,,
RWP16U56BL,31,62,64,82
RWMD16UBL,19.5,15,64,89
RUM12U40MNBL,14.9,43,43,55
RSL42U61BL,99,65,65,220
RAX112,0.21,,,
RAS600BL,2.26,,,
RAS410BL,3.59,,,
RAD100BL,4.86,,,
RAB410BL,0.58,,,
RAB310BL,0.58,,,
RAB210BL,0.55,,,
RA10105BL,0.32,,,
MPG GUNGNIR 300R AIRFLOW WHITE,13.2,,,
AX4U36008G18I-DTBKD35,,17,14.1,1.22
AX4U360016G18I-DTBKD35,,17,14.1,1.22
90YV0JH2-M0NA00,1.62,23.3,40.5,8.85
DN-96019-1-K,0.01,2.3,7,10
43374,0.65,18,26,7
DN-95359,4.24,10.2,28,50.5
MPG VELOX 100R WHITE,,22,42,46
PRIME H770-PLUS,1.27,22.6,32.8,5.3
90YV0JC2-M0NA00,1.12,5.5,30.3,22
VCG40608TFXXPB1,,19.2,38,6.5
VCG40608DFXPB1,,18.1,32.1,6.6
90MB1FQ0-M0EAY0,1.03,27,26,5.15
90MB1G10-M0EAYC,0.89,26.3,27,5.15
43383,0.06,19.4,17.4,1.5
HYS5482048832GBOE,0.03,15,1,5.5
43380,0.42,19.8,23,6.3
90MB1E50-M0EAY0,1.67,27.5,27.5,6.75
26.99.0317,0.02,5,5,2
R8Q-00004,2.49,29.3,39.7,6.7
RIR-00004,2.68,31.4,42.8,6.8
R1T-00027,2.52,29.3,39.7,6.7
RB1-00004,2.52,29.3,39.7,6.7
RIR-00027,2.68,31.4,42.8,6.8
RBZ-00004,2.68,31.4,42.8,6.8
RBH-00029,2.52,29.3,39.7,6.7
RB1-00027,2.49,29.3,39.7,6.7
R8P-00004,2.49,29.3,39.7,6.7
RIQ-00027,2.68,31.4,42.8,6.8
RFI-00027,2.68,31.4,42.8,6.8
RC1-00004,2.68,31.4,42.8,6.8
RBI-00029,2.52,29.3,39.7,6.7
RI9-00027,2.68,31.4,42.8,6.8
RG1-00004,2.68,31.4,42.8,6.8
R8Q-00027,2.52,29.3,39.7,6.7
RIQ-00004,2.68,31.4,42.8,6.8
RIA-00027,2.68,31.4,42.8,6.8
R1U-00027,2.52,29.3,39.7,6.7
4IK-00002,0.54,17.8,17.7,7.2
630-09,0.3,3.6,14,17.5
VA3209-2K-MHD,9.2,12.5,77,51
XG341C-2K,18.3,35.1,96.3,51.8
VA3209-MH,9.2,12.5,77,51
4E407AA,0.06,6,,
64W34AA#ABB,6.74,12.4,59.5,39.1
960-001428,0.2,13,5.65,8.45
910-006572,0.33,13.85,5.8,17.35
910-006477,0.21,8.75,7.7,14.7
ADJ-LAPTOP-RISER,0.9,28,23.5,6
100-91410001-60,0.15,4,11,13.4
100-91410000-60,0.15,4.2,11.2,13
920-010931,1.56,13.85,17.35,5.8
64W30AA#ABB,5.75,13.3,56.7,38.7
64W18AA#ABB,5.49,12.4,59.5,39.1
6B8Y3AA,0.55,3.5,25,36
66EFGAC3EU,7.9,72.5,45,13.5
43N04AA,0.12,7.8,12.9,4.7
2J875AA,0.42,22,27.6,8.6
P2423D,7.44,,,
60U8D00000AG,9.58,28.8,30.1,59.2
60S5000000AC,5.21,48.8,26.3,17.4
61U3010000AC,10.4,28.4,26.4,51.8
112AV8U2-A5A,0.7,,,
200AU360-DLR,0.25,10,3.7,7
61U9P10000AJ,8,28.6,31.2,52
60S5000000AB,3.2,27.6,21,22.6
60V2B10000AL,5.05,21,26.4,33.2
0412U300-AR2,0.07,,,
920-010967,0.95,46.8,20.5,3.2
920-010951,0.95,46.8,20.5,3.2
920-010968,0.95,46.8,20.5,3.2
TAPO T100,0.05,6.6,6.6,4.35
DN-95430,0.89,9.7,51,5.8
DN-95402-1-IT,1.23,9.7,51,
DN-95412-IT,1.48,12,65,
PRO MP271CA,7.3,17.3,69.9,49.9
DN-95407-FR,,9.7,51,
630W7AA#AC3,,1.39,,
N8N14AA#ABU,0.38,11.6,23.5,6.5
72C71AA#ABB,,68,19.4,16.7
43905,0.52,9.58,24.4,7.8
40CLTSCAM1,1.3,11.5,41.6,5.65
DN-936M12-P,0.05,1.5,6,
DN-936M12-J,0.05,1.5,6,
4Q8N9E9#ABU,8.2,4.84,53.83,31.17
64W34AA#ABU,6.74,12.4,59.5,39.1
64V81AA#ABU,4.3,12.1,56.7,38.7
64X86AA#ABU,5.24,12.1,56.7,38.7
4Q8N4E9#ABU,7.4,14.1,62.5,37.3
PG42UQ,22,18.8,107,87
910-006172,0.39,11.7,6.95,17.5
63B4GAT6UK,8.3,16,62,42
63A9GAT1UK,10.4,52.5,69,14.8
63A4MAT1UK,10.1,52.5,69,14.8
63B3GAT6UK,8.6,16,62,42
63B0MAT6UK,6.8,14.4,56.3,41.4
275S9JAL/00,7,14.1,69,45.3
HYDRA3XL,8.94,,,
40B50090EU,0.96,15.8,21,7.5
960-001422,0.2,13,5.65,8.45
981-001213,0.47,19.6,8.7,22
GY51C33980,0.32,8.7,11.3,14.5
ALTHEA12W,0.13,10.2,5.7,3.6
43360,0.3,13.7,20.7,2.8
6T0Z9EA#ABU,,55.2,6.9,34.5
910-006558,0.33,14,5.9,17.5
305V3EA#ABU,,43.5,6.7,26
XR48A90KU,21,74.1,118.7,18.8
SRTG192XLBP4,101.5,78,58,33.5
SRTG8KXLI,83.1,79,59,41.4
4V975AA,1.47,24.5,29.3,11.8
40Z32E9#ABB,10.3,19.2,60.3,42.1
TB4CDOCKUE,1.1,14.5,23,9
671R3AA#ABU,0.5,7.5,9.7,23.7
441-47,0.15,2.9,14.1,14.1
420-67,1.6,7,25,35
X11-4K,7.5,37,40.2,29.5
63A4MAT1EU,10.1,52.5,69,14.8
WFLS900NW.CE7,,8.5,6.7,9.1
ST-EESC1-WW,0.41,,,
TAPO L930-5,,6.85,23.15,20.45
TAPO L610,0.05,,,
TAPO L630,0.06,,,
VA2715-2K-MHD,5,12.8,68.8,44.8
4L1/2203X6,0.24,,,
4L1/2201X6,0.65,,,
4L1/2205x6,0.24,,,
U442-DOCK5D-GY,0.16,8.51,14,2.01
910-006764,0.12,8.57,4.13,13.27
910-006652,0.11,8.57,4.13,13.27
910-006760,0.11,8.57,4.13,13.27
9S6-3CB51T-066,5.9,17.2,69.8,48.8
HYDRA1B,3.44,,,
6T155EA#ABU,,44.9,6.9,30.5
SP-LAMP-069,0.34,15,15,12
ELPLP32 / V13H010L32,0,15.7,14,14
SP-LAMP-066,0.45,,,
SP-LAMP-061,0.45,15.2,15.2,15.2
ELPLP69 / V13H010L69,0,16,16,14
SP-LAMP-076,,15.5,11,10.7
SP-LAMP-031,0.91,30.48,22.86,22.86
SP-LAMP-041,0.91,30.5,22.9,22.9
SP-LAMP-040,0.32,16.5,17.5,11.7
SP-LAMP-043,,30.5,22.9,22.9
SP-LAMP-028,0.91,30.5,22.9,22.9
SP-LAMP-009,0.91,,,
ELPLP65 / V13H010L65,0,13.9,14.2,12.9
1902499,,14.5,16,9.5
VA2715-H,5,12.8,68.8,44.8
920-010995,1.08,53.1,20.5,4.7
920-011004,1.08,53.1,20.5,4.7
920-010993,1.08,53.1,20.5,4.7
920-011054,0.86,39.4,14.5,4.5
920-011059,0.86,39.4,14.5,4.5
4L1/7013,0.62,19,19,17
4L1/2205,0.24,,,
4L1/7010,0.71,32,15,15
4L1/1002/4,0.21,,,
4L1/2215X2,0.65,,,
4L1/2218X2,0.65,,,
4L2/2010x2,0.32,23,22.5,17.5
4L1/2211X2,0.91,,,
4L1/8048X2,0.1,23,23,18
4L2/2305,1.09,22.5,22.5,18.5
4L1/2212X2,0.65,,,
4L1/2216X2,0.65,,,
4L1/2203,0.24,,,
4L1/1000/3,0.12,,,
4L1/8050,0.1,7,7,13
CC643EE,0.06,3.6,11.6,11.5
DN-95122,0.4,12.2,16.7,
RDS04E1,,41,31.5,11.5
B5L28A,0.25,15.2,22.2,5.7
E4J40A,9.53,,,
C33S045717,2.21,21,22.5,11.5
C33S045726,1.6,21,22,9
C33S045722,2.15,21,22,11.8
C13T664140,0,5.7,14,5.7
S0721660,28,9.6,2.2,14.6
TZE461,0.15,51.5,47,13.5
F6V97AA,0.37,16.9,18.8,4
097S04171,90.7,78.74,114.3,121.92
497K09130,8.39,26.16,71.12,21.33
C13T76014010,,3.3,14.5,12
C13T76094010,,3.3,14.5,12
C13T295000,,15,2.5,7.7
C13S050748,0,14.5,16.3,10.6
54G0P00,1,63.8,11.4,14.2
DR2100,0.8,,,
DK11202,,58.5,52.3,16.5
DK22205,0.39,58.9,52.3,16.7
DK22210,,51.6,37.8,15.7
DK22225,,51.8,43.7,15.7
DK11204,,51.5,30,16.5
DR230CL,2.24,,,
MK221SBZ,0.04,18,17.5,9.5
DK11209,,58.4,52.4,15.7
QL700ZU1,2,18.42,26.04,23.49
TZEN251,,44,29,28.5
DR2200,0.7,,,
DK11201,0.27,0.5,11.5,11.5
DK44205,,58.3,52.4,16.4
C13T05404010,,3.3,14.5,12
DK22214,,51.4,37.6,16
DR2005,0.7,,,
DR241CL,2.06,36,38.4,21.7
HL1110ZU1,5.3,31.3,41.5,29.4
B5L09A,1.05,24.45,34.61,18.73
C13T08074510,0,32,2,19.5
C13T79114010,0,3.7,15,19.5
DN-81201,0.1,3,11.5,
DN-81200,0.04,3,11.5,
D7H14-67901,19.2,50.3,60,67.1
PTH500ZU1,1.65,,,
C1P70A,0.84,24,16.5,5
S0968970,5.3,40,25.6,28.9
C33S045539,0.61,10.8,11.3,11.2
C33S045535,0.46,10.8,11.3,8.8
C33S045534,0.46,10.8,11.3,8.8
C33S045533,0.62,10.8,11.3,11.3
C33S045532,0.61,10.8,11.3,11.3
C33S045531,0.6,10.8,11.3,11.3
AUSDH32GUICL10-RA1,0.01,12.9,8.45,0.55
DN-81001,0.04,9,12,
18508DMO,0.04,8.5,3.4,11.1
BU220CL,1.59,,40.7,19.7
C13S053057,1,39,15,20
S0847730,40,10.5,8.9,5
108R00999,0.23,11.5,11,4.5
DN-81004,0.04,9,11.5,
DN-81003,0.04,3,11.5,
DN-81000,0.04,3.1,11.8,
DN-81002,0.04,9,11.5,
008R13056,3.6,,,
CE310AD,1,16.6,36.3,8.6
C13S050670,0,17.7,6.8,5.3
GFR381,,5.1,14,19.1
133-73,0.13,3,12.5,19
C13T671000,0,14.5,8.5,8.5
C13S053043,0,48,21.5,22.5
C13S045289,4.82,112,14,14
C13T08044011,,2.6,14.5,12
CE725A,36,,,
TZEN221,,37.5,21,25.5
TZE223,0.05,37.7,21,25.2
TZES641,0.08,43.5,28.5,26.5
TZES631,0.06,37.5,21,25.5
TZES621,0.05,37.7,21.1,25.5
TZES151,0.09,43.5,35,27.5
TZES141,0.08,43.5,28.5,26.5
TZES121,0.05,37.5,21,25.5
TZEFX631,0.01,37.5,21,25
TZEFX231,0.01,38,20.7,26
TZEB51,0.03,43.5,34.5,27.5
TZE551,0.09,43.5,34.5,26.5
TZE521,0.05,37.5,21,25.5
TZE435,0.06,37.4,21,25.3
TZE344,0.08,44,29,28
TZE222,0.05,37.5,21,25.5
TZE135,0.06,37.5,21,25
TZEFX651,0.01,43.5,35,27.5
TZEFX641,0.08,44,28.5,28
TZEFX251,0.04,43.5,34.4,26.4
TZEC31,0.06,38,21,26
TZEB31,0.06,37.7,21.2,25.5
TZE731,0.06,37.5,20.8,25.1
TZE661,0.15,52,47,15
TZE641,0.08,43,28.5,26.5
TZE631,0.06,37,21,25
TZE621,0.05,37,21,25
TZE611,0.05,37.5,21,25
TZE541,0.08,43,28.5,26.5
TZE535,0,37.5,21,25.5
TZE431,0.06,37.5,21.5,25.5
TZE355,0.09,43.5,34,27.5
TZE334,0.06,37.5,20.5,26
TZE325,0.05,37.5,21,25
TZE315,0.05,36.5,9.5,11.5
TZE261,0.15,51,47,13.5
TZE242,0.08,44,28.6,27.7
TZE231,0.8,0.8,5.6,5.8
TZE132,0.06,37.5,21,25.5
TZE131,0.06,37,21,25
TZE121,0.05,37.5,20.8,25.1
TZES251,0.09,43.5,35,27.5
TZE651,0.09,43.5,34.5,26.5
TZE531,0.06,37.5,21,25
TZE451,0.09,43.5,34,26.5
TZE441,0.08,43,28.5,26.5
TZE252,0.09,43.5,34,27.5
TZE232,0.06,37.5,21,25.5
TZE151,0.09,43.6,34.4,26.4
TZE141,0.08,43,28,26.5
TZE741,0.08,43,28,26.5
TZE345,0.08,37.5,21,25
TZE253,0.09,43.5,35,27.5
TZE145,0.08,44,28.6,27.7
TZES241,0.08,43.5,28.5,26.5
TZES231,0.06,37,21,25
TZES221,0.05,37.5,21,25.5
TZE335,0.06,37.5,21,25
133-66,0.39,2.5,15,18
C792A1KG,2.47,,,
GFR204SD,0.04,,,
S0915490,6.5,39,26.5,32
CN636A,0.5,4.1,28.3,11.8
S0784440,0.8,9.7,22.2,20.3
44036022,1,10.2,48.4,11.7
X860H21G,1.13,,,
C13S020476,0,21.5,6,15
C13T596C00,0,32,6,14.5
CB320EE,0.04,2.4,10.7,11.5
B3P06A,0.6,12,17.3,17
80C2SY0,0.22,10.2,14.1,7.2
80C2SK0,0.23,10.2,14.1,7.2
80C20Y0,0.2,10.2,14.1,7.2
50F2U00,1.3,13.6,45,18.2
52D0HA0,1.7,,,
CF239A,14,70.2,71.8,28
C13T671100,0,14.5,8.5,8.5
C33S045419,0.64,10.8,11.3,11.3
C33S045418,0.47,10.8,11.3,8.9
C33S045417,0.32,10.8,11.8,5.9
C33S045390,0.58,10.4,11.4,12
C33S045389,0.44,10.8,10.7,8.9
B11B205231BY,12.4,59.5,49.5,32.5
C13S051201,0,49.5,18,15
CE248A,0.25,12,16,4
CE979A,5,,,
CH649A,1.04,6.5,24,27.5
CH648A,0.11,14.3,2.8,13.2
CH645A,0.11,14.3,2.8,13.2
CH644A,1.08,6.3,29.4,26.5
CE314A,0.7,9.2,36.3,16
CE017A,0.11,14.3,2.8,13.2
S0915440,6.5,39,26.5,32
C13T580100,0,10,3.5,8
CB457A,6.2,24.89,59.79,28.4
CB459A,1.2,23.6,49.51,16.51
CB385A,3.9,16.8,60.3,32.7
133-46,0.4,4.5,12.5,19
S0784430,0.81,20.3,22.2,9.7
108R00823,0.11,10.79,5.71,6.35
108R00774,1.52,49,20.5,16.5
108R00776,1.52,50.16,16.51,20.32
12A8302,0.84,,,
25A0013,,7.7,12.6,5
C13T08914011,,2.6,14.5,12
C13T08944011,,2.6,14.5,12
C13T619000,0,25.5,6.5,10
Q1446A,2.45,,,
CB384A,3.9,16.8,60.3,32.7
CB387A,3.9,16.8,60.3,32.7
CE530A,7.08,50,54.4,26.8
Q1397A,34,,,
C9410A,0.1,14.3,2.8,13.2
Q8751A,14.1,,,
C9518A,1.08,6.3,29.4,26.5
Q8005A,6.8,,,
C6569C,5.21,,,
C6019B,3.18,,,
C4198A,3.7,26.4,48.3,27
C13T606300,0,29,3,11
C9450A,0.23,4,20.2,12.9
C13T05444010,,3.3,14.5,12
Q1441A,4.49,,,
CB337EE,0.06,3.6,11.6,11.5
Q7504A,4.7,39.4,37.3,11.1
42918914,1,10.2,48.4,11.7
C8560A,2.6,19,58,19.5
C13S015073,0,33.5,4.5,9
C9363EE,0.08,11.3,14.1,3.7
C6030C,4.32,,,
C6570C,5.9,,,
C9404A,0.1,14.3,2.8,13.2
C3876A,2.94,,,
C13S015139,0,19,3.5,11.5
C13T08794010,,3.3,14.5,12
C8563A,2.6,19,58,19.5
C13S015086,0,54,3.5,12.5
C13S015066,0,19.5,3.5,11.5
C6020B,4.57,,,
C9408A,0.1,14.3,2.8,13.2
108R00657,0.88,,39,
C9704A,2.63,,,
C13T05484010,,3.3,14.5,12
51604A,0.09,3.8,7,11.4
C9406A,0.1,14.3,2.8,13.2
C43S015352,,10,8,1
C13S015339,0,38.5,10,11.5
C6810A,8.53,,,
C13S045009,13.1,117,17,16
C9405A,0.1,14.3,2.8,13.2
Q8004A,4.9,,,
C9407A,0.1,14.3,2.8,13.2
109R00732,4.08,58.42,20.32,30.48
Q1405A,4.74,,,
C13S015327,0,49.5,3.5,8
C13T606200,0,29,3,11
C8061A,1.6,15.6,35.3,24.7
C9458A,0.23,4,20.2,12.9
43459330,0.25,5.6,30.6,5.2
51642B,6.43,,,
Q1442A,3.1,,,
C8561A,2.6,19,58,19.5
C13S041396,3,66.3,17.2,17.2
C13T05944010,,14.2,3,11.3
C6602A,0.14,8.89,10.16,5.08
C13T580800,0,10,3.5,8
C6035A,3.31,,,
C13S041703,5.97,118,15.5,17
7107935,0.24,6.8,6.8,8
C13T619300,0,28.5,7,14
DN-81010,0.04,10,7,
90LM09C0-B01970,17,49,132,25
77B10AA,0.19,6.7,10.2,11.2
8F3E3AA,0.3,17.3,23,6
5M9M5EA,2.95,13.2,49.8,23.5
URT-600-HW,0.01,,,
6U4S3EA,7.25,20.5,39.4,49.9
006R04808,0.46,11,32,11
006R04807,0.43,11,32,11
006R04806,0.43,11,32,11
006R04811,0.46,11,32,11
006R04794,0.76,11,32,11
006R04810,0.46,11,32,11
006R04801,0.8,12.2,38.5,14
006R04796,0.95,10.4,34.5,13.2
006R04813,0.82,12.2,38.5,14
006R04809,0.52,11,32,11
006R04795,0.95,10.4,34.5,13.2
006R04805,0.47,11,32,11
006R04804,0.43,11,32,11
60U6300000AB,4.7,38.9,39.2,23.9
60U6300000AD,1.48,13.1,63.1,18.3
126-29,0.38,14.7,15.8,5.4
006R04802,0.78,10.4,34.5,13.2
006R04819,0.86,10.4,34.5,13.2
006R04803,0.78,10.4,34.5,13.2
006R04812,0.79,10.4,34.5,13.2
006R04800,0.78,10.4,34.5,13.2
006R04815,0.79,10.4,34.5,13.2
006R04818,0.86,10.4,34.5,13.2
006R04817,0.92,12.2,38.5,14
006R04814,0.79,10.4,34.5,13.2
XTREAMH4,0.11,5.59,16.76,20.83
XTREAMH5,0.23,7.62,17.78,19.05
NUSCAN5200TR,0.91,18.28,26.67,11.43
CYBERTRACKH4,0.08,5.71,15.24,17.78
816Y9EA#ABU,,48.3,6.9,30.5
CDL-160,0.05,,,
VB-CAM-002,0.18,6.1,16.7,12.2
RMI3-FLIP2,14.8,11.4,92.1,61.6
4J0A2ET,0.76,14.3,27.5,14.85
VK330,0.81,33,25,5.7
VK304,0.98,20.8,17.5,9
90LM06H5-B01370,6.8,16.3,64.9,49.8
8R708AA,,14.9,17.5,5.5
8R707AA,,14.9,17.5,5.5
8D3J8AA,0.7,18.5,21,11.5
8D3G8AA,0.3,21,19,5.5
306-7ZP0C11-CE0,3,,,
2469-ANTI-BLUE-LIGHT,0.44,36.8,57.3,0.6
9S9P7EA#ABU,2.96,59.8,6.9,34.5
DN-95423,1.05,6.7,50,
17TF6-PRIVACY-SCREEN,0.31,46,33,0.5
156LT-PRIVACY-SCREEN,0.21,39,24.5,0.4
156T6-PRIVACY-SCREEN,0.21,39,24.5,0.5
141T6-PRIVACY-SCREEN,0.2,39,24.5,0.5
133MF-PRIVACY-SCREEN,0.17,39,24.5,0.4
133T6-PRIVACY-SCREEN,0.17,24.5,39,0.4
125TF-PRIVACY-SCREEN,0.16,24.5,39,0.4
123SP-PRIVACY-SCREEN,0.18,24.5,39,0.4
124SL-PRIVACY-SCREEN,0.18,24.5,39,0.4
121T6-PRIVACY-SCREEN,0.19,38.7,24.5,0.7
JBLT205BLK,0.06,4.6,17.6,6
AORUS 17X AZG-65UK665SH,5.68,58.7,8.5,38.4
9S6-3CA91T-093,6.3,15.7,68.3,46.3
90YH03Z0-BAUA10,1.23,16.5,19.8,29.7
86B20EA#ABU,,6.9,48.3,30.5
TS525TU,24.9,,,
RMF3,5.3,,,
PNRUB,29.9,,,
MTMP1U,11,,,
MTM1U,9,,,
MSM1U,8,,,
LVS1U,20,,,
K2W110B,2,,,
K3G320B,16,,,
K1P120S,5,,,
996V8ET#ABU,9.24,40,28.7,49.9
VBPRO.EXPSPK10,0.86,17.1,25.9,25.9
9S6-3DA61T-036,9,98.5,18.3,53.8
9S6-3CB01T-046,6.5,17.2,69.8,48.8
XU2793QS-B6,5.5,46.5,68.8,12.5
XUB2793QS-B6,7.3,14.2,69.1,44.7
G2770HSU-B6,,14,69,43.2
G2470HSU-B6,4.9,12.6,61,41.3
APCRBC117-OS,24.49,64.77,29.84,20.32
L2X04AA,,23.2,18.4,5.75
671R2AA,0.5,7.5,9.7,23.7
133LT-PRIVACY-SCREEN,0.16,24.5,39,0.4
2569-PRIVACY-SCREEN,0.5,42.5,74,0.3
31569-PRIVACY-SCREEN,0.6,42.5,74,0.3
14L61-PRIVACY-SCREEN,0.18,24.5,39,0.4
981-001451,,7.2,17.4,18.4
981-001453,,7.2,17.4,18.4
M2Q95AA,,23,29,4.5
MB14AHD,2.64,7.8,45.4,31
4L2/2301,0.66,12,9,15
4L1/2202,0.27,,,
4L2/2000,0.63,12,10,12
4L1/2201,0.26,,,
VFM-W4X4V/2,1.66,6.4,45,8.7
VFM-W4X4TV/2,2.1,6.4,45,12.2
TAT4556WT/00,0.13,3.9,9.5,17.5
70482,0.1,10.5,13.3,2.4
PX3-5190CR,5.6,32,41.5,57
DK31C4DPPDUE,0.36,23.3,14.5,10
920-010563,0.88,37.7,4.5,17.3
1C4Z6E9#ABB,8.1,41.5,62.5,14.2
VP2786-4K,13.2,22.5,69.2,50.5
M4XVJ,,31.5,30,6.2
SRSXG300H.EU8,3.8,16.8,35.4,20.8
SRSXG300B.EU8,3.8,16.8,35.4,20.8
2D9K1E9#ABB,4.7,12.1,61,39.9
HYDRA2,5.58,,,
HYDRA1,3.7,,,
920-011060,0.86,39.4,14.5,4.5
4858C005,0.2,15,15,10
39225,4.5,19.5,36.5,48
920-011055,0.86,39.4,14.5,4.5
66F0GACBUK,7.99,67.1,49,17.6
100-98230000-60,0.1,17.64,10.64,3.25
HZ08,0.9,24,29,5.5
63A5GAT6UK,8.9,48,60.4,16.1
SECTBLTPOS2,2.4,25,34,16.5
43349,0.78,12,20,7
43358,0.1,19.4,17.4,
43336,0.06,19.4,17.4,
38344,1.1,22,29,7.5
38343,1.29,7,26.5,21
38337,0.25,4.4,9,1.4
43354,0.09,17.4,19.4,
28MQ780-B.AEK,13.2,24,74.5,55.7
LS25BG400EUXXU,6.3,42.9,62.8,16.3
LS27BG400EUXXU,7,46.9,68.5,16.8
920-011027,1.08,53.1,20.5,4.7
40AY0090SA,0.96,15.8,21,7.5
6A2N7EA#ABU,2.34,48.3,6.9,30.5
WFLS900NB.CE7,,8.5,6.7,9.1
PRO MP341CQ,10.3,99.8,20.2,51.5
4R009AA#ABB,0.86,15.6,4.7,53.7
6CR71AA,0.14,5.3,13.9,19.7
136-43,0.14,1.8,7.2,16.2
5L539ES#ABU,3.4,23.5,49.8,13.2
3B4Q5AA,0.18,11,13.5,4.8
4X81H95633,0.09,8,20,3
4L1/8007X2,0.1,23,23,18
55028894,0.25,15.8,9,7
DN-95424,0.47,5.3,23.4,5.1
40Z29AA#ABU,12,19,69.5,48.3
50P638K,1.18,12.7,125.5,76.5
43P638K,0.92,12.8,110,65
55028467,0.33,12.2,12.2,8
WFL900W.CE7,0.16,5.5,8.8,8.9
MHCV13.CEK,10,65.3,36.8,40.7
VX3218-PC-MHDJ,7.4,17,97,52.3
VX2718-PC-MHDJ,6.3,15.6,68.7,54.3
VX2718-2KPC-MHDJ,6.3,15.6,68.7,54.3
DN-95425,0.47,6.2,23.4,5.1
11SE002UUK,,39.5,24.5,53
6593-833-309,,17.6,5.1,20.6
63A3GAT1UK,10.1,52.5,69,14.8
11T3002RUK,,26.8,49,14.1
356D5AA#ABB,5.8,12.6,69,43
34Y22AA#ABB,4.7,12.1,61,39.9
800604901,0.41,15.1,25.1,7.4
4L2/4001,2.24,93,14,13.5
960-001363,0.18,13.6,8.08,13.6
DA-20162,0.12,12,8,5
DA-10071,0.25,4.5,8,15
DA-20161,0.11,12,8,
DA-10082,0.22,2,11,28.5
DA-10061,0.08,3.5,7,15
DA-70894,0.24,22,10,
DA-10080,0.08,1.6,11,16.5
WFL900H.CE7,0.16,5.5,8.8,8.9
4XD1C99221,0.66,8.5,22.5,25
134-36,0.3,10,12,22
X2000B-4K,9.9,48.8,55.7,18.7
55M12ES#ABU,6,49.8,19.6,34.6
EPDU1116SMBO,7.84,13,19.5,203
MM-XXLSP-WW,0.75,,,
MM-SMSSP-GR,0.25,,,
MM-XXLSP-GR,0.75,,,
MM-XXLSP-BL,0.75,,,
GX20Z46247,0.53,11.2,21.3,7.5
40B00135IT,1.2,19.5,27,8.5
420-69,0.48,3,17,28
420-70,0.72,6,28,42
420-71,1.45,22.2,15,15
39245,1.52,19.5,35.5,6
38331,0.08,,23.6,25.5
MS-1WRAX-BM,1.11,38.3,23,21.6
P2723QE,9.68,,,
960-000735,0.28,20.96,7.62,15.24
4L1/2000/4,0.4,,,
4L1/2000/3,0.4,,,
4L1/1210/4,0.21,,,
4L1/1003/4,0.26,,,
4L1/1201,0.13,,,
4L1/1001/3,0.16,,,
4L1/1200,0.13,,,
4L1/1003/3,0.26,,,
4L1/8003x2,0.34,23,23,18
4L1/1000/4,0.12,,,
38340,1.28,7,26.5,21
KAP11961,0.2,36,26.5,0.7
XG2431,8.6,18.5,69.8,40
11T3002SUK,,26.8,49,14.1
79328,3.7,47,33,19.5
53814,3.62,40,40,20
53805,3.62,40,40,20
79326,3.7,47,33,19.5
69265,3.7,39.5,35,19.5
53820,3.62,40,40,20
53802,3.62,40,40,20
79322,3.7,47,33,19.5
53812,3.62,40,40,20
40Z26E9#ABU,17.7,28.1,90.5,48.1
EXTEND-HDMI-4K40C6P1,0.5,11.6,20,7.7
VFM-W2X2V2,0.97,2.5,23.9,23.9
TAPO L900-10,0.4,14.45,11.95,8.35
441-48,0.32,4.8,13.8,17.3
135-76,0.47,4.8,13.8,17.3
910-001601,0.15,12.6,8.3,18.6
910-005899,0.23,11.6,5.5,15.9
910-006478,0.21,8.75,7.7,14.7
9S7-15H112-027,2.3,8.6,49.3,30.6
40B00135DK,1.2,19.5,27,8.5
19U64AA,0.15,8,11,5
LAPTOP-STAND-SILVER,1,20.2,32,6
KITBXDOCKPUK,5.6,14,36,24
YHS36 Mono,,6,17,19.5
YHS36 DUAL,,6,17,19.5
MB16ACV,2.7,8.2,43.3,28.3
AD18Y-06-G-F,27.9,37,85,71
AD18Y-06-B-PVC,27.9,37,85,71
VP3881A,18.9,37.5,104.6,59
73811,0.18,9,10,6
100-92310901-60,0.9,3.2,10.6,17.5
24E1N3300A/00,7.25,12.5,60,52.6
IP54CL001423,0.08,2,11.7,20.7
MO54NIBL1392,0.09,2,11.7,20.7
DA-90440,0.86,26.3,27.4,3.2
100-92200901-60,0.9,3.2,10.6,17.5
27E1N3300A/00,10.1,18.6,78,52.5
53X26AA#ABB,0.11,10.7,,
DS-55513,1.1,35.7,15.3,8.5
DA-90428,3.86,34.9,44,34.9
DA-90426,6.47,25.5,56,11
DS-45337,0.22,10.5,14.6,
DA-90446,11.8,27.1,74,13.8
DA-90427,10.2,35.5,64.5,12
DA-90425,2.33,29.7,41,8
DA-90445,8.32,56,75.5,7.5
DA-90439,0.51,5,9.7,15.5
DS-55507,0.07,13.5,18.5,7.5
DA-90441,,14.5,51.5,
DA-90429,1.5,26.2,29.5,5.7
VT168HR,2.93,12.2,43.38,34.97
B-ERGO-MOUSE-PAD,0.32,19,24,3
24M1N3200ZA/00,5.73,16.4,60,52.6
910-006348,0.18,8.42,5.26,14.21
20433,0.12,25.5,23.6,
20432,0.12,25.5,23.6,
PX703HDH,3.78,16.8,41.5,29.7
DA-71546,0.41,12.6,13.7,5.7
DA-71545,0.4,12.6,13.7,5.7
IEUEBGAIRSPRTRBLK124,0.09,3.43,7.77,11.5
NX.K6KEK.001,2.46,45.7,6.5,28.8
E2222H,4.14,,,
981-000919,0.46,23.2,18.5,8.1
LDH-00016,2.6,5.5,29.1,39.5
LBC-00029,2.6,5.5,29.1,39.5
LF1-00031,2.6,5.5,29.1,39.5
LBJ-00029,2.6,5.5,29.1,39.5
LB5-00004,2.6,5.5,29.1,39.5
LB4-00004,2.6,5.5,29.1,39.5
LF1-00029,2.6,5.5,29.1,39.5
LE1-00008,2.6,5.5,29.1,39.5
LB7-00027,2.6,5.5,29.1,39.5
2D804AA,0.26,11.2,10.5,5
14V32AA,0.21,23.8,35.2,3.3
7MT84AA,0.84,14,30,51
OS3-XXXX002-000,1.59,,,
43N04AA#ABB,0.12,7.8,12.9,4.7
90MP02F0-BMUA00,0.18,4.85,10.15,15.3
426-5710,0.75,,,
935-PD16W,0.5,17.5,13.5,11
935-PD16,,17.5,13,11
4P4F8AA,0.2,5.9,11.9,17.9
ST10711E-B,0.52,22.8,33.8,0.7
ST354120,0.46,12,46,3.5
ST10711E,0.52,22.8,33.8,0.7
960-000736,0.37,20.96,7.62,15.24
27M1N3200ZA/00,9.96,22.4,78,52.1
32M1N5800A/00,15.4,18.6,93,52.6
S2722DGM,,82.3,16.31,45.9
DELL-S2421HN,,61.9,13.49,39.5
420-66,0.39,3.1,11.1,20.2
EP-P5400TBEGGB,0.03,22.88,10.7,3.94
235N8AA,0.16,9.5,15.5,3.7
1308081,,5.85,21.9,18.65
66D0KAC2EU,8.4,14.2,71,50.9
1308045,,5.85,21.9,18.65
VC882-AT-E,0.97,23.9,5.9,16
Z9N41AA#ABU,0.83,16.7,48.7,3.28
240J6AA,0.12,7.8,12.9,4.7
E482746,7.75,28.5,46.3,44.8
910-006274,0.16,8.42,5.26,14.21
VCC-100-XL,0.14,7.6,9.3,7.6
220491-01,0.09,27.94,20.32,2.54
4L1/8007,0.1,7,7,13
4L1/8048,0.1,7,7,13
40Z26E9#ABB,17.7,28.1,90.5,48.1
DONN11G,0.08,14.9,7.4,2.1
ORAZIO02DE,0.92,7,56,22.8
500S6AA,0.79,47,32,14
500S8AA,0.54,27,38,5.2
500S7AA,0.66,29,39,6.5
40Z32AA#ABB,10.3,19.2,60.3,42.1
126-36,0.32,12,19,25
126-35,0.95,7,50,7
630-13,0.2,17,16,27
420-63,0.85,3,12.3,20.7
126-34,0.2,9,19,25
630-14,0.2,15,15,24
243S1/00,8.46,18,62.5,43.5
910-006254,0.15,12.55,8.5,19.1
4C9Q2AA#ABB,0.23,9.5,10.3,13.5
391R4AA,0.15,13.9,19.8,5.3
LS32AG320NUXXU,9.1,56,81.3,22
LS27AG320NUXXU,7.2,46.4,70.4,21.8
LS24AG320NUXXU,6.6,45.4,63.6,21.15
8WX-00003,0.07,5.15,17.8,1.75
KAP30417,,,,16
KAP30415,,,,16
HEX31WPB-TX,2.8,,,
471D2AA,0.13,29.2,22.5,2
3L1F0AA#ABB,0.84,22,45.6,4.4
3L1E7AA#ABB,0.69,17.1,45.7,3.1
920-010597,0.69,31.5,14,3.8
920-010607,0.69,31.5,14,3.8
920-010605,0.69,31.5,14,3.8
8XB-00007,0.78,1.77,25.43,31.82
520-38,0.28,0.3,24,29
520-37,0.28,0.3,24,29
420-65,0.3,3,11,21.5
126-33,0.04,2,9,12.5
520-39,0.49,14.5,57.5,3.5
450-12,0.1,2.1,8.1,16.2
VP3256-4K,15.3,32.6,84,52
I8X-00002,0.05,11.11,11.11,1.6
FPPNEUSTND,3.6,,,
LS24A336NHUXXU,4.5,40,61.8,13.5
S10-43G0080-EC4,0.41,,,
UH3239-AT,0.16,12.5,18,3.5
126-30,0.2,9,18,24
126-32,0.1,3,10,20
866724-0200,0.76,6.6,15.57,22.22
NTBKBAG173,1.5,33.5,19.5,45
NTBKBAG156,1.5,32.4,20.3,42.5
ARMPIVOTE2,4.2,,,
HEX18GARC-KIT,1.8,,,
2H5M7AA#ABB,8.8,14,82.3,52.7
LS27A400UJUXXU,8.7,43.5,68.5,21.5
LS24A400UJUXXU,6.7,39,61,21.5
62BAMAT4UK,5.4,13.1,61,40.5
441-45,0.19,4,10,19
STJR512400,0.07,5.08,7.62,13.97
STJR2000400,0.07,5.08,76.2,13.97
WFC500D.CE7,,5.5,9.9,97.4
WFC500G.CE7,,5.5,9.9,9.7
WFC500B.CE7,,5.5,9.9,9.7
LVN126070,0.2,,,
LVN126076,0.2,,,
I6S-00010,0.4,6.88,19.56,16.79
40B00300IT,1.9,19.5,27,8.5
169L0E9#ABU,10.4,41.1,59.6,22.5
62B9MAT4UK,5.4,13.1,61,40.5
920-010498,0.7,31.5,14,3.8
955-000013,0.14,13,11.8,5.4
PRIVACY-SCREEN-238M,0.43,37.5,61.1,0.5
73194,0.13,4,9.5,9.5
43326,0.1,,17.4,19.4
32681,0.2,10.8,11.5,3.9
39526,3.3,25,57,11
THYIA02B,1.56,6.5,30.6,48.2
THORNE01B,1.7,,,
LVN126188UK-4,0.4,10,20,10
LVN126188UK-2,0.2,,,
LVN126188UK,0.1,,,
LVN126078UK,0.4,,,
LVN126076UK,0.2,10,20,10
3E2U7ET,0.37,2.2,25,36
5050C005,0.84,12.2,12.2,23.1
PRIVACY-SCREEN-24MB,0.43,61.1,37.4,0.5
PRIVACY-SCREEN-22MB,0.41,61.1,37.4,0.5
PRIVACY-SCREEN-20M,0.32,61.1,37.4,0.5
PRIVACY-SCREEN-23M,0.43,61.1,37.4,0.5
PRIVACY-SCREEN-185M,0.3,61,37,0.3
S10-43G0040-EC4,0.41,,,
STNDTBLTMOB,4.7,79,32.5,11.5
66D8GAR1EU,7.1,13.1,71.5,44.5
S11-04UK305-CLA,1.3,,,
428K7AA,0.16,14.4,17,5.4
2S9L1AA#ABB,0.13,7.8,12.9,4.7
956-000053,0.39,6.6,6.6,31
956-000051,0.11,23.9,0.55,22.1
956-000049,0.11,23.9,0.55,22.1
4XD1C99220,0.11,4.5,9.1,10.2
TAPO L920-5,0.46,23.15,20.45,6.85
956-000050,0.11,23.9,0.55,22.1
62D0GAT1EU,9,18.6,73,46
N8N14AA#ABB,0.38,11.6,23.5,6.5
391R4AA#ABB,0.15,13.9,19.8,5.3
40AY0090IT,0.96,15.8,21,7.5
920-010250,1.09,45.05,14.75,3.95
920-010351,1.73,49.4,5.8,25.1
960-001005,1.03,17.3,17.7,12.4
3V2X4AA,0.07,9.2,19,2.7
E245047,0.12,6.9,17.5,11.4
920-010249,1.09,45.05,14.75,3.95
920-010352,1.73,49.4,5.8,25.1
920-010350,1.73,49.4,5.8,25.1
920-010349,1.73,49.4,5.8,25.1
920-010251,1.09,45.05,14.75,3.95
920-010348,1.73,49.4,5.8,25.1
88885559,0.28,,,
K80100WW,0.08,16,7.2,18.8
952-000057,0.1,5.2,2.8,13.4
910-006520,0.12,9.05,3.65,24.8
SRTG20KXLI,,79,59,53.5
981-001062,0.38,17.9,8.2,17.8
981-001074,0.38,17.9,8.2,17.8
HG50Q60AAEUXXU,16.4,13.7,124.6,77.1
HG55Q60AAEUXXU,22.5,14.8,139.9,84.6
66E5GAC3UK,8.4,79.6,43.3,15.5
920-010245,1.09,45.05,14.75,3.95
910-006216,0.24,11.5,5.5,15.9
920-010346,1.73,49.4,5.8,25.1
910-006205,0.24,11.6,5.5,15.9
4Y51C33792,0.32,8.7,11.3,14.5
1C4Z5AT#ABB,7.6,41.5,62.5,14.2
VFM-W6X4V/2,2.09,4.7,68.2,9
453D2AA#ABB,3.41,18.1,50.43,36.71
VFM-WA4X4/3,3.5,,,
VFM-DAD/4,4.8,,,
VFM-WA2X2/3,2,29.5,23.8,6.5
VFM-DPD2B,4.8,,,
VFM-DA/4,2.8,,,
S12-0400D00-C54,0.24,,,
TC3 PWRUK,0.25,16,16,6.5
1159-0139-EDU,,18,21,2
1C4Z6E9#ABU,8.1,41.5,62.5,14.2
4L1/8042,0.12,7,7,13
VP2768A-4K,9.9,22,74,41.7
VA1655,,7.2,43,38.4
GB2590HSU-B1,6.7,21.4,71.1,42
920-010496,0.7,31.5,14,3.8
AK-770905-100-S,0.1,1.5,14.5,
S3422DW,14.9,95,46.81,22.5
62C1GAT6UK,20,27.5,108.5,52.6
ADJPROJCART,10.6,35.5,40,11
2F2L6AA,0.21,31,37,1
240J7AA#ABB,0.84,16.6,50.5,4
240J7AA#ABD,0.84,16.6,50.5,4
VG28UQL1A,10.4,22.4,71.6,44.6
LVR261875UK,1.5,10,55,6
DA-90408,0.73,28,25.5,
920-010303,0.8,20.85,2.8,26.1
2D9K1AA#ABB,4.7,12.1,61,39.9
TAPO L900-5,0.32,14.45,11.95,6.85
VE066-AT,0.16,10.7,3.8,19.6
T1634MC-B8X,5.8,29,45.5,36.5
A61CH62111,1.26,22.8,22.8,16.5
329M1RV/00,16.7,22.4,80,52.6
32C42AA,0.81,45,7.3,9.75
420-62,0.45,3.2,9.6,18.8
W2Q00AA,0.21,14,18.1,4.7
V0L81AA,0.15,13.9,19.8,5.3
V0L80AA,0.15,13.9,19.8,5.3
V0L82AA,0.15,13.9,19.8,5.3
2F1X3AA,0.21,31,37,1
2F2L0AA,0.24,32.5,40,1
2F1X7AA,0.24,32.5,40,1
2F2K5AA,0.24,32.5,40,1
2F1W8AA,0.24,32.5,40,1
ARMUNONB1,4.6,25.2,47.6,15
SM-R177NZWAEUA,0.14,9.54,8.63,4.48
920-010222,1.09,24.75,2.85,29.5
920-010367,0.66,26.8,20,3
U2422H,7.82,,,
38208,0.41,7,20,11.3
981-001104,0.47,23.2,19.4,8.1
LS27A400UJUXEN,8.7,21.5,68.5,43.5
981-001018,0.52,20.9,9.1,23.1
2Z8P4AA,0.3,28.5,40,6
3E2P1AA,0.44,6,45,31.5
34Y64AA,0.37,6.5,44,32
2Z8P3AA,0.38,10.5,31,45.5
DA-90421,,,78,
2F2J1AA,0.21,31,37,1
240J6AA#ABB,0.12,7.8,12.9,4.7
9827894,,6.9,18.8,18.9
LVO280892,0.17,12.5,3,8
GXH1C97870,0.3,6,40,6
LVO280902,0.02,18.5,2.5,2.5
LVO280894,0.02,18.5,2.5,2.5
LVO231789,0.17,16,8,9
V11HA44040,10.8,53,54,21
V11HA30040,10.4,53,54,21
2G3D3AA#ABB,5.8,12.6,69,43
40AY0090DK,0.96,15.8,21,7.5
40B00300DK,1.9,19.5,27,8.5
GX20Z46287,0.82,14.6,21.3,7.5
4Y51C21217,0.23,5.5,10.1,15.4
LVR261877,1.5,,,
LVR261876D,1.5,,,
LVN127766,0.03,,,
LVN126097,0.03,10,10,10
LVR261871S,1.5,7.4,53,7
LVN128146,0.01,5,7,10
LVN128088,0.02,,,
LVN127871,0.02,10,10,10
62C6KAT1EU,4.68,35.2,58.7,14
V11HA29140,12.3,56,54,21
V11HA27040,12,56.5,54,21
V11HA29040,12.3,56,54,21
LVN128147,2.77,,,
LVN128140,0.01,,,
LVN126105,0.03,10,10,10
LVR261871D,1.5,7,53,7
LVN128078,0.01,,,
LVN128082,0.02,,,
LVN126188,0.09,,,
LVR261880D,1.2,6,53,8
LVN127866,0.03,10,10,10
LVN126160,0.02,10,10,10
LVR261876S,1.5,7.3,53,7
LVN128076,0.01,10,10,10
LVN127767,0.04,,,
40ALLG2WWW,0.5,3.2,10.7,22.1
62B8MAT3EU,5.7,14.5,63.8,39.7
V11HA25140,12.3,56.5,54,21
V11HA25040,12.2,56,54,21
420-61,0.3,3,11,21.5
SE2422H,5.23,,,
EJ-M3400DBEGWW,0.08,2.59,6.43,10.67
CS18208-AT-E,4.84,49.9,13.3,32.4
CE924-AT-E,4.04,54,13.1,23.3
CS18216-AT-E,5.25,49.9,13.3,32.4
DA-90422,11,41,71,
62AEKAT2EU,5.42,41.5,62.4,12.4
2E6U9AA,0.26,27.1,40.7,
IEUEBJBAIRSPRTRBLK82,0.17,9.7,4.2,12.5
IEUEBEAIRSPTNCRBLK82,0.56,17.4,10.4,4.6
IEUEBFITSPORTRBLK123,0.07,10.3,3.25,14.1
MBLTVSTNDEC,26.4,86.5,102,13.5
CTK55PCEDRIVE,0.8,28.5,11.7,4
4XJ1D33268,0.17,25.4,38.7,0.3
LTSTND2IN1,0.54,23.8,22,8
CDP235APDM,,12.5,9,0.1
CTK20PCEDRIVE,0.25,7,23,43
1D0K9AA#ABB,0.39,11.8,16.4,7.38
62C5GAT1UK,8.31,17.2,62.2,42.1
960-001332,2.9,62.36,15.22,14.62
TAA6606BK/00,0.28,6.1,17,22.5
956-000008,0.02,11.1,8,1.5
2Z8A4AA,0.55,40,29,6.5
8300-119,,13,16,5
GB2570HSU-B1,6.5,,,
276B9H/00,10.3,25,69,46.2
920-010214,1.1,24.75,2.85,29.5
VX3418-2KPC,10.2,19,88.8,52.8
VX3219-PC-MHD,7,17,97,52.3
VX2719-PC-MHD,5.5,44.3,68.7,15.6
920-010210,1.08,24.75,2.85,29.5
326-11,0.11,2,12,14
326-14,0.11,2,12,14
126-28,0.18,4,16,20
DA-10196,0.09,8,13,
265A9ET,,8.05,,
DA-70620,0.07,11,40,5.5
AN-25179,0.19,22,7.5,2.5
6VY96AA#ABB,0.14,7.8,12.9,4.7
920-010027,0.74,51,15.8,4.6
960-001381,0.12,7.9,4.55,12.2
920-010016,0.69,16.25,2.95,47.35
920-010018,0.69,16.25,2.95,47.35
3C2V5ES#ABU,,52,6.9,30.5
8U3-00001,1.08,13.1,25.3,17.1
TF1634MC-B8X,6.6,29,45.5,36.5
V11HA22040,9.43,53,47.1,24.7
BULK0192,0.03,,10.8,19.5
7267,0.05,1.2,10.8,19.5
BNS15UF,0.25,1.8,40,35.5
BLS15UF,0.31,17,32.5,46
BLS14UF,0.27,17,30,42
38394,0.29,14.5,19,6
EPDU1232SX3620,9.56,11,16,195
BNS14UF,0.23,1.8,36,34
PRIVSCNMON34W,0.67,47.1,87.4,0.3
QAU-00022,0.48,17.7,17.8,7.3
1C1Y5AA#ABB,0.2,8,18.9,4.4
TD3207,15.5,57.7,86.3,16.3
VG24VQR,7.46,40.3,70.9,21.1
KM5221WBKB-FRC,0.71,13.8,45.5,7.2
48811,0.43,6.5,6.5,32
DA-12211,0.35,6,18,
DA-12202,0.23,5.6,15,
KM5221WBKR-INT,0.71,13.8,45.5,7.2
MS7421W-SLV-EU,0.22,16,8.55,4.5
NIS01-UK,0.46,,,
K62318WW,0.22,15,15,1.5
73809,0.27,6,15.5,12
TAH2005BK/00,0.25,8,17,22.8
1B9X2AA#ABU,9.4,42.3,69.8,16.3
VG3456,13.4,52.5,94.5,23.4
TAT2236WT/00,0.13,4,9.5,17.2
TF1534MC-B7X,4,16.5,43.5,33.5
126-25,0.3,15.5,19.5,0.66
62B0MAT2EU,8.4,42.2,61.8,16
DS-55505,0.98,24.3,19.6,
LS24A400VEUXEN,7.6,40.6,61.4,19.6
1D0K2AA#AC3,0.32,5.58,11.8,16.4
1D0K8AA#AC3,0.39,7.38,11.8,16.4
952-000044,1.46,27,9.8,9.2
952-000041,3.78,62.3,26.2,12.5
6VY95AA,0.13,3.07,5.08,1.85
26D32AA#ABB,1.49,15.6,19.2,16.5
KE6940AR-AX-E,2.13,41.4,20.7,11.7
KE6940AIT-AX-E,2.55,41.4,20.7,11.7
F9GMX,2.96,7.6,49.4,33.3
CS1953-AT-E,1.33,26.5,9.5,22
GX90X21431,0.1,9,20.1,2.5
189T0AA#ABB,8.89,22.3,61.1,39.2
7253,0.06,1.2,11,13.1
LS920WU,9,49,51.5,27.6
38289,0.05,2,17.4,19.4
UH34 LITE DUAL TEAMS,,6.3,17,19.5
UH34 Mono Teams,,6.3,17,19.5
UH34 LITE MONO TEAMS,,6.3,17,19.5
4X41A08251,0.3,2.7,31.3,22.6
VG32VQ1BR,10.2,80.3,59.1,22.3
939-001950,2.89,37,24,12.2
242B1TC/00,9.01,14,62,42
6PA56A4#ABB,12.9,27.5,69.6,46.9
1D0K2AA,0.32,5.58,11.8,16.4
910-002737,0.11,12.7,7.5,19.5
HP.DSCAB.009,0.11,12.2,1.63,5.6
1E7D6AA,0.52,9,31,42
1D0K8AA,0.39,7.38,11.8,16.4
1E7D7AA,0.3,28.5,6,40
4L1/2211,0.63,,,
4L1/2215,0.65,,,
4L2/2010,0.77,18.5,11,20.5
4L1/2216,0.65,,,
4L1/2212,0.65,,,
4L1/2218,0.65,,,
73826,0.24,4,14,12
73817,0.2,4,14,12
4L1/7015,0.93,20.5,19.5,25
4L1/7016,2.3,31,31,24.5
4L1/7014,0.98,16.5,16.5,39.5
35404,0.55,11,17.7,7.5
20440,0.13,4.18,14.8,29
MSPEECH,0.7,19.2,23.9,8.2
920-010107,1.73,49.4,5.8,25.1
VG2756-4K,10.7,43,69.2,21.8
VG2440,8.5,40.5,60.9,21
VG2756-2K,10.2,43,69.2,21.8
LF24T450FQRXXE,5.3,38.5,60.4,14.7
EF-QA326TTEGEU,0.05,1.5,9.02,19.92
981-000507,0.25,20,5.4,22
981-000612,0.17,20,5.4,22
981-000510,0.31,18,7.8,21.5
960-001257,0.2,10.15,5.22,8.1
910-005986,0.24,11.6,5.5,16
910-005235,0.02,11,10.19,1.6
910-001935,0.17,12.6,5.7,18.8
910-004905,0.13,12.6,9.1,18.8
910-001822,0.17,18.6,12.6,8.7
910-001354,0.11,9.2,3.7,23
910-002225,0.12,12.6,8.3,18.6
AMDIS07B,0.21,9,5,16
LS32A600UUUXEN,9.2,51.1,80,17.1
LS24A600UCUXEN,6.4,41.6,61.6,17.6
LS27A600UUUXEN,8.4,17.1,68.6,45
RMT-TZ120E,0.12,,,
RMT-835,0.04,,,
RMF-TX220E,0.11,,,
18H24AA#ABB,0.84,22,45.6,4.4
STSCART2,28.4,74,92.5,26.5
1Y4D0AA#ABB,0.84,22,45.6,4.4
70445,0.12,16,16,3.5
23089-999-879,0.22,27.5,22.5,6
23089-999-979,0.22,27.5,22.5,6
23089-989-979,0.22,27.5,22.5,6
23089-989-879,0.22,27.5,22.5,6
BLT60,,2.3,4.7,13.3
WHC60,,13.8,10.2,3
ST104111,0.42,22.8,33.8,0.7
4X91A30366,,5.8,7.3,1.65
960-001360,0.24,14.5,7.7,5.4
952-000020,0.28,15.1,15.1,6.1
GY51B37795,0.2,4.4,9.1,15.1
9VF99A9#ABB,8.4,20.7,53.94,49.49
3G828AA#ABB,7.2,37.3,62.5,14.2
K79810WW,0.21,16,11.4,6.7
825-30,0.11,2,12,14
441-42,0.14,3.2,7.6,17.2
134-28,0.22,6.7,9.2,15
UVC20,,4.7,13.3,7.2
988-000172,0.76,15.8,12.6,25.1
E864653,2.95,14,54,16
62B2GAT1UK,8.46,14.9,62,42.3
73190,0.53,6.3,18.7,21.6
1C4Z5AA#ABB,7.6,41.5,62.5,14.2
K35175EU,1.7,14,21.5,10.5
960-001087,0.3,11.55,5.22,8.6
7HC43AA,0.65,11.8,22.3,25.5
APDU9981EU3,8.95,11.4,16.5,200.2
81VU0001UK,2.17,30.2,47,8
9VF99AT#ABB,8.4,20.7,53.94,49.49
9VH85AT#ABB,8.7,20.7,53.94,49.49
9VG82AT#ABB,10.5,21.6,61.33,53.6
960-000585,0.14,10.4,5.3,8.4
276B1JH/00,11.1,19.3,73,47.1
TD2423,7,16.6,64.5,42.2
MHCV73D.CEL,2.5,41.6,50.4,99.7
GY50Z18984,0.13,19.7,12,3.3
1A7E5AA#ABB,6.04,16.5,59.8,41.5
134-26,0.27,6,12,32
73133,0.91,23,23,6.5
43300,0.15,8.8,14.3,4.8
E484096,6.8,19.7,47.6,40
E201494,0.15,11.4,17.5,6.9
KAP30208,0.06,19,10.5,1.4
KAP30278,0.06,19,10.5,1.4
KAP30279,0.06,19,10.5,1.4
KAP30206,0.06,19,10.5,1.4
KAP30226,0.06,19,10.5,1.4
KAP30207,0.06,19,10.5,1.4
KAP30273,0.06,19,10.5,1.4
DAC13DB,0.2,,,
61FBMAT6EU,7.22,39,57.7,18.7
9VF99AA#ABB,8.4,22.3,61.1,39.2
4X41A30364,0.97,6,39,46
GB2466HSU-B1,6.8,22.1,69.4,50.6
G2770HSU-B1,6.1,16,69,47.5
4X41A30365,0.73,6,43,36
960-000694,0.14,10.15,5.22,8.1
910-005942,0.37,11.5,6.8,17.2
910-005880,0.37,11.5,6.8,17.2
4QM14AA,0.1,7.8,12.9,4.7
910-005872,0.24,10.65,5.1,16
910-005870,0.24,10.65,5.1,16
9VH85AA#ABU,8.7,22.5,61,39.5
2D804AA#ABB,0.26,11.2,10.5,5
241V8LA/00,4.19,12.1,60.8,41.5
169H9AA#ABB,0.25,13.9,6.5,8.9
640-20,0.25,6,17,21
420-57,0.65,8,20,14
GFV-00006,,4.18,2.2,0.8
GP.OTH11.02M,0.14,13.5,4,6.5
9H.LJMLB.QBE,9,,,
4L1/8031,0.07,13.1,7.5,4.4
4L1/8036,0.12,7,7,13
4L1/8002,0.11,7,7,13
4L1/8003,0.11,7,7,13
4L2/6004,1.46,27,21.5,17
UM.CB2EE.004,1.22,23,90,46
945-000008,0.4,14.5,11.8,10
14V32AA#ABB,0.21,23.8,35.2,3.3
3YF38AA,0.27,16,10.4,5.4
3FV66AA,0.14,13.9,19.8,5.3
920-010060,0.39,14.8,24.75,2.4
BX950MI-FR,6.6,43,19.7,25
328B1/00,14.8,18.6,93,56.3
325-41,0.11,2,12,14
134-17,0.05,2.3,9,17
134-15,0.16,6,7.1,10
126-21,0.18,4,16,20
126-22,0.53,11.9,19.5,26
126-23,0.17,4,17.5,17
BX1200MI,8.6,49.5,23.5,29.7
U280-Q01ST-BK,0.25,11.81,23.5,4.6
FW8KR,0.5,,,
43311,0.24,17.5,17.5,5.1
38358,0.11,10.5,13.3,2.4
38203,0.31,8.5,11.5,7
STJR1000400,0.07,5.08,7.62,13.97
RBP0016,6,30.5,25,9.3
2714,0.07,1.2,10.8,19.5
4XC1B34802,0.2,11,13.7,6.2
910-006034,0.18,7.6,5,13.6
EP-P6300TBEGGB,0.5,8.98,24.53,4.71
9399506,,6.9,18.8,18.9
BVX900LI,6.5,43,19.7,25
BVX1600LI-GR,11.2,49.5,23.5,29.7
920-009799,0.75,51,15.8,4.6
910-005784,0.19,12.6,8.3,20.1
279P1/00,11.2,19.3,73,47.1
276B9/00,10.8,25,69,46.2
333-96,,7,12,18
51B2H00,0.85,13.7,39.9,18.1
J8J96A,0.45,20,20,20
J8J95A,0.24,16.5,24.1,3.9
J8J88A,5.7,23.8,49.8,23.9
J8A04A#B19,36,59.6,65.3,57.8
P1B11A,29.7,25,59.5,64.7
P1B12A,30.4,74.5,79.4,61.5
P1B09A,7.9,25,59.5,64.7
8MB10AA#ABB,5.59,21.16,54.06,46.33
AD5-03-BR-PV,25.5,32,68,93
11JHRAT1UK,9.75,,,
S11-04UK229-CLA,1.18,,,
5TW10ET#ABB,1.49,15.6,19.2,16.5
4993-829-489,0.15,18,23,3.5
4999-823-389,0.15,18,23,3.5
DA-71901,0.22,10.5,16.2,6.5
GXF0X02619,0.66,28.5,30.5,3.5
BS1B2227B/00,0.25,6,15.6,13.1
9TT20AA#ABB,5.7,12.8,67.5,42.5
910-006015,0.19,10.2,4.6,15.5
920-009719,1.33,38.8,17.5,4.6
910-006023,0.19,10.2,4.6,15.5
941-000150,7.15,43.66,30,32.23
134-11,,4,6,21
134-12,0.25,5.5,12,14
981-000890,0.64,21.4,10.5,21
DA-70618,0.16,9,6,9
DA-70615,0.16,9,6,9
X100-4k,10.2,51.6,56.5,32.1
VG249Q1R,5,47.5,59.5,15.8
S12-0401800-CLA,0.21,5.3,12,25.2
APCRBC155,17.6,63.5,34.3,20.3
920-009797,0.75,51,15.8,4.6
920-009830,0.75,51,15.8,4.6
920-009800,0.75,51,15.8,4.6
920-009819,0.75,51,15.8,4.6
920-009870,0.75,51,15.8,4.6
920-009794,0.75,51,15.8,4.6
920-009810,0.75,51,15.8,4.6
5399-823-389,0.23,18,23,3.5
5399-829-389,0.23,18,23,3.5
5393-829-389,0.2,18,23,3.5
4999-823-189,0.18,18,23,3.5
4993-823-189,0.15,18,23,3.5
4999-829-289,0.18,18,23,3.5
981-000864,0.64,21.4,10.5,21
NWM01-WW,0.09,12.5,7.5,10
DS-45322,0.3,11,15,2.5
DS-45324,0.39,6,14.5,
DA-70884,0.17,17.5,13.5,2.5
43299,0.03,19.4,17.4,
4X20V24682,0.5,11,26.4,5.3
126-18,0.35,6.6,15.5,19.5
WHD20UF,0.17,5.6,9.2,6
X6W31AA,0.11,7.8,12.9,4.7
X7Q43AA,0.15,13.9,19.8,5.3
V0L79AA,0.15,13.9,19.8,5.3
K0B38AA,0.45,28.2,40.2,6.7
4PZ84AA,0.3,7,38.5,7
TAR5505/10,1.41,29.6,18.8,14.5
S6HVW-N740,0.42,5.9,20.5,24.5
910-005908,0.14,12.8,7.92,18.3
910-005905,0.14,12.8,7.92,20
910-005907,0.14,12.8,7.92,18.3
910-005906,0.14,12.8,7.92,18.3
AKB-425UB,1.27,24.7,40.6,3.81
GP.MCE11.00Q,0.41,61,31.8,26.6
61FCMAT6EU,7.86,41.8,64.4,18.7
3J123AA#ABB,0.09,9.2,21.5,2.8
RLC-125,0.34,16.3,17.1,11.1
920-009190,0.86,45.5,15,3.5
361-02,0.01,1,10,18
326-12,0.11,2,12,14
326-15,0.14,4,14,16
126-15,0.35,9,22,26
126-16,0.35,9,22,26
126-14,0.2,9,18,24
126-13,0.2,9,18,24
TAPO L510B,0.09,6.1,11.8,6
K58352WW,0.21,38.5,26,0.5
K58354WW,0.39,61,37.4,0.5
K58353WW,0.22,38.5,26,0.5
KCN-00029,0.37,1.1,19.8,27.6
6VY95AA#ABB,0.13,3.07,5.08,1.85
6CR71AA#ABB,0.14,5.3,13.9,19.7
V11H983040,4.01,38,35,16
V11H978040,4.81,39,38.5,17
POLONA01B,0.26,7,18.6,16.8
4Y50X88822,0.13,1.8,11,4
4Y50X88824,0.13,7.8,11,4
40AW0065WW,0.46,13.3,17,7
275B1/00,9.64,21.5,70,45.6
70456,0.41,6,19,14.5
4PZ84AA#ABB,0.32,7.1,38.5,7.1
4X40T84061,0.46,4.8,41,31
ST122HD20S,,20.2,11.4,6.9
C31CG62213P1,6.2,38.2,29.4,29.2
02DA377,0.4,,,
K59601WW,7.8,,,
K59600WW,4.22,,,
SRV72RLBP-9A,53.1,80,60,24
P2679,0.06,1.15,10.5,19.5
4X40Y95214,0.34,2,42,29.3
2679,0.06,1.2,10.8,19.5
2684,0.05,1.2,10.8,19.5
AZB500/12,2.4,15.8,32.6,27.5
PRIVSCNMON24,0.41,37,61,0.4
PRIVSCNMON27,0.53,44,68,0.6
PRIVSCNMON21,0.4,61,37,0.4
3FV66AA#ABB,0.14,13.9,19.8,5.3
325-26,0.11,2,12,14
APCRBC165,5.83,23.4,27.5,14.6
APCRBC157,1.09,15.2,36.8,49.5
38393,0.32,19,22,5.5
38361,,5.7,20.5,15.1
43278,0.1,19.4,17.4,
825-29,0.11,2,12,14
133-95,0.3,7,12,18
PS6B35W,0.68,8.64,9.91,46.48
GY50X79384,0.21,17.05,10.9,6.4
GX40X54263,0.93,11.5,35.5,54
61F0GAT1EU,8.1,14.9,42.3,62
24089-999-899,0.32,18.85,5.5,21.7
24089-989-899,0.32,18.85,5.5,21.7
24089-889-999,0.32,18.85,5.5,21.7
24089-989-999,0.32,18.85,5.5,21.7
24089-899-899,0.32,18.85,5.5,21.7
24089-999-999,0.32,18.85,5.5,21.7
24089-899-999,0.32,18.85,5.5,21.7
14207-65,0.26,4.3,15,10
14207-55,0.03,9.3,14,4.1
14301-48,0.03,9.3,14,4.1
14207-68,0.26,4.3,15,10
14207-66,0.26,4.3,15,10
14101-79,0.04,10,4.7,7.9
14101-77,0.39,10.3,10.2,14.5
SW21AB-V2,0.8,15.5,29.5,8
8800-01-104,0.39,5,5,10
PS4B18USBW,0.54,7.37,8.64,35.56
IFP2410-BKA-EU0,7.56,43.5,64.3,14
KAP10804,0.44,59.5,36.5,0.7
KAP10735,0.38,53.5,34,0.7
KAP10734,0.38,53.5,34,0.7
KAP10777,0.43,59.5,36.5,0.7
KAP10145,0.2,36,26.5,0.7
KAP11027,0.72,84.5,44,1.3
KAP10483,0.21,36,26.5,0.7
KAP10746,0.38,53.5,34,0.7
KAP10485,0.21,36,26.5,0.7
KAP10760,0.42,53.5,34,0.7
KAP10751,0.38,53.5,34,0.7
KAP10730,0.37,53.5,34,0.7
KAP10719,0.37,53.5,34,0.7
KAP10702,0.26,44.5,28,0.7
KAP10647,0.25,44.5,28,0.7
1091,8,67,20,10
00XH721,1.08,20.5,48.5,4.2
THANA04S,0.19,5.5,27,2.8
EPDU1016B,1.18,8,56,15
420-55,0.7,10,14,28
WKB-1600CB,1.45,33.02,57.91,5.59
VPK104-AT,0.29,23.9,5.9,16
AKB-160UB,1.45,23.88,52.07,4.45
MS3320W-BLK,0.15,4.65,8.7,13.3
32117,0.04,14.4,13.3,
38357,0.23,10.7,14.5,5
PRIVSCNMAC13,0.2,38.4,25.9,0.3
PRIVSCNLT15,0.21,38.3,25.9,3
627442,0.75,84.5,44,1.3
2HU82AA,0.14,14.1,19.7,5.4
N2L85AA,0.35,10.16,30.4,3.81
6SP25AA,0.2,10.3,6.3,3.2
5D10S39563,0.8,41.4,34.3,6.8
61F3GAT1EU,13.8,25,98,52.3
203835,0.23,4.13,8.25,18.42
MS3220-GY,0.14,4.65,9.1,14.2
MS5120W-GY,0.18,4.7,8.6,13.3
MS5120W-BLK,0.18,4.7,8.6,13.3
920-009168,1.73,49.4,5.8,25.1
DA-70882,0.17,13,14,
640-94,21,34,66,86
01YN145,0.4,,,
PE0210SG-AT-G,1.4,69.7,11.2,8.2
PE0110SG-AT-G,1.36,69.7,11.2,8.2
PE0212G-AT-G,1.49,69.7,11.2,8.2
420-54,0.3,3,11,21.5
136-35,0.07,2.7,10.3,17.5
40AV0135DK,1.21,17.5,20.4,7.5
E937919,11.9,37.5,64.4,54.8
7ZE81AA,0.14,14,,
3203963,,3,41.5,30
3203947,,3,38,27.5
MTFDDAK1T9TDD-1AT1ZA,,10.05,6.98,0.7
FCA831,5.9,,,
FCA801,5,,,
006R04791,,35.5,16.5,12.5
9W1A6AA#AC3,3.99,,,
RB-05M04SPD,0.65,15.5,30,6
NE63060019K9-190AD,,22.1,34.2,6.6
CM20,,31,39.8,13.5
N407S2-126X-186162N,,32.8,18.2,7.3
B650E A ELITE X ICE,2.19,27,33.5,8
Z790 AORUS TACHYON X,2.54,29.4,34.5,8
FC311B-2,0.36,20.4,16.5,6.5
CI-70,2.27,,,
DS-VW765-LAND,17.2,10.8,94.3,56.5
ST680P,10,39,118.5,12
SS560F,31.4,18.4,120.7,97.8
MB-FLOORSTAND-860T,15.5,,,
E5E78AA#ABX,,18.2,53.8,4.25
RLT3,8.2,,,
28-0010G,0,,16,22
SFP680,6.78,39.5,72.5,10.5
CADUAL4KDOCKUK,0.9,31.4,14.4,6
988-000533,1.7,15.7,12.6,25.1
C13T671500,0,14,8,7.5
C13T671400,0.31,15,10.5,9.5
TZER234,0.4,18.6,15.3,11.8
DN-81204,0.06,11.7,9.3,
DK22251,,58,52.6,15.7
QL800ZU1,2.09,18.4,26.4,23.2
PTH110TA1,0.86,10.4,19,28.5
C33S045727,0.62,10,10,10.6
C13T16224022,,2.6,14.5,10.2
C13T18044012,0.04,2.6,10.2,14.5
C13T18014022,,2.6,14.5,10.2
C13T16364022,0,4.6,15,17
C13T12844012,0.04,2.6,10.2,14.5
C13T33614012,0.04,2.6,10.2,14.5
DN-95123,0.15,5.5,13.5,
497K16750,0.1,13.72,5.59,18.8
108R01417,1.15,44.96,16.76,19.05
CF232A,0.42,9.7,36.5,10.2
DN-81004-01,0.04,11.5,5.5,
DN-81003-01,0.04,3,11.5,
S0946410,11.5,48.5,39.5,35
CF219A,0.42,9.7,36.5,10.2
SDCZ50C-016G-B35W,0.02,0.64,7.62,12.7
PTM95UZ1,0.65,19.3,20.4,8.6
DN-81005,0.06,3.2,9.3,12
DN-81001-01,0.06,11.5,9.5,
DN-95104,0.6,21,14,
DN-81000-01,0.04,3.1,11.8,
C53S654033,0.05,7.5,2.9,8.8
F9J88A,0.11,14.3,2.8,13.2
F9J87A,0.11,14.3,2.8,13.2
F9J86A,0.11,14.3,2.8,13.2
F9K06A,0.51,4.1,28.3,11.8
CF065A-RFB,3.1,,48.2,26.7
DN-95103-2,0.43,16.5,13.8,
IKS1000B/4GB,0.06,2.54,12.7,6.99
72K0X40,1.33,17.7,49.8,18.6
72K0X30,1.38,17.7,49.8,18.6
74C0ZV0,5.78,,,
84C2HCE,0.54,16.5,20,7.5
72K0DY0,1.91,,,
74C0ZK0,2.4,,,
72K0DK0,1.91,,,
72K0DC0,1.91,,,
74C2SM0,0.38,16,19,7.5
74C2HC0,445,16,19,7.5
72K0D50,6.5,,,
72K2XCE,1.38,17.7,49.8,18.6
74C20Y0,0.33,16,19,7.5
74C20M0,0.33,16,19,7.5
72K20Y0,1.15,17.7,49.8,18.6
72K0D30,1.91,,,
82K2XME,1.38,17.7,49.8,18.6
74C0Z10,2.4,,,
74C2SC0,0.38,16,19,7.5
C13T24384021,0.22,5.3,19.5,15
C53S654002,0.05,8,7,2.5
C53S655008,0.3,3.5,9.5,7.5
C53S656904,0.11,9.2,3.5,7.5
C53S654904,0.05,9.2,2.9,7.5
C53S656006,0.08,8,7,3.5
C13T907440,0,19,3,11.5
C13T32424010,,3.3,14.5,12
C13T754440,0,18.8,2.8,11.5
MZ-7LM240E,0.7,18.9,24.1,18.8
F2A87A,0.25,15.2,22.1,5.7
CZ244A#B19,88.8,76,85.6,97.8
49792,0.51,43.18,8.26,8.26
UCDDS1080P,1.42,17,19.9,12.7
X1,0.19,,,
SA752PU,10.3,10.8,74.3,48.3
DS-VW775-QR,17.4,11.4,77.1,60
HYS4321024816GBOE,0.03,15,1,5.5
HT273HPB,8.36,14.4,72,52.5
CDL-103,0.08,,,
C31HUB404,0.09,15.4,21,2
737731,0.71,31.3,15.3,14.8
RB-05M06SPD,0.72,33,48,5
SF632P,1.7,26.7,28.9,9.1
DS-VW795-QR,19.5,9.5,86.4,71.1
SF680P,9.21,39,118.5,5.8
SF630P,1,21,23.8,7.4
PT640,3.7,27.3,55.1,7.5
SF650P,3.24,84.3,27.2,3.99
SR560M,35.9,120.65,97.79,18.42
SF670P,5.94,101.6,40.64,6.35
PF640,2.36,27.2,55.1,4
SF660P,3.45,27.2,92.5,4
PF660,3.45,27.2,92.5,4
ST650P,4.7,27.2,84.3,7.5
SF640P,2.45,55.09,27.2,3.99
PF650,3.24,4,84.3,27.2
DS-VW765-LQR,17.6,10.8,94.3,59.4
DS-VW755S,11.5,6.3,76.2,54.6
PT660,4.85,27.2,92.5,7.5
PF632,1.29,4.6,27.5,27.4
ST660P,4.99,27.2,92.5,7.5
SA771PU,19.1,12.1,103.5,60.3
PA762,11.1,41.9,69.4,8.9
IFP7552-1A,72.1,28,188,116
100015832,1.2,24.5,32.5,7.5
SP-LAMP-097,0.3,15,15,11.93
SFP-10G-SR-AR-AO,0.18,12.07,6.98,3.05
AK-HDA-01,,15.5,13,3.3
SP-LAMP-088,0.41,15.5,11,10.7
JC66-01218A,0.11,4.7,26.7,4.4
HYS4322048832GBOE,0.03,15,1,5.5
RB-02M04SPD,0.38,11.1,29,4.5
MTFDDAK480TDC-1AT16A,,10.05,6.98,0.7
5M07P,,42.5,17,5
HYS432102488GBOE,0.03,15,1,5.5
136-18,0.14,2.7,10.3,17.5
K64440WW,0.2,2.5,16,22
1FK05AA#ABB,0.5,30,45,18
14207-40,0.39,10.95,14.3,9.8
FPWARTB1M,3.5,39.5,32.3,5
42870,0.12,,25.5,23.6
920-004532,0.74,51,15.8,4.6
920-003748,0.66,45.41,3.18,15.88
920-006489,0.96,53.1,19.3,4.5
4X30M86883,1.08,48.5,20.5,4.2
14207-39,0.3,10.95,14.3,9.8
7710-309,0.46,4.65,15.15,15.6
ARMBARDUOV,4.84,,,
ARMWALL,0.43,,,
ARMWALLDS,1.09,,,
MONSTADJD,1.87,,,
MONSTADJDL,2,,,
ARMPIVOTV2,3.1,,,
ARMPIVOTB,3.8,,,
243V7QDAB/00,4.82,11.5,58.8,46.5
K64435WW,0.2,1.8,20.3,25.4
K64444WW,5.24,2.5,17.8,15.2
38167,0.25,14.4,20.2,5.5
K64453WW,0.95,19.3,31.8,3.8
K52802WW,0.22,22,20,2.25
V11H795041,3.65,42.5,37,14
73560,1.09,7,14,54
K52788WW,0.73,,,
V11H741041,20,73,49,33.5
V11H744041,18.5,73,49,33.5
V11H740041,21.6,74,49,33.5
920-004508,0.74,51,15.8,4.6
993-001142,0.06,18.7,10.5,1.59
993-001140,0.36,21.5,12.9,10.2
993-001136,,20.32,2.05,20.32
X6W31AA#ABB,0.11,7.8,12.9,4.7
441-00,0.07,3,10.5,17.7
FLATPNLWALL,4.9,83.5,23.8,8.9
945-000009,0.88,32.2,14,12.8
945-000014,1.72,38.3,21.5,25
945-000004,4.29,47.7,22,40
14401-21,0.14,3.5,18,23
K65048WW,0.29,12.8,24.2,3.1
K64432WW,0.32,,,
C13S400037,0.07,19.2,11.2,0.8
920-008087,1.29,47,25.5,3.7
920-003168,0.6,45.4,5.08,12.38
920-003721,0.6,45.4,5.08,12.38
ARMPIVWALL,2.51,,,
C13S400035,0.26,30,22,0.5
C13S400039,0.3,19.3,12,2.6
631-20,,5.7,57.7,18
910-004910,0.15,12.7,8.6,18.4
K65020EU,0.18,,,
DA-71108,0.14,15.2,16,3.5
910-003986,0.15,12.6,8.3,18.6
X7Q43AA#ABB,0.15,13.9,19.8,5.3
USB2PCARBKS,0.04,13,7,3
5393-823-309,0.2,3.5,18,23
5399-829-309,0.23,3.5,18,23
5393-829-309,0.2,3.5,18,23
8800-00-103,0.02,5,5,10
8800-01-102,0.04,5,5,10
E924077,,31.7,28.2,28.2
EMIH28,3.8,,,
920-008040,1.08,40,16.9,3.3
DS-52900,0.43,16.4,13.9,
DN-93612-1,0.03,4,1.5,
DN-931087,0.07,8.9,8.9,4
HDBOOST,0.16,14.4,17.3,3.3
V0L82AA#ABB,0.15,13.9,19.8,5.3
5B10K10161,0.2,,,
GH44-02881A,0.21,,,
W2Q00AA#ABB,0.21,14,18.1,4.7
V0L80AA#ABB,0.15,13.9,19.8,5.3
V0L81AA#ABB,0.15,13.9,19.8,5.3
V0L79AA#ABB,0.15,13.9,19.8,5.3
133-87,0.06,1.8,7.7,19.3
943-000100,0.37,34.3,31.8,0.5
TC3-PK+PK5MCABLES,1.03,20,20,9
ARMBARDUO,7.43,,,
1559-0159,0.15,18,23,2
1553-0159,0.12,18,23,2
1519-0154,0.12,18,23,2
38129,0.55,24.3,33,7.2
T4E61AA,,19,59,17
TC3-PK,0.3,6,95,16
T8YYD,0.16,13.1,14.3,5
T1A67AA,0.1,9.5,,
K72392EU,,3.5,13.2,19.7
K72110EU,,6,13,20
K33991WW,,16.5,24.9,8.4
PM1W-IT,,8.8,7,10.6
SP-1800,4.67,27,20.5,46.5
NP.BAG1A.189,0.43,43,6,30
920-002559,0.86,52.5,16.3,4.9
920-002509,0.76,46.83,2.86,18.42
E5E76AA,0.18,12,14,5.5
941-000124,7.21,43.66,30,32.23
520-27,0.86,10,10,57
SRT10KXLT,126,100,60,46.1
960-001056,0.2,13.6,8,13.6
PM6-UK,,16.5,31,6.5
1157C001,0.02,2.6,5.6,11.7
K55793EU,0.41,2.5,21,29
860-09,0.25,4.1,18,9.3
14201-43,0.05,21,16,1
981-000589,0.23,20,5.4,22
941-000130,0.92,18.1,14.7,21.9
981-000593,0.18,20,5.4,22.3
941-000112,8.25,43.66,30,32.23
14208-05,0.12,4.3,9.3,14.1
2496-823-309,0.31,5.5,18.3,14.2
DS-46304,0.29,10.5,14,
980-001054,5.99,37.3,22.5,27.7
2486-820-209,0.25,6.8,18.4,14
2406-820-204,0.25,6.8,18.4,14
520-26,0.45,7.1,7.1,44.5
630-06,0.1,4.8,10.5,20
630-05,0.25,3.6,9,17.5
USB2PACWH,0.16,21.1,8.2,5.1
ARMPIVSTND,3.3,,,
B5L51A,21.3,59,65,38.5
C32C881007,1.31,51.5,22,20.5
K67890WW,,15,18,2.5
5578-230-109,0.14,9.3,14.1,4.3
USB2PACBK,0.17,21.1,8.2,6.2
405-39,0.06,2.5,9,16.6
CNBSLOCK15,0.16,15,13,2.8
14208-03,0.12,4.3,9.3,14.1
14401-10,0.13,18,23,1
14208-04,0.12,4.3,9.3,14.1
14101-47,0.54,30,45,1
14101-42,0.05,4,4,5
4999-829-209,0.17,3.5,18,23
6399-823-109,0.25,19,25.5,1
6393-823-109,0.22,19,25.5,1
6393-829-209,0.22,19,25.5,1
4993-829-209,0.14,3.5,18,23
4993-823-109,0.14,3.5,18,23
14201-41,0.04,23,16,2
260-09,0.1,4.3,9.2,18
230-09,0.03,1.5,16,23
910-004290,0.14,12.7,8.9,18.6
ST124HD4K,0.53,36,30,9.5
C13T671200,0,13.5,8,10
G1K28AA,,11,14.5,5
502-53,0.15,,7,16.7
V-1020C,1.57,,,
981-000571,0.19,18,6,20
DN-95410,0.96,50.1,11,
G1V61AA,4.18,,,
CCHATSTAR2,0.23,7,18.2,23.3
DN-93615,0.02,3.1,1.5,11
C6KEYCOUPLWH,0.01,12.5,9,1.9
940-000145,0.41,16.8,7.9,20
VC180-AT-E,0.39,23.9,5.9,16
DN-93811,0.1,9,8,2
88007-99,0.03,1,13,25
14209-01,0.48,6.8,14,18.4
14201-36,0.1,2,12,24
14121-27,0.03,6,19.5,21.5
DS-45100-1,0.83,6,25.5,
DS-44100-1,0.83,6,25.5,
DS-42110,0.22,11,20,15
DN-94014,0.1,1.5,7.5,19
2393-823-109,0.17,7,14.5,19
2399-829-109,0.19,7,14.5,19
2309-820-104,0.17,7,14.5,19
2303-820-104,0.14,7,14.5,19
GME430R,0.14,3.9,10.1,18.4
125-86,0.49,8.5,20,26
125-66,0.05,2.3,8,17.5
125-62,0.05,2.3,8,17.5
403-50,0.2,2.5,9,16.6
980-000810,1.38,22.4,12.8,24.9
C13S042547,0.19,15.7,10.8,1.4
C13S042545,0.28,18,13,1.5
C13S042536,0.89,43.5,31,1.5
14101-34,0.05,12.4,11.4,18.8
14201-33,0.05,1.5,16,21
960-000963,0.3,16.6,14,5.2
920-003746,0.66,45.41,3.18,15.88
920-003743,0.66,45.41,3.18,15.88
V12H467040DA,4.82,35,20,30
920-003738,0.66,45.41,3.18,15.88
AP8858NA3,4.92,,,
ASF156W9EU,0.24,44.5,0.2,30.7
14121-18,0.01,1.5,8,5
14101-27,0.02,2,9.5,8.2
920-003982,0.98,46,18.7,6.2
920-003989,0.98,46,18.7,6.2
920-003159,0.6,45.4,5.08,12.38
K72405EU,0.2,20.3,13.5,4
K64670EU,0.18,,,
DN-93502,,,9,10
981-000350,0.23,20,5.4,22
C13S045272,2.63,64,11,11
C13S045278,3.1,64,11,10.5
ST122HDMI2,0.72,9.7,22.1,9.8
CR673A,0.47,22.6,31.2,1.4
PDU20BHVIEC12R,15,33,53,23.3
DN-95405,2.31,9.3,80,
42780,0.44,6.6,23.8,20.2
DS-3120PMG+,16.7,,,
14121-26,0.02,4.5,14.2,9.6
14201-20,0.1,5,5,10
K64613WW,0.1,,,
DN-95403,1.05,6.7,50,
BP71GA3,0.85,43.5,31.8,16
14121-24,0.1,9,13.8,18
14121-11,0.01,2,11,14
14121-10,0.02,5,12,15
920-002562,0.86,52.5,16.3,4.9
DS-41120-1,0.14,3.2,13.5,3
920-004513,0.74,51,15.8,4.6
981-000514,0.18,20.25,18.53,6.25
DA-12201,0.48,25,18.5,10
ASF27W9EU,0.7,69,0.5,44
461-02,0.02,2,3,14
461-01,0.02,2,3,14
S0929010,3.2,34,15,29.2
S0928990,1.2,25,14.3,22.4
88001-04,0.04,9,22,15
920-002916,1.07,48.5,20,3.5
960-000636,0.31,20.96,7.62,15.24
8800-01-89,0.04,0.5,13.5,20
920-002499,0.76,46.83,2.86,18.42
88001-03,0.04,9,22,15
ST122DVIA,0.73,22.1,10.2,9.8
ASF24W9EU,0.51,57.5,1,37
ASF23W9EU,0.51,57.79,1,37
180-09,0.25,6.8,9.3,14.1
960-000637,0.34,20.96,7.62,15.24
960-000635,0.32,20.96,7.62,15.24
73073,0.77,,35.56,52.07
920-002640,0.69,16.3,2.92,47.4
960-000586,0.34,20.96,7.62,15.24
910-001203,0.35,16.2,6.7,22.6
DN-93601,,,7.5,11
DN-93501,,,7.5,11.5
ST122LE,0.24,21,14.5,4
8855-00-00,0.02,1,11.4,8.9
WBEXTWAR1YR-SP-03,0.11,,31.4,24.1
WBEXTWAR3YR-SP-01,0.11,,31.8,24.1
WBEXTWAR3YR-SP-02,0.11,,31.8,24.1
WBEXTWAR3YR-SP-06,0.11,,31.8,24.1
WBEXTWAR3YR-SP-05,0.11,,31.8,24.1
Q8916A,5,,,
KY619AA,0.15,14,21.5,4
980-000742,0.57,18.9,14.9,5.7
500-60,0.13,,7,16.7
C13S041061,0.84,31,22,2
520-23,0.28,3,24,29
C13S041927,0.41,30.5,21.5,0.5
TSB700EU,2.43,52,26,38
Q8691A,0.15,12.4,18.2,1.4
SV231USBGB,1.5,9.9,23.5,21.2
Q7991A,4.52,,,
980-000029,0.61,16.99,7.62,15.95
C13S042016,6.72,116,12.6,12.6
C13S041944,0.4,18,13,2
Q8697A,0.92,31.6,45.5,1.7
Q8692A,0.45,12.4,18.2,3.3
C6050A,0.21,,,
64020,0.28,,,
C13S041893,5.2,63,14.1,14.1
Q5456A,0.49,22.6,31.2,1.4
C13S041068,1.55,43.3,31,2.2
C13S041106,0.18,30,21.5,0.5
C13S041256,0.65,31,22,1.5
Q7992A,4.52,,,
NBAC0122,1.36,,,
0436-869,0.5,5,5,10
502-52,0.08,,7,16.7
520-05,0.04,0.53,26.5,26
C13S041342,0.75,30,22,1.5
C13S041569,0.7,30,22,1.5
8734-599,0.04,23,1,1
Q5451A,0.35,23.5,31.8,0.6
60112,0.85,4.1,27.9,33.4
32569,0.34,5.75,13.6,11.7
AP9525,0.45,27.9,30.5,21.6
26-6030/8K,0,18,,
26-2998,0,,15.5,15.5
27-0140,0,,12,22
SA740P,4.24,29.2,38.7,10.6
XSM1U,11,,,
945-000006,2.2,36.3,25.3,22.6
1000225,0.45,14.7,13.7,5
E9PV7JL01EZ4,6.5,,,
441-56,0.17,3.5,8.2,19.2
24CN670N-6N.AEK,9.4,20,63.1,51.5
E9PD7L311EZ2,4.2,,,
640-30,0.4,38.2,28.7,49.5
126-44,0.32,12,19,25
640-31,0.4,38.2,28.7,49.5
640-28,0.22,5.3,21,16
126-43,0.16,16.1,5.6,16.1
640-27,0.2,5.3,21,16
441-51,0.19,2.6,11.2,15.5
126-45,0.35,8.5,19,22
640-29,0.4,38.2,28.7,49.5
6D8G2AA#ABB,4.3,12.1,56.7,38.7
E510644,9.45,13.6,70.3,48.9
E399052,16.6,23,56.5,82
LS34C652VAUXXU,10.1,36.7,80.7,12.5
LS34C652UAUXXU,10.5,36.7,80.7,12.5
6H1A5AA,,11.5,18.5,11.7
VA24ECPSN,7.24,19.8,60,41.2
90GC01E0-BGW000,2.95,,,
VG279QM1A,7,16,68.9,47.5
CJ45,16.4,,,
HTSD40.CEK,13,96.8,24.8,
6N4D6E9#ABB,11.8,52.7,82,16.1
17.99.1205,7.5,,,
40Z26AA#ABU,17.7,28.1,90.5,48.1
APCRBC175,18,49.5,39.5,19.5
HR1P1,3.69,44.6,13.99,38.2
VA27EHF,5.53,15,68,47.5
PG38UQ,15.7,18.8,98,75.7
DRP420BK,0.6,8.8,20,12
PA278CGV,11.9,15.1,81.8,48.2
VA24EHF,4.31,12.5,60,44.8
LS740W,6.6,19.5,49.6,38.7
43UR78006LK,10.7,14.2,105.5,66
LS740HD,6.6,19.5,49.6,38.7
32S5400AFK,5,12.5,80,50.6
ETV65,,28,166,107.5
883W9EA#ABU,3.4,23.5,49.8,13.2
90NV00D0-B10000,,30,54,35.5
1GF011IPJ1A05,0.21,7.4,6.7,11.2
883X1EA#ABU,3.4,23.5,49.8,13.2
883W4EA#ABU,6,49.8,19.6,34.6
883W8EA#ABU,3.4,23.5,49.8,13.2
883W3EA#ABU,6,49.8,19.6,34.6
6U486EA#ABU,7.25,20.5,39.4,49.9
B032-VU1,0.23,12.45,12.7,4.32
B003-HC2-DOCK1,1.1,15.49,5.51,18.49
910-005881,0.37,11.5,6.8,17.2
B1980D-W5,6,16.2,49,41.6
55020BEF,0.12,9,12,4.2
DN-9010/8-1,0.01,9,9,6
DN-9010/8-2,0.01,9,9,6
1GF019CPB1L04,0.14,12.4,11.7,3.2
1GF019CPG6L05,0.14,12.4,11.7,3.2
SRSXP700B.CEL,20,42.5,75,40.7
6128C005,0.2,15,15,10
4X21L54612,0.27,9.55,11.8,8
SRSXV800B.CEL,21,,,
VX2780-2K,6.6,13.2,69.7,46.2
90GC00X0-BGP000,0.54,8.7,19.3,16.3
VX2780J-2K,8.3,16.1,84.6,47.5
XQZCBDCV.ROW,0.08,1.8,8.15,19.7
NH.QM0EK.00B,4.05,54.3,8,34.1
VCM35,,14.8,13.5,4.5
U3223QE,14.5,,,
MB17AHG,3.65,11.9,47.3,32.3
8D7E8EA#ABU,2.34,52,6.9,30.5
8D0E1EA#ABU,2.29,52,6.9,30.5
893D9EA#ABU,2.29,52,6.9,30.5
8B9S1EA#ABU,2.12,48.3,6.9,30.5
D4T79AAE,0.23,6.4,22.23,14.3
4L2/8002,1.4,,,
4L2/8001,3.5,28,12,25
4L2/8003,2.88,30,21,25
4L2/8000,1.92,28,12,25
E9PD7KK31EZ4,4.2,,,
E9PD7KK01EZ14KH,4.2,,,
89G62EA#ABU,6.2,19.6,49.9,34.6
8B4U2EA#ABU,2.29,52,6.9,30.5
5F160EA#ABU,9.24,40,28.7,49.9
HG43BU800EEXXU,11,12.9,109.3,67.7
UM.QX2EE.H10,4.5,13.1,60.7,42
UM.MXXEE.002,19.2,4.44,11.06,6.7
NX.KDDEK.006,2.27,45.7,6.5,28.8
NX.AS7EK.001,1.97,45.4,5.9,29.2
8A3N9EA#ABU,,44.9,6.9,30.5
RO61GT001890,0.1,2,11.7,20.7
MO67NIBL1846,0.1,2,11.7,20.7
RO67GT001891,0.11,2,11.7,20.7
MO67NIBL1876,0.1,2,11.7,20.7
MO61NIBL1855,0.1,2,11.7,20.7
LY61GT001822,0.17,2.5,11.5,20.5
RO61GT001892,0.1,2,11.7,20.7
800Q7EA#ABU,2.29,52,6.9,30.5
873R6EA#ABU,3.04,52,6.9,30.5
KD65X75WLU,28,18.4,157.4,95.8
90XB08FN-BPW000,0.39,5.85,11.29,19.85
M6500XU-LP004W,2.76,46,6.5,29
63DFKAT4UK,6.9,12.5,72,45.2
27E1QA,6.84,15.8,78.2,45.8
25E3A,4.8,41.9,63.5,15.2
24N5C,4.35,13.8,62.1,42.1
27N1,5.6,13.5,68.7,45.8
22N1,3.6,37.9,55.8,11.2
24N1A,4.2,40.7,60.5,12.2
24N1,4.16,12.2,60.5,40.7
15B1,1.3,29.6,60,43
816C7EA#ABU,,48.3,6.9,30.5
66FCGAC2EU,8.9,15.1,83,52.8
62F9GAT4EU,9.2,17,74.4,48.9
24189-899-999,,5.5,18.85,21.7
PG96330G,11.2,194.5,22.9,17.9
LS832WU,8.1,42,51.8,31.3
24189-989-999,,5.5,18.85,21.7
24189-989-889,,5.5,18.85,21.7
24189-899-899,,5.5,18.85,21.7
24189-889-899,,5.5,18.85,21.7
23189-989-879,,17,21.3,4
23189-899-879,0.22,27.5,22.5,6
24189-999-999,,5.5,18.85,21.7
24M1N3200ZS/00,5.45,16.4,60,52.6
24189-989-899,,5.5,18.85,21.7
23189-899-979,0.22,27.5,22.5,6
23189-889-979,0.22,27.5,22.5,6
23189-999-879,,17,21.3,4
DT.Z29EK.003,10.6,39.8,60.8,26.2
VA34VCPSN,14.1,18.6,107,49
134-40,0.17,5.5,14.6,9.2
K3605ZC-N1097W,4.82,48.8,6.5,31
M1502YA-BQ165W,3.16,48.1,6.5,28.8
S5504VA-BN290W,2.57,46,6.5,29
UM.QB7EE.E16,,17.7,60.9,49
NH.QKCEK.001,4,54.3,8,34.1
UM.QV7EE.H03,,13.1,60.7,42
TAPO A100,0.16,8.2,8.2,2.9
55C745K,16.8,14.6,39.5,85.7
LBJ-00031,2.6,5.5,29.1,39.5
LB7-00004,2.6,5.5,29.1,39.5
LB9-00008,2.6,5.5,29.1,39.5
LBC-00031,2.6,5.5,29.1,39.5
6N4D0E9#ABB,8,14,62.1,40
TAPO A200,0.84,26.6,20,8.8
9S7-14F122-430,,26.9,36.9,4
27BK55YP-B.AEU,10,18.6,70.7,55.6
133L-PRIVACY-SCREEN,0.16,26,38.5,0.5
LS27C902PAUXXU,10.7,42.3,82,13.3
1GF019CPA2L05,0.14,12.4,11.7,3.2
LS49CG954SUXXU,18.5,47.4,135.2,24
UM3504DA-NX015W,3.67,45.5,7.3,29
6055C005,6.12,46.8,28.8,28.9
725J8EA#ABU,,44.9,6.9,30.5
29WP500-B.AEK,6.6,15.9,82.2,41.3
816T9EA#ABU,,48.3,6.9,30.5
XG27AQV,7.9,26.1,68.4,44.7
6N4E2E9#ABB,10.9,22.7,61.2,54.6
935-PD11,,17.5,13,11
40A90090SA,0.95,16,21.5,7.5
4Q8N9AA#ABU,8.2,4.84,53.83,31.17
6T2A3EA#ABU,,52,6.9,30.5
6N4D3AA#ABU,9.7,16,69.9,44.6
11T000FDUK,6.35,39,19.5,50
WFC700NW.CE7,0.13,8.7,3.8,13.8
WFC700NG.CE7,0.13,8.7,3.8,13.8
WFC700NV.CE7,0.13,8.7,3.8,13.8
WFC700NB.CE7,0.13,8.7,3.8,13.8
G16CH-71370F050W,13.6,24,48,56.2
VNB-004-TX4,0.77,16,26,47
VAB-002-GX2,0.66,10.5,24,22.5
VAB-001-GX1,0.6,12,24,24
FWD-43X80L,16,14.1,107,69.5
90LM0910-B01470,3.5,11.7,56.4,35.9
6N4D0AA#ABU,8,14,62.1,40
AS104-AT,9.46,,,
AS106-AT,13.7,,,
981-000964,0.01,18.5,10.5,1.2
275S9JML/00,8.2,16.1,78,44.5
DELL-S3221QSA,15.2,,,
4XC1K97399,0.21,10,17.2,5.5
325-62,0.02,1.2,6,10
OPTIX MPG321QRF-QD,13.9,19.6,99,57.5
G22CH-1370KF065W,13.6,24,48,56.2
90LM054L-B02370,6.8,22.8,63.4,45
90LM05S1-B01E70,6.1,18.3,62.9,49.9
RFZ-00018,0.86,18.5,18.4,7.8
RFZ-00014,0.86,18.5,18.4,7.8
VX2428J,5.5,18,61,40.2
6N6E9AA#ABU,7.6,14,62.1,40
6N4E8AA#ABU,6.8,14,57.1,36.3
65UR78006LK.AEK,27.6,17.2,160,97
100-99171000-60,0.39,16.2,30.1,36.6
KIT/IPC-B32P/FSP12,0.42,5.7,12.3,14.7
AD12YDC-XL-01-B-PVC,34,72,87,38
75QNED816RE.AEK,52.4,22.8,182,120.5
55QNED816RE.AEK,24.2,18.7,136,81
12NAGAT1UK,9.5,18.7,62,42
82T6002TUK,8.65,25.8,37.5,23.2
OLED77C36LC.AEK,40.6,22.8,187.9,113
OLED55G36LA.AEK,24.7,17.2,136,81
QE43LS01BGUXXU,22.7,26.5,112.3,73.4
6E6M1AA#ABU,0.82,22.3,16.1,5.15
4L2/3001,0.46,,,
4L2/2309,0.65,,,
4L2/2307,0.65,,,
4L2/2307X2,1.77,,,
4L2/2003X2,0.74,,,
4L2/3002X2,1.3,,,
4L2/2308,0.8,,,
4L2/2306,0.8,,,
4L2/3003x2,0.92,,,
4L2/3003,0.46,,,
4L2/2308X2,1.79,,,
4L2/2306X2,1.73,,,
4L2/3001X2,0.92,,,
4L2/2004X2,0.74,,,
4L2/2004,0.63,,,
4L2/2003,0.63,,,
4L2/3002,0.47,,,
QE85QN800CTXXU,74,22,209,126
27UL550P-W.AEK,8.6,19.2,70.4,51.8
429-KS37B,0.02,8,8,3
PG27AQDM,9.4,22,67.3,44
6N6F2A5#ABB,11,16,69.9,44.6
82H8038DUK,2.42,33.3,53.3,7.4
9S6-3DC64T-007,10.3,21.3,98.5,53.8
S12-0402180-C54,0.21,,,
6T1U5EA#ABU,,44.9,6.9,30.5
NCO-UK,0.24,,,
MB16AHG,2.78,7.6,48.5,30.5
MB249C,7.6,12.4,60,42.6
90LM08L0-B01970,10.5,15.6,95,55
38WN95CP-W.AEK,12.3,23.5,105.8,53.9
38GN950P-B.AEK,13.4,25.5,105.8,55.1
9S7-14JK12-074,0,7.9,46.8,30.4
9S7-15HK12-086,0,7.9,46.8,30.4
40WP95CP-W.AEK,16.6,25,105,51
220756-02,0.19,10.3,13.5,4.4
4L1/8002x4,0.67,23,23,18
6N4E2A5#ABB,10.9,16,69.9,44.6
26699-989-889,,6.05,22.5,11.2
WHCH720NB.CE7,0.44,20.8,5.5,26
82SB00JVUK,2.88,34.9,55.1,8.5
WHCH720NL.CE7,0.44,20.8,5.5,26
WHCH720NW.CE7,0.44,20.8,5.5,26
523U5EA#ABU,14.3,57.2,31.4,56.3
PA700W,3.8,33.7,40,16.8
PS502W,4.08,33.7,40,16.8
LS510W,2.85,30,36.5,18.8
PX749-4K,3.9,29.7,41.5,16.8
PA700S,3.8,33.7,40,16.8
PA700X,3.8,33.7,40,16.8
6N4D3A5#ABB,9.7,16,69.9,44.6
6N4D0A5#ABB,8,14,62.1,40
6N4D6A5#ABB,11.8,52.7,82,16.1
27UL550P-W.AEU,8.6,19.2,70.4,51.8
DT.Z2AEK.001,10.6,39.8,60.8,26.2
DT.Z27EK.002,10.6,39.8,60.8,26.2
KAP12193,0.35,53.5,34,0.7
VCM36-W PACKAGE,,11.2,18.4,6
DELL-UP2720QA,14.1,,,
GY51D20869,0.13,9.4,12.6,4.7
25M2N5200P/00,7.6,18.8,73,42
25M2N3200W/00,7.6,18.8,73,42
40B10135IT,1.23,19.5,27,8.5
2740-209,,13.9,14.2,4.65
2755-209,,13.9,14.2,4.65
40B00300SA,1.9,19.5,27,8.5
2740-109,,13.9,14.2,4.65
LS32CG510EUXXU,8.9,19.2,80,54
40AY0090DE,0.96,15.8,21,7.5
LS27CG510EUXXU,7,46.5,70.2,19.2
LS32B800PXPXXU,95,51.1,80,17.1
LS27B800PXPXXU,8.4,45,68.6,17.1
630W7AA,,1.39,,
MDRG300W.CE7,3.28,,28,26
ST353021,0.43,14,38,2
4J0G4ET#ABB,0.76,14.3,27.5,14.85
4J0A2ET#ABB,0.76,14.3,27.5,14.85
4J0G4ET,0.76,14.3,27.5,14.85
QAU-00083,0.48,17.7,17.8,7.3
2S9L1AA,0.13,7.8,12.9,4.7
NBU-NWS-NRG-EU,1.22,18.6,19.4,19.4
6N4E8E9#ABU,6.8,14,57.1,36.3
6N4D0E9#ABU,8,14,62.1,40
6N4D3E9#ABU,9.7,16,69.9,44.6
NP940XFG-KC1UK,,24.64,41.33,4.28
NP750XFG-KA4UK,,29.3,45.7,4.3
126-42,0.41,9.8,15.5,20.5
NP730QFG-KB1UK,,24.4,46.24,5.4
NP960XFH-XA1UK,,29.22,47.8,4.49
VX2428,4.4,12,60.5,40
VX2728J,6.5,46,68,17.3
11T300B0UK,2.85,26.8,49,14.1
11T300B5UK,2.85,26.8,49,14.1
HG65AU800EEXXU,28.4,16.4,161.2,95
HG55AU800EEXXU,20.5,14.8,139.9,84.6
HG50AU800EEXXU,16,13.7,124.6,77.1
HG43Q60AAEEXXU,11.3,12.9,109.3,67.7
HG75AU800EEXXU,42.3,19,183.4,111
HG43AU800EEXXU,11.3,12.9,109.3,67.7
HG32T5300EZXXU,5.8,12.7,87.9,50
LS32BM701UPXXU,8.7,13.3,84.2,48.7
90LM05M1-B03370,7.9,22,63.1,45
4L1J9EA#ABU,,44.9,6.9,30.5
2LX92AA,0.17,14,19.8,5.4
63D8MAT3UK,8.5,17.8,59,42.2
63D6UAT3UK,10.9,16,72,51
NMP760,1.27,18.7,23.2,10.8
VBS200-A,2.82,20,23,8
VX3218C-2K,6.8,17,97,52.3
9S7-17L541-025,0,9,52.8,32.9
63D8MAT3EU,8.5,17.8,59,42.2
63B0MAT6EU,6.8,14.4,56.3,41.4
LS27C366EAUXEN,6.3,44.2,68.7,17.5
LF32TU870VPXXU,10.6,54.4,81,19.2
4L1/8042X4,0.67,23,23,18
100-99172000-60,0.39,16.2,30.1,36.6
URC4911,0.15,12,2.7,29.9
4L1/8003X4,0.67,23,23,18
6N6F2AA#ABB,11,16,69.9,44.6
DS-55524,0.07,7.5,2.3,7.5
LU32J590UQPXXU,8.4,49.1,79.2,15.7
LS32BG850NPXXU,12.2,53,82.7,23.6
LS24C310EAUXXU,4.3,14.7,60.7,38
42M2N8900/00,21,18.8,107,63.5
LS27C360EAUXXU,6.3,44.2,68.7,17.5
LC27R500FHPXXU,6.5,46,17.7,71
HG75BU800EUXXU,42.3,19,183.4,111
LS34C500GAUXXU,6.8,43.4,94.4,15
LS28BG700EPXXU,8.8,48.9,71.6,16.9
LU28R550UQPXXU,7.6,46.5,73.2,17.6
34M2C8600/00,12.5,28.2,93,52.5
LS32BG750NPXXU,12,23.1,82.7,49.9
LC34G55TWWPXXU,7.9,44.1,90.1,21.6
HG55BU800EUXXU,22,14.8,139.9,84.6
LS32C390EAUXXU,9.3,24.2,80.6,54.2
LC32R500FHPXXU,8.6,22.9,55.7,84.3
63DDKAT6UK,6.6,45.6,15.4,71.6
63DCKAT6UK,4.6,12.4,63.3,41.2
63D7UAT3UK,8.6,17.8,59,42.2
MM-10-203,0.23,11.58,11.58,9.04
MM-10-204,0.45,9.2,13.01,20.32
MM-10-302,0.68,,,
MM-10-301,0.57,,,
8WX-00006,0.07,5.15,17.8,1.75
VP16-OLED,2.2,9,41.5,31.2
VG2240,7.6,21,55.6,37.9
55AN960H,23.7,,,
LC27R500FHPXEN,6.5,46,71,17.7
6E6M1AA#ABB,0.82,22.3,16.1,5.15
LB007 15.6 LIGHTGREY,0.4,,,
IFP5550-5,35.5,22,142.8,87.8
LS32B800PXPXEN,9.5,51.1,80,17.1
X2-4K,5.5,37.6,49,31.3
X1-4K,5.5,37.6,49,31.3
JCD381-N,0.19,12.5,19.3,2.25
DKTBRSPMPD,0.5,20,20,4.5
100-99180001-60,0.16,4.2,11,13.8
53X26AA,0.11,10.7,,
3V0G9AA,0.12,7.8,12.9,4.7
25089-889-899,,17,5,20.2
25089-999-899,,17,5,20.2
25089-899-899,,17,5,20.2
LF32TU870VPXEN,10.6,54.4,81,19.2
935-D2CC,1.2,24,24,9
82H8038CUK,2.42,33.3,53.3,7.4
VK430,1.24,23.4,36,5.2
VS92DP-AT,0.2,11.9,5.9,16
DS-45334,0.09,2,8,16
DS-45333,0.1,16,8,2
VK1100A-AT-E,1.8,41.4,20.7,11.7
LC32R500FHPXEN,8.6,22.9,84.3,55.7
S5504VN-L1061W,2.57,46,6.5,29
5H0L6EA#ABU,,133,,
135-79,0.16,3.5,8.2,19.2
135-82,0.65,6,14,21
134-39,0.25,6.3,11.5,14
981-001281,0.26,17.4,7.2,19.3
960-001442,0.13,11.6,7.3,8.65
981-001286,0.26,17.4,7.2,19.3
90MP02V0-BMUA10,,10.9,11.5,7.5
90MP02V0-BMUA00,,10.9,11.5,7.5
LS34BG850SUXXU,11.8,45.6,94.8,18.5
LS43CG700NUXXU,161,15.3,123.3,66.7
ADJ-TABLET-STAND-W,1.2,18,32,12
E9PD7KK11EZ1,4.2,,,
600Q8AA#ABU,0.53,5.33,7.5,2.2
JVU430-N,0.26,9.5,15.5,7
9VF99AT,8.4,22.3,61.1,39.2
ST1060S,0.25,24.5,33,0.5
ST10601,0.31,22.2,31.5,0.5
WB3-00004,2.52,29.1,39.5,5.5
LS27B800TGUXXU,8.4,17.1,68.6,45
LS32BG650EUXXU,10.1,49.4,82.7,22.6
LS32BG700EUXXU,11,54.5,79.8,17.6
LS27BG650EUXXU,8.8,46.1,68.8,21.4
DN-19-DIN-3U,2.8,20,52,
762T5AA,0.88,25.1,27.8,6.2
LVN122004,10.1,30,20,30.55
DN-80223,3.61,49.5,31.8,7.7
90MB1CI0-M0EAY0,4.56,31.2,37,10.8
MPG GUNGNIR 111R,9.1,,,
90RC00E2-M0UAY2,2.3,13.8,35,23.2
DN-FC-9100,0.05,1.5,7.1,15
B760M DS3H AX,1.02,26.5,26.5,5.4
DA-70247,0.13,2.5,9.5,4.2
DN-95131,0.03,10,16.8,4.3
DA-70245,0.07,1.8,9,15
DN-80064-1,0.2,19.5,8.5,4.5
DN-95357,1.03,23.7,19.2,8.7
DN-95354,0.88,19.5,16.7,6.3
MM-10-601,1.02,11.43,13.16,26.36
ASS40121,1.36,13.15,11.43,26.35
TABB0121,0.45,13.15,11.43,26.35
MM-10-201,0.23,,,
ASS30121,1.36,13.15,11.43,26.35
MM-10-401,0.45,,,
MM-10-202,0.45,,,
DN-95342-1,3.61,29,48,8.3
DN-651136,0.92,6.6,15.8,21.3
DN-95358,2.47,23,37,8
DN-651134,0.56,5.4,13.5,16.5
DN-651133,0.92,6.6,15.8,21.3
DN-95356,2.48,8,23,37
DN-651135,0.56,5.4,13.5,16.5
DN-95355,2.5,8,23,37
DN-651131,0.56,5.4,13.5,16.5
DN-651138,1.17,7.25,18.6,20.8
DN-651137,0.92,6.6,15.8,21.3
DN-651132,0.92,6.6,15.8,21.3
DN-651130,0.54,5.4,13.5,16.5
KF560C36BBEA-8,0.06,1.4,5.72,17.15
B550M K,0.84,26.5,26.5,5.4
B760 DS3H AX,1.34,27,33.5,8
H610M K DDR4,0.72,23.5,26.5,5.2
B760 GAMING X,1.62,27,33.5,8
90MB1DU0-M0EAY0,,29.3,36.8,29
B760 AORUS ELITE AX DDR4,2.17,27,33.5,8
90MB1DG0-M0EAY0,1.65,27.5,27.5,6.75
DN-95330-1,0.72,6,16.5,19.2
90MB1DI0-M0EAY0,1.57,27.5,27.5,6.75
CM-H71EB-02,13.3,56.5,57,31
JUH340-N,0.34,12.5,19.3,4.2
5G4AINDNP-USB-A-HUB,0.5,21.3,14.9,5.1
2L-7D02UDPX3,0.24,,,
DBS-2000-10MP/E,3.39,40,31.9,9.1
CV190-AT,0.25,11.9,5.9,16
B760M DS3H DDR4,0.99,26.5,26.5,5.4
TL-SG2016P,1.94,43.4,22.7,7
B760M GAMING DDR4,0.95,26.8,27,6.8
B760M GAMING X DDR4,1.57,26.8,27,6.8
90MB1DV0-M0EAY0,2.43,26.6,33.1,7.6
B450M K,0.75,23.5,26.5,5.2
RL-KR24E-W1,2.14,14.1,32.7,24.4
RL-KR28E-W1,2.42,15.8,42.9,20.9
RL-KR36E-W1,2.46,14.6,48.8,18.6
KF568C36RS-16,0.1,1.73,12.22,17.15
JCD612-N,0.18,9.5,15.5,3.08
9M351M-RS232-CABLE,0.02,22,12.8,1
MAG FORGE 112R,6.24,,,
DN-91401,,,8.8,1.3
USB210AIND-USB-A-HUB,0.6,16.8,24.5,5.5
CLR-M2FAN,0.1,6.7,13.2,2.5
EEM2-GTSA,0.12,2.5,8.5,15
DN-80112-1,1.6,23,37,8
DN-80113-1,1.84,23,37,8
90DA0033-B09000,0.2,3,17.2,12.5
QSW-M2106-4S,1.75,,,
VCG408016TFXXPB1,,19.9,40.5,10.3
ST10GSPEXNDP2,0.21,21.5,14.5,3.5
MEG PROSPECT 700R,21.6,,,
JUC400-N,0.08,9.5,14.5,2.5
B650E AORUS MASTER,2.88,29.4,34.5,8
90MB1BS0-M0EAY0,1.35,37.3,33.8,6.8
90MB1BS0-M0EAYC,1.35,6.8,37.3,33.8
90MB1BQ0-M0EAY0,9.22,26.5,28,7.1
90MB1BI0-M0EAY0,8.58,18.2,22.2,9.2
90MB1BB0-M0EAY0,2.44,27.3,34.3,7.7
90MB1BP0-M0EAY0,9,26.5,28,7.1
90MB1CM0-M0EAY0,1.48,22,28.5,11
LVR4780120,193,128,88,236.2
DS-30222,0.16,3,17.5,13
PRIME X670-P WIFI,1.9,6.8,33.8,27.3
90MB1BL0-M0EAY0,2.55,6.8,33.8,27.3
90MB1BU0-M0EAY0,1.82,27.3,33.8,6.8
VCG409024TFXXPB1,,19.9,40.4,10.3
DN-80067,0.81,15.8,25.6,7.9
MAG FORGE M100R,5.03,,,
H410M H V2,0.73,23.5,26.5,5.2
DN-95341-1,2.77,28,32.5,10
K33477WW,0.02,1,11,18
DN-93716,0.56,8.67,11.21,4.4
U444-06N-HD4K6B,0.05,7.62,14.5,2.69
DK-2433CUE50BK-BBB,8.8,35,35,
DK-2433CU030BK-BBB,2.75,36,36,
DK-24338UE50BK-BBB,8.8,35,35,
AK-300431-006-S,0.03,21,11.5,25
DA-71105-1,0.22,13.5,17.5,4
DS-30105,0.14,3,14,15.5
TL-SX3206HPP,2.62,25,40,8
713E-3M-POWER-CORD,0.28,14,30.5,25
CS-HYTE-Y60-BR,11.3,53.5,37.2,54
90DA0020-B09000,0.53,9.2,20.8,12.4
11050-PC-SERIAL-CARD,0.2,14.4,20.7,3.8
CS-HYTE-Y60-BW,11.3,53.5,37.2,54
P137-06N-H2V2,0.03,1.27,17.78,22.86
DN-651129,1.08,18.6,20.8,7.25
TL-SG3452X,4,33.6,52.8,10
4X61J52232,1,19.5,32.5,8.5
MR2000-KE,1.16,8.92,23.8,22.3
LAPAX3600C,1.11,21.31,32.69,4.6
DN-91608S-EA,0.89,26,6,12
DN-91608S-SL-EA,0.89,26,6,12
90IG07A0-MO0B00,0.25,13.8,18,5
DK-1743-VH-025,1.35,30,30,
LSATA18RA1,0.08,25.5,12.5,1.8
DK-1617-0025,0.02,1.6,11.5,
DK-1617-050/WH,0.14,2,17,20
DK-1617-010/BL,0.04,1.6,11.5,
DK-1617-020/B,0.07,1.6,14,
DK-1617-030,0.09,1.6,17,
DK-1617-0025/WH,0.02,1,11.5,
DK-1617-020,0.07,1.6,14,
DK-1617-050,0.14,2,17,
0R200048,12.1,,,
N040-010-WH,0.02,1.27,10.16,17.78
C4PUSB3,0.05,7.5,2.3,14.8
2X-023G,1.25,70.3,11.2,8.2
2X-021G,0.29,12.4,4.2,12.9
STNDTBLT1A5T,2.24,65.7,12.3,12.5
ARMTBLTUGN,1.4,42.5,35.8,5.5
136-15,0.11,4,7,16.7
DK-1644-A-0025/BL,0.02,1.6,11.5,
MDP2HDMM5MB,0.22,22,20,3
DK-1644-005/OR,0.03,1.6,11.5,
DK-1512-005/WH,0.02,0.9,11.5,
DA-70460,0.09,26.5,7.5,
DK-1612-050/B,0.12,5,25,
DK-1612-005/BL,0.02,0.9,11.5,
DK-1644-100/BL-OD,0.27,2.9,19,
DN-96200-2U,3.06,26,45,
DK-1612-100,0.22,5,19,
DK-1612-030/BL,0.08,1.5,17,
DA-70461,0.1,26.5,7.5,
DN-19 GS-NW,3.2,37,6.5,6.5
440-94,0.1,1.6,8.2,13
BX80660E52683V4,0.1,10.1,11.6,4.4
PC5000,0.43,,,
136-14,0.12,4,7,16.7
DK-1612-020/R,0.06,1.2,14,
DK-1612-030,0.08,1.5,17,
DK-1612-020/B,0.06,1.2,14,
DK-1612-005,0.02,0.9,11.5,
DK-1612-010,0.03,1,11.5,
DK-1612-020,0.06,1.2,14,
VC985-AT,0.09,12,1.9,21.2
VC981-AT,0.1,12,1.9,21.2
DK-1644-A-070/R,0.25,2.8,19,
GUH3C14,0.1,11.11,14.61,4.76
GWU637,0.26,5.5,16.2,23.01
T0A01AA,3.45,,20.2,39.2
P7Z54AA#ABB,0.1,11,24.5,3.5
804057-001,0.47,16.8,21.3,12.6
136-12,0.08,2.7,10.3,17.5
DK-1512-005/B,0.02,0.9,11.5,
VPP-601-20CM,0.02,7,12,1.5
B5L31A,0.14,13.8,17.8,6
AR3105,153.7,,,
DK-1613-VH-1,4,10,28,
DN-91624S-SL-EA,1.5,53,14,
136-05,0.07,2.7,10.4,18.6
136-09,0.12,4,7,16.7
4X90H20061,0.11,20.7,14.2,3.7
133-82,0.55,6.5,15.5,23
DN-97648,4.18,72.5,50,72.5
HD2VGAMM3,0.09,21.8,19.6,1
2X-EA08,0.04,,,
PEX867WAC22,0.39,21,15.6,5.9
FAN-0141L4,0.04,5.6,4,
G1K23AA,,23.2,18.4,5.75
DK-1644-030/B,0.11,1.6,17,
DK-1644-100/R,0.33,2.8,19,
DK-1644-030/R,0.11,1.6,17,
DK-1532-070/R,0.21,3,18,
DK-1532-010/Y,0.03,1.1,11.5,
DK-1644-0025/BL,0.02,1.6,11.5,
DK-1644-005/G,0.03,1.6,11.5,
DK-1644-050/Y,0.18,2.2,17,27
DK-1644-005/BL,0.03,1.6,11.5,
DK-1512-300,0.5,5,28,
DK-1644-010/Y,0.05,1.6,14,
DK-1532-010/G,0.03,1.1,11.5,
DK-1532-030/G,0.09,1.8,17,
DK-1532-030/Y,0.09,1.8,17,
DK-1644-0025/B,0.02,1.6,11.5,
DK-1644-020/VI,0.08,1.6,14,
DK-1644-0025/Y,0.02,1.6,11.5,
DK-1644-0025,0.02,1.6,11.5,
DN-19 PLINTH-6/8-1,6.93,19,75.5,
DK-1532-005/G,0.03,1.1,11.5,
DN-19 PLINTH-6/6-1,6.25,19,55.5,
DK-2532-05-4,0.17,17,17,
DN-19 12-U-S-1,18,59,63,
265-09,0.1,4.3,9.2,18
DK-1532-150,0.38,5,23,
DN-91422,0.63,3,53,
DK-1644-A-100/R,0.36,2.8,19,
DK-1512-100/BL,0.19,5,19,
DK-1512-020,0.05,1.2,14,
DN-19 TRAY-2-800SW,3.97,61,49,
DN-91624S-SL-SH,1.29,4,53,
DK-293LCA3LC-02,0.05,17,17,
DK-1644-A-005/B,0.03,1.6,11.5,
DA-73101,0.75,30,14.5,6
DK-1644-050/R,0.18,2.2,17,
DK-1512-010,0.03,1,11.5,
DN-96019-1,,1,3.5,
DN-96018-1,0.01,1,3,3
DN-96005-1,0.45,1,17,22
DN-91612SD-EA,1.07,6,17.5,28.5
DN-19 KEY-9473,0.01,,,
DK-25332-02-4,0.06,17,17,1
DK-25221-02-4,0.1,17,17,
DK-2522-03-4,0.07,17,17,
DK-1644-A-200/G,0.7,4.5,23,
DK-1644-030/G,0.11,1.6,17,
DA-70229,0.31,7,12,
440-75,0.08,1.6,8.2,13
MDP2VGDVHD,0.07,22,20,1.8
DK-1644-050/G,0.18,2.2,17,27
DK-1644-005/R,0.03,1.6,11.5,
DN-19 BPN-04,0.73,18,49,
DK-1644-010/R,0.05,1.6,14,
DK-1512-050/R,0.1,1.8,17,
ACDC2404,20.6,230.6,26.8,19.2
DK-1532-020/R,0.06,1.5,14,
DK-1512-050/WH,0.1,1.8,17,
DK-1512-030/BL,0.07,1.5,17,
DK-1512-030/B,0.07,1.5,17,
DK-1512-020/Y,0.05,1.2,14,
DK-1512-020/G,0.05,1.2,14,
DK-1512-150,0.28,5,23,
MDP2VGAMM10B,0.15,24,16,2
DP2VGAMM15B,,24,16,2
DK-1512-070,0.14,2.8,19,
DK-1644-030/BL,0.11,1.6,17,
DK-1644-020/R,0.08,1.6,14,
DK-1644-020/G,0.08,1.6,14,
DK-1512-050,0.1,1.8,17,
DN-19 09-U-S-1,15.3,46,59,
DS-30000-1,0.3,,,
DN-82010-1,0.5,6,21.6,
DK-1511-015,0.05,1.6,14,
DA-70217,0.04,3.9,4,
508-74,0.05,2.3,6.2,8
508-69,0.07,1.8,7.7,19.3
DS-33003,0.16,12,12.6,1.9
DK-2533-05-4,0.11,17,17,
508-67,0.07,4,7,16.7
DK-1511-0025,0.02,1.6,11.5,
DN-82021-1,0.45,6,21.6,
508-59,0.07,4,7,16.7
133-72,0.27,4.7,14.2,19.2
DN-93906,0.02,2,7.5,11
DN-82121-1,0.45,6,21.6,
DN-82110-1,0.45,6,21.6,
DN-93613-1,,,6,9
DK-2933-05,0.1,17,17,
DK-2932-02,0.06,17,17,
DK-2932-01,0.04,17,17,
DK-2931-02,0.1,17,17,
DK-2922-10,0.19,30,20,
DK-2922-03,0.08,17,17,
DK-2533-05/3,0.1,17,17,
DK-2533-03/3,0.07,17,17,
DK-2533-02/3,0.06,17,17,
DK-2533-01/3,0.04,17,17,
DK-2532-03/3,0.07,17,17,
DK-2532-02/3,0.06,17,17,
DK-2531-10/3,0.18,17,17,
DK-2531-03/3,0.05,17,17,
DK-2531-02/3,0.06,17,17,
DK-2522-10/3,0.16,3.5,20.5,
DK-2522-05/3,0.1,30,20,
DK-2522-03/3,0.13,29,20,
DK-2522-01/3,0.05,17,17,
DK-2512-02/3,0.07,17,17,
DK-2511-10/3,0.18,17,17,
DK-2511-05/3,0.06,17,17,
DK-2511-03/3,0.07,1,20,
DK-2511-02/3,0.05,27,20,
DK-2511-01/3,0.05,17,17,
AT-AG 2X8/8,0.04,,,
135-90,0.07,3,10.6,16
306-97,0.35,5.5,16.5,21
AR7000A,15.6,12.1,68,199.4
306-95,0.15,2.5,14,21
306-93,0.09,2.5,14,21
306-94,0.12,2.5,14,21
306-96,0.24,5.5,16.5,21
133-67,0.1,4.6,11.7,17.8
DS-54101,0.11,5,8.5,
AB-50001-1,0.06,5.5,12.6,
DA-70216,0.14,17,17,
DN-93803,0.06,15,15,5
DN-93513,0.01,2,6,9
AR8621,0.16,11.9,18,8.2
GUCE51,,,12.06,15.2
DK-1531-050/Y,0.17,2.2,17,
DK-1531-050/R,0.17,2.2,17,
DK-1531-050/BL,0.17,2.2,17,
DK-1531-050/B,0.17,2.2,17,
DK-1531-030/R,0.11,1.6,17,
DK-1531-030/BL,0.11,1.6,17,
DK-1531-030,0.11,1.6,17,
DK-1531-020/G,0.08,1.6,14,
DK-1531-020/BL,0.08,1.6,14,
DK-1531-010/G,0.05,1.6,11.5,
DK-1531-010,0.05,1.6,11.5,
DK-1531-005/G,0.03,1.6,11.5,
DK-1521-500,1.44,5,28,
DK-1521-100,0.3,2.8,19,27
DK-1531-050,0.17,2.2,17,
PLATEBLANKLP,0.04,7.5,1.8,12
DK-1644-020/BL,0.08,1.6,14,
508-78,0.11,2.2,9,16
402-91,,7.5,9,13.5
K39217EU,0.3,15.9,5.4,15.2
AP8755,0.42,,23,23
DK-2532-03,0.07,17,17,
DN-97617,0.75,8,49,
DN-91548U,1.04,7.5,56,
DN-91508U,0.32,5,28.5,
DN-91512S,0.99,5.5,28.5,
DN-91516S,1.5,7.5,56,
DN-91524S,1.66,8,56,
DN-91524U,0.65,6,51.5,
DN-91608S,1.5,28,18,
DN-91612S,1.03,6,28,
DN-91616U,0.73,8,56,
DN-91616S,1.76,7.5,56,
DN-91624U,0.65,8,56,
DN-91648U,1.19,7.5,56,
DN-19 09-U-EC,17,52,48,
DN-19 12-U-EC,20,65,48,
DK-1511-005/B,0.02,1.6,11.5,
DK-1511-005/G,0.02,1.6,11.5,
DK-1511-010,0.04,1.6,11.5,
DK-1511-010/G,0.04,1.6,11.5,
DK-1511-020,0.06,1.6,14,
DK-1511-020/G,0.06,1.6,14,
DK-1511-030,0.09,1.6,17,
DK-1511-030/B,0.09,1.6,17,
DK-1511-030/BLACK,0.09,1.6,17,
DK-1511-030/Y,0.09,1.6,17,
DK-1511-050/B,0.13,2,17,
DK-1511-050,0.13,2,17,
DK-1511-050/R,0.13,2,17,
DK-1511-100,0.24,2.8,19,
DK-1511-100/R,0.24,2.8,19,
DK-1511-150,0.36,3,23,
DK-1511-200,0.62,4.5,23,
DK-1511-250,0.62,4.5,23,
DK-1511-300,0.73,4.6,28,
DK-1521-005,0.03,1.6,11.5,20
DK-1521-010,0.04,1.6,11.5,
DK-1521-020,0.07,1.6,14,2
DK-1521-030,0.1,1.6,17,
DK-2533-01,0.05,17,17,
8735-019,0.02,5,5,10
0220-649,0.04,1.5,3,9
PDX316IEC-960,3.1,,43.2,15.2
MUY1MFF,0.02,12.5,9,1.1
502-16,0.02,2.3,6.2,8
SILVGREASE1,0.02,15.1,8.4,2.5
DN-19 FAN-2-WM-T-SW,1.86,22,38.5,9
AR8108BLK,0.74,3.8,59.4,9.9
DN-10001,0.82,5.5,28,
133-33,0.05,2.3,9,17
501-66,0.03,2.3,6.4,8
502-78,0.09,4,7,16.7
PLATEBLANK,0.1,22.5,12.5,1.9
FANSCREW,0.06,12.5,9,1.3
DN-19 TRAY-2-600,2.83,39,51,
DN-19 09-U,21,50,65,
DN-19 FAN-2-WM-T,1.86,21.5,38,
SCREWNUTM,0.06,12.5,9.2,0.1
DN-19 TRAY-2-SW,2.1,37,52,
DN-19 ORG-2U-SW,0.73,8.5,49,
DN-19 TRAY-1-1000,4.94,75.5,42.5,
DN-19 BPN-03,0.6,18,49,
503-78,0.08,4,7,16.7
FAN478,0.33,8.2,9.6,7.1
AR7100,16,,,
DN-19 TRAY-2-600-SW,2.83,39,51,
SCREWM3,0.03,12.5,9,1.2
500-97,0.09,4,7,16.7
DN-19 TRAY-1-SW,1.27,26,50,
AR8207BLK,2.73,23.4,32,5.8
AR7708,0.58,,,
DN-19 TRAY-2-800,3.97,61,49,
DK-1644-015,0.06,1.6,14,
ELRACK,4.5,,,
DS-30040-2,0.2,6.5,18.5,18
DK-2931-05,0.09,17,17,
SCREW6_32,0.05,12.5,9,1.2
DK-35121/3-U,0.06,68,43,
DK-35081/3-U,0.06,68,43,
DK-29221-02,0.05,17,17,
DK-25332-02,0.05,17,17,
2X-010G,0.95,70.3,11.2,8.2
50UN640S0LD.AEK,14.6,15.2,121.5,77.5
20G08A#B19,7.8,24.5,64.5,49.9
6FW09A#B19,,24.8,39.7,30.3
3PZ95A,21.6,37.9,49.7,58.3
6FW10A#B19,5.6,24.8,39.7,30.3
4K0U4NE#301,0.06,2.39,11.48,10.01
4K0U3NE#301,0.06,2.39,11.48,10.01
4K0U6NE#301,0.06,2.39,11.48,10.01
4K0U5NE#301,0.06,2.39,11.48,10.01
DP-MATX-MATREXX30-SI,4.33,,,
MPG GUNGNIR 110R WHITE,9.25,,,
SILV5-THERMAL-PASTE,0.04,9,7,4
SHELF-2U-20-CENTER-V,4.5,56,55,12
DB-300220-010-S,0.05,11,12,3
DB-510310-002-S,0.03,11,11,4
DB-340201-030-S,0.24,16,16,2
DB-340201-020-S,0.15,16,16,2
90YV0HA0-M0NA00,1.55,23.3,40.5,8.85
935-BA20,0.3,50,6,2
935-TC30,0.72,34,16.5,5.5
427-CS17,1.1,,,
438-L18P,1.5,28,14,13
427-CS18,1.05,,,
438-LC55,2,14,54,15
CC487A#ABU,0.51,17.15,29.53,9.05
VCG206012DFPPB,,8.98,32.08,16.99
H610I DDR4,0.71,18,22.2,6.5
AK-300130-018-S,0.04,0.7,11.5,15
136-41,0.09,2.7,10.3,17.5
136-40,0.24,4,15,23
134-34,0.04,1.7,8.7,14.2
4P6G-PCIE-SATA-CARD,0.12,17,14.2,3
LVN125311,0.28,6,14,18
B550M DS3H AC,1.09,26.8,27,6.8
AK-300200-030-S,0.07,0.7,25,
AK-300105-010-S,0.03,1.1,9.2,
306-7G18R11-809,,22,42,46
336-32,0.08,2,12,14
333-67,0.08,2,12,14
DS-30220-5,0.13,3,13,18
AK-610505-000-I,0.01,1.3,3.1,
DA-70143,,12.5,17,6
UH3238-AT,0.11,,,
AL-9E2000LC-10I,1,1,15,
USB315CCV2M,0.1,22,12.5,1.3
USB31CCSLKV1M,0.09,22,12.5,1.1
136-39,0.16,2,12,19
AL-9E2000-01I,0.07,20,19,
AK-610506-000-I,0.01,1.1,3,
AK-300130-030-S,0.06,0.7,25,
DB-340301-030-S,0.21,4,8,25.5
TL-SX3016F,3.7,33.6,52.8,10
MR5500-KE,1.15,8.7,22.5,24
HB31C2A2CME,1.3,19,29,6.7
DK-1614-A-VH-5,27.5,50,50,
AK-340407-001-W,0.06,20,15,
AK-440101-018-S,0.21,3.5,15,
A-MO 6/6 SF,0,1.5,1,
DN-80202,0.13,7,18.9,14
AK-340404-001-W,0.03,20,15,
AK-340415-002-S,0.04,20,15,1.52
DK-1617-A-050S,0.09,27,19,1.3
DK-1644-A-10090,0.38,34,23,
AL-9E2000LC-01I,0.06,1.5,20,
AK-300202-018-E,0.05,21,11.5,
DK-1617-A-010S,0.03,17,17,0.7
DN-80117,1.6,7,24,
AL-9E2000LC-02I,0.1,0.5,15,
KA7175,0.17,12.4,4.2,12.9
DN-91612S-SL-EA,0.89,26,6,
DK-1617-A-150S,0.27,32,23,3.6
DN-80115,1.6,6.7,24,
DK-1617-A-070S,0.13,27,19,2
VC920-AT,0.09,18,12.5,3.5
136-37,0.06,2.3,8.2,16.2
P7Z54AA,0.1,11,24.5,3.5
DN-31116,154,85,85,210.3
DN-31117,157,85,85,210.3
AL-9E2000LC-03I,0.5,15,15,5
DK-1532-200/G,0.57,4.5,23,
DK-1532-150/G,0.44,4,23,
DK-1532-100/R,0.29,4,18,
AK-300101-018-S,0.04,11.5,21,
A-MO 8/8 SRS,,,1,2.5
AL-9E2000LC-05I,0.5,0.5,154,15
DN-651110,1.12,18.6,23.1,
LVR248250,8.2,84,85,10
LVR242065,52.5,140,65,12
LVO231553,3.7,,,
LVO231491,0.02,,,
LVN122014,9.2,34.5,19.5,34.5
LVO233835,3.6,,,
LVO231573,0.25,,,
LVO231551,3.7,,,
LVN127774,0.2,,,
LVN125418,0.05,3,8,13
LVR242515,20,,,
LVN125419,0.1,3,8,13
LVO231283,0.01,,,
LVN125432,0.05,3.6,8.4,13.6
LVR248015,3.2,72,46,5
LVN127095,0.06,14.3,10,8
LVN126100,0.01,,,
LVR242060,52.9,211,24,130
LVR240005,3.5,,,
LVO233845,3.6,,,
LVO231544,3.7,,,
LVO231517,3.7,,,
LVO231303,0.04,,,
LVN127093,0.04,10,10,8.3
LVN127088,0.02,,,
LVN125415,0.05,3.7,8.6,13.6
LVR248255,9.2,84,105,10
LVR241065,2.5,53,5,45
LVO231552,3.7,,,
LVN125310,0.21,15,6.5,15
LVR242510,15.5,,,
LVR240020,26.5,70,17,54
LVN125430,0.11,3.5,8.6,13.7
ER8222,144,85,125,212
ER7HCM,,57,9,7
4X71D07928,0.04,15.7,5.7,1.5
CDP2HDMM5MH,0.21,500,1.7,0.6
DP14MDPMM2MB,0.09,20,22,2
QSW-2104-2S,1.01,,,
QSW-2104-2T,1.02,,,
DK-1644-030-B-10,1.06,1.6,17,
DK-1644-0025-BL-10,0.2,1.6,11.5,28
DK-1624-020S,0.07,25,17,0.9
DK-1644-005-Y-10,0.28,1.6,11.5,
DK-1644-0025-10,0.2,1.6,11.5,
AK-610203-030-E,0.16,0.5,14,
AK-510100-025-S,0.04,15,4,
AK-440201-018-S,0.19,5.5,13,
AK-440201-012-S,0.13,2.5,16,
AK-300127-010-S,0.03,0.7,9.2,
DK-1644-030-BL-10,1.06,1.6,17,
DK-1624-A-020S,0.07,25,17,0.9
AK-610512-000-I,0.01,3,1.2,
AK-300110-018-S,0.04,21,11.5,
AK-440201-050-S,0.48,6,18,
DK-1624-050S,0.15,27,19,1.3
DK-1624-A-070S,0.2,32,23,2
DK-1624-A-030S,0.09,27,19,1
DK-1644-010-G-10,0.42,1.6,14,30
DK-1644-0025-Y-10,0.2,5.2,11.5,
DK-1644-010-BL-10,0.42,1.6,14,30
DK-1644-0025-B-10,0.2,1.6,11.5,
DK-1644-050-BL-10,1.7,2.2,17,
DK-1644-050-B-10,1.7,2.2,17,36
DK-1644-020-Y-10,0.75,1.6,14,36
DK-1644-010-Y-10,0.42,1.6,14,
DK-1644-020-BL-10,0.75,1.6,14,36
DK-1644-005-BL-10,0.28,1.6,11.5,28
RKPNL4U,1.1,48.5,18.2,2
TL-SX3008F,2.37,25,52.8,8
DP-MATX-MATREXX40-3FS,6.42,47,28.8,47
LGS328PC-EU,4.55,36.45,52.2,9.91
DN-10-12U,18.5,36,37,
R-MACUBE110-WHNGM1N-G-1,7.3,47,28.8,47
R-MACUBE110-BKNGM1N-G-1,7.3,47,28.8,47
DP-TIM-Z5-2,0.01,,,
DP-TIM-Z3-2,0.01,,,
DP-ATX-MATREXX50-AR-4F-NE,8.5,51,27.5,51.5
2K-0007,1.02,70.3,11.2,8.2
QSW-M2108R-2C,1.92,,,
DK-1512-100,0.19,5,19,
TL-SG3452P,6.77,52.8,44,10
WFS-SDC,0.08,3.99,10.16,17.78
WFS-U,0.92,10.8,22.73,12.45
WFS-SD,0.08,3.99,10.16,17.78
E864066,1.8,14,17.5,11.8
AK-340107-300-S,1,6,20,20
AK-340107-150-S,0.62,6,20,20
16U00AA,0.69,15.3,29.6,2.85
TL-SG3428X,2.69,25,52.8,8
B450 AORUS ELITE V2,1.39,57.5,36.5,37.5
14V34AA#ABB,0.14,14,21,6.5
A520M S2H,0.74,23.5,26.5,5.2
EAP230-WALL,0.21,13,11.8,4.7
134-13,0.05,2.3,9,17
DK-1624-025S,0.01,25,17,
DK-1624-015S,0.06,1.6,14,
TL-SF1005LP,0.74,19.6,13.1,12.1
A520 AORUS ELITE,1.35,27,33.5,8
VC960-AT,0.09,12,1.9,21.2
TL-SF1009P,0.98,28,22.3,6.8
PH-ES620PTG_DBK01,1.5,66.5,33,65
VC980-AT,0.08,18,12.5,3.5
4XH0Z42451,0.65,,27.6,
HUBBIES05B,0.03,2.5,9,18
DN-19 16-U-EC-SW,24.2,83,48,87.5
DN-97669,0.5,10,51,6
DN-19 09U-6/6-EC-SW,20,52,63,56.5
DN-19 PHS,3,5.5,29,13
DN-81313,0.1,26,26,
DN-19 12U-6/6-EC-SW,23.5,65,63,87.5
DK-1532-150/R,0.44,4,23,
DK-1532-070,0.21,3,18,
DK-1532-070/B,0.21,29,19,
DK-1532-200/R,0.57,5,24,
TL-SF1008LP,0.75,28,22.3,6.8
DS-30225,0.09,3,15.3,14.1
TL-SF1006P,0.87,19.6,13.1,12.1
B550M AORUS ELITE,1.27,26.5,26.5,6.5
HUBBIES04B,0.08,2.45,11.25,18.4
01.UMX3BK.01,7.05,,,
V4 SILVER,2.6,,,
UMX3 SILVER,7.05,,,
M2E1BRU31C,0.26,17.5,14.4,3.2
USPTLSTNDB,0.21,13.6,8,2.4
336-20,0.08,2,12,14
333-88,0.08,2,12,14
441-38,0.06,2,8,15
DK-1644-A-030CL,0.12,1.8,17,
DK-1644-A-070CL,0.22,2.8,19,
DK-1644-A-050CL,0.19,2.2,17,
DK-1644-A-100CL,0.36,2.8,19,
14208-31,0.39,10.3,10.2,14.5
C6522QT,55.5,,,
STMA5000400,0.36,5.8,11.7,15.8
136-47,0.06,2.3,8.2,16.2
110C0X3NL0,20,49.4,54.9,43.8
DN-95128-1,0.44,5,12.7,16.7
DN-95127-1,0.43,5,12.7,16.7
IKVP50C/32GB,0.04,1.3,12.95,18.42
IKVP50C/64GB,0.04,1.3,12.95,18.42
IKVP50C/8GB,0.04,1.3,12.95,18.42
IKVP50C/256GB,0.04,1.3,12.95,18.42
IKVP50C/16GB,0.04,1.3,12.95,18.42
28B54A#BHC,9.2,23.9,48.4,41
QL810WCZU1,2.66,18.4,29.8,23.2
SS607A,1.18,13.7,55.1,14.3
5809C008,8.7,49.9,49.4,24.5
5807C008,11.9,49.9,49.4,31.2
5805C008,10.1,49.9,49.4,27.7
5804C008,10.1,49.9,49.4,27.7
2Z606E,10.5,27.4,44.3,46.4
ADSA-D25,0.14,5.9,8.9,5.8
SFYRSK/500G,0.07,2.03,10.92,15.11
PTD610BTVPZU1,3.1,,,
ST953A,1.35,25.7,40.3,10.1
IKKP200/16GB,0.05,1.24,12.95,18.42
IKKP200/8GB,0.05,1.24,12.95,18.42
IKKP200/128GB,0.05,1.24,12.95,18.42
3G652F#B19,9.8,27.8,43.8,46.6
CDE5530,19.5,15.6,133.2,81.9
CDE8630,60.8,22.5,211,122.7
CDE6530,33.3,20.8,162,94.2
CDE4330,13.8,67.2,105.6,15.6
CDE7530,48.1,109,186.3,22.5
TD2465,7.2,42.6,64.7,13.8
2Z606E#B19,10.5,27.4,44.3,46.4
C11CK67401,4.92,45.2,36.8,19
C11CK63401,6.3,43.8,38.4,29.2
C11CK66401,5.2,43.8,38.4,24.3
C11CK65401,5.2,43.8,38.4,24.3
381V1A,12.6,39.8,49.7,40.9
381L0A,9.8,33.1,43.2,38.8
SV003A,1.57,29,35.5,10.4
4M9Z7AA,0.11,30.48,21.59,2.54
STLP4000400,0.4,45.5,12,18.3
DA-70333,0.07,2,8.7,12.5
IKLP50/128GB,0.05,1.07,12.95,18.42
IKLP50/64GB,0.05,1.07,12.95,18.42
IKLP50/32GB,0.05,1.07,12.95,18.42
IKLP50/16GB,0.05,1.07,12.95,18.42
32D0811,33.7,83,85,40
VFM-VW6X4/2,15.1,13.5,56.6,58.5
DA-70322-2,0.06,2,8.55,9.35
55UH7J-H,24.2,17.5,136,83.5
IKVP50/256GB,0.04,1.3,12.95,18.42
E990079,2.7,21.5,72.5,14.5
IKVP80ES/480G,0.45,5.84,14.22,17.02
DTMC3G2/64GB,0.01,0.56,10.16,11.43
47C9593,52.5,73.5,70,83.8
W1390A,0.76,10.9,36.4,13.6
MB65-A001,65.7,28,166,107.5
CDE9830,90.3,142.5,236,28
IFP6562,48.9,101,160.7,21.5
ADS4700WZU1,3.46,24.3,39.1,32
DN-81630,0.07,90,10,2.9
DN-81631,0.07,90,10,
006R04586,0.96,32,19.5,9.5
20G07A#B19,7.8,24.5,64.5,49.9
20G06A,7.3,24.5,60,49.9
20G08A,7.8,24.5,64.5,49.9
20G07A,7.8,24.5,64.5,49.9
HS-264-8G,2.62,,,
LH43QMBEPGCXEN,13.3,15.1,109.5,67.6
98UM5J,105,27.5,244,146.8
7MD72E#B19,6.9,24.8,39.8,30.6
PH-GO360D30DBK01,2.94,21.3,44,14.6
90MB1HN0-M0EAY0,0.8,26.3,27,5.15
CGR-5ZD1B-AIR-RGB,8.1,46.8,28.5,55.7
HG65BU800EUXXU,28.3,16.4,161.2,95
63FCKATBUK,4.6,11.5,58,35.5
27GS75Q-B.AEK,8.39,18.29,69.09,49.78
4XB1N36076,0.12,14.4,17.7,5.3
55UR762H3,18.8,16.2,136,81
EAP615-Wall,0.33,49.5,38.5,21
EAP655-Wall,0.4,18.4,11.7,5.6
RTX 4080 SUPER 16G EXPERT,2.91,,,
OR600ERM1U,10.3,31.5,53,15.5
GV-N5080AERO OC-16GD,3,39.8,23,8.5
Q9H62A,1.01,22,23,7.2
J9150D,0.05,11.5,9,3.1
6N4E2E9#ABU,10.9,22.7,61.2,54.6
L0R14A,0.38,5.2,22,4.8
CF281X,3.33,19.3,39.1,32.7
CE273A,2.62,18.8,49.2,22.5
W2201X,0.64,9.2,36.4,12.1
CF237A,2.6,18,38,27
CE272A,2.62,18.8,49.2,22.5
CE260X,1.84,16.4,39,21.4
CF302A,1.55,13,58.4,19.5
OLED48C46LA.AEK,20.5,16.2,137.3,73.5
TL-MR100,0.45,16.1,29.3,6.6
2DW53AA,0.45,13.5,28.5,8.5
242Q0B,10.1,30.3,57,46.4
7KW72A#B19,20.3,39.8,49.8,49
7KW75A#B19,21.5,39.8,49.8,53.2
2Z624F#B19,15.5,39.8,49.7,49
2Z622F#B19,15.5,39.8,49.7,49
2Z623F#B19,15.5,39.8,49.7,49
W1A79A,26.7,49.7,59.7,49
4V2N0B#687,11.3,32.5,48.7,40.9
75C745K,39.8,18.8,185,112
65C745K,26.9,17.7,164.7,99.5
43UR73006LA.AEKQ,9.4,13.5,107.5,65.2
65C645K,12.5,15.2,165,99.2
22A59B#629,11,32.5,49.7,40.9
W1A78A,26.2,49.7,59.7,49
7PS99A#B19,90.8,76,85.6,166
Y0F74A#BHC,8.5,23.8,49.5,48
4ZB84A#B19,11.5,44.7,48.2,42.1
4ZB96A#B19,16.1,46.6,50.1,39.8
W1A77A#B19,26.8,49.7,59.7,49
4ZB97A#B19,17.4,46.6,50.1,44
1PV67A#B19,29.3,59.2,73.5,61.3
2Z623F#ABU,15.5,39.8,49.7,49
229W9B#629,10.4,29.8,50.6,40.8
4RA84F#ABU,23.6,49.7,59.7,49.2
499Q8F#B19,20.6,39.8,49.7,53.2
499Q6F#B19,20.6,39.8,49.7,53.2
499Q7F#B19,20.6,39.8,49.7,53.2
53N95B#687,19.5,49.5,67.7,40.8
537P6B#687,24.4,54.5,66.8,48.7
40Q47B#687,10.2,29.8,50.6,40.8
404M6B#687,14.2,37.7,49.6,48.9
404M5B#687,14.2,37.7,49.6,48.9
403X5B#687,12.1,32.5,48.7,40.9
403X8B#687,12.1,32.5,48.7,40.9
4RA83F,23.6,49.7,59.7,49.2
4U561B#687,14.8,37.7,49.6,48.9
6QN30A#B19,43.8,75.8,59.8,65.2
6GX01F#B19,12.4,37.9,49.7,40.9
P5P73EA,3.27,30.5,50.8,7.6
1102S53NL0,25,55.5,54.1,57.2
CF066A#B19,68.6,74.5,76,83.2
3QA55A,26.3,49.7,59.7,49
5HH64F,23.6,49.7,59.7,49.2
7KW72A,20.3,39.8,49.8,49
7KW75A,21.5,39.8,49.8,53.2
2Z624F,15.5,39.8,49.7,49
2Z622F,15.5,39.8,49.7,49
VCG508016TFXXPB1-O,,10.29,40.49,19.89
TS-464-8G,3.6,,,
JX936A,0.62,20.5,20.5,5.3
9VG82AA#ABU,10.5,44.4,69.5,22.5
7ZU81A#B19,31.3,50,60,59.8
SEWS150BV-A,10.8,14,205.9,15
DN-652101,0.5,7,18,22
DN-95452,1.5,140,14.5,
DN-19 ORG-42U,14.2,15,13.5,
SSM200RADV,37,26.3,263.9,20.3
SFSC203-10,17.9,21,232.3,21
DN-19 26U-6/6-DB,46,65,65,
SFL162WSF,9.73,15.2,203,18.2
C31CD54012CD-BUNDLE2,15,44,40,43
DN-19 PLINTH-8/10-N1,7.8,20,96,
E666224,32.2,18.7,131,94
DN-19 12U-6/6-EC,23.5,65,63,
DN-96332/9,3.66,31.5,51.5,
E265991,6.3,39.5,58.9,13.6
SFFS404FR10,62.1,50.5,138.5,40.7
DK-1623-A-VH-5,28,40,30,
SEWS240WSF-ATRAC,18.1,16,296.1,15.5
DN-19 PLINTH-6/10-1,8.11,19,94,
SWS240WSF10-ASR2,15.4,15,270.4,14
SFFS305FRFABRIC,5.3,38,120,11
DK-1511-P-305-1,7.65,33,33,
SWS200WSF10-ASR2,13.2,15,239.4,14
STS200,11,22,245,13
SEWS180RWSF-ATR10,13,16,227.1,15.5
SFL122P,7.9,15.2,148,18.2
SWS180WSF-ASR2,10.3,15,206.8,14
SETTS240WSF-AW10,28.4,20.8,323.4,19.7
DN-95451,3.75,160,20,
SWS240BV,15.5,16.5,270,13.5
48R31EA,,48.3,6.9,30.5
SRG24B,,13.7,4.3,11.2
DA-70841,0.11,16,22,4
CAB002BT1MBK,0.06,3.05,12.19,15.88
AK-510100-015-S,0.04,12.5,3.6,
TC 3MUSB/BL,0.12,,30,22
DN-19-KEY-4444,0.02,4.5,0.5,4.5
AK-300127-018-S,0.04,0.7,11.5,14
DN-96801S-2,0.1,,,
DN-97616,0.75,8,49,
DK-1744-VH-10,53.4,54.7,54.7,
SWS180WSF10-ASR2,10.3,15,207.4,14
SWS270WSF10,18,21.5,313.8,17
SFSC203-SB,9,15.1,140,12.5
SPPS1,3.2,15,121.7,12.5
SFSC234-10,20.3,21,263.2,21
SFSC171-10,13,21,196,21
SFL200,11.8,15.2,229.2,18.2
DN-19 26U-6/8-DB,52,85,65,
SFSC203AT,17.9,20,232.3,21
V11HA85040,4.01,38.5,32.8,16.5
SWS240-ASR2,16.3,15,270.4,14
VFM-WA6X4/3,7.7,72,28.8,7.3
DK-1741-VH-1-OD,5.75,15,32,
DK-1613-A-VH-5,27.5,50,50,
SWS270-ASR2,19.2,16.5,313.8,15.5
SETTS300WSF-AW10,38.9,20.8,393.6,19.7
SFSC300-10,24.8,21,329.6,21
SEWS180RWSF-ATR,12.8,16,227.1,15.5
DS-72211-4GE,23.4,81,70.5,19.5
SWS200WSF-ASR2,13.2,15,239.4,14
SFSC171-AT,13,20,196,21
E510259,6.3,39.5,58.9,13.6
SWS270WSF10-ASR2,19.2,16.5,313.8,15.5
SWS240WSF10,16.8,16.5,270,13.5
SALFS221WSF,15,25.7,139,20.7
DK-1615-VH-305,14.6,42,26.5,
S55U-EK,25.3,85.5,136.6,16.9
SFFS305FR10-Fabric,5.3,38,120,11
DS-72211-1US,23.4,81,70.5,
SWS240WSF-ASR2,15.4,15,270.4,14
SEWS400BS,61.9,25,475,18
SWS200BV,12.7,16.5,239,13.5
SS742A,0.98,13.7,55.1,14.3
SEWS180WSF-ATRAC,12.8,16,227.1,15.5
SEWS200WSF-ATRAC,14.5,16,259.1,15.5
SEWS270RBV-ATR,18.1,20,333,20
SOLAR400W,19.3,105.66,236.22,2.39
SFFS244FRFABRIC,4.3,38,120,11
SESC300B1610-A2,21.9,20,341.8,20
SALFS266WSF,17,25.7,165,20.7
DS-72210-2US,23.4,81,70.5,
SFFS203FRFABRIC,3.8,38,120,11
SFL200WSFP,10,15.2,229.2,18.2
SFFS365FR10-FABRIC,7.2,38,120,11
SESC200BWSF-A2,15.4,20,241.2,20
DK-1613-A-VH-305,17,39,39,
SETTS270WSF-AW10,27,21.5,354.2,21.5
DN-19 47U-8/8-1,144,85,85,
AD19-01-B-PV,29.5,72,95,38
SESC240B1610-A2,17.5,20,272.6,20
SFFS203FR10,44.5,33.5,110,32
SFFS365FR-WSF-FABRIC,7.2,38,120,11
SEWS200RWSF-ATR,14.5,16,259.1,15.5
SESC200B1610-A2,15.4,20,241.2,20
SEWS180RBV-ATR,13,16.5,227.1,15.5
SFFS305FR-WSF-Fabric,5.3,38,120,11
SFSC266AT,22.8,20,294.2,21
SSM200RADWSF-10,37,26.3,263.9,20.3
DN-19 PLINTH-8/8-1,7.84,19,75.5,
SFSC203,17.9,21,232.3,21
DN-19 PLINTH-8/12-N1,10.2,125,82,
EFSOLAR160W,7.5,6.9,74.7,47.2
710-129S-001,0.3,11.5,23,6
SEWS350BV-A,39.5,20.8,419.5,19.7
SWS180-ASR2,11.2,15,206,14
E391994,3.45,15.6,44.3,31
DN-31122,100,85,105,210.3
DN-19 22U-6/6-DB,39,65,65,117.5
SESC270B1610-A2,19.4,20,303.6,20
SEWS350BWSF-A,39.5,20.8,419.5,19.7
980-001302,8.99,42.6,36.2,27.8
SSM300RADV,56,26.3,365.7,20.3
DA-90430,18.8,25,75.4,19.7
SSM400RADV,106,36.5,465.2,28.5
SSM350RADC10,83,50,443,27
DN-19 16U-6/6-EC,27.8,83,63,81.62
SWS200B,13.2,16.5,239,13.5
SEWS200RWSF-ATR10,14.5,16,259.1,15.5
DK-1744-A-VH-10-P,66.5,53,53,
DN-96321/9,3.06,51.5,31.5,
SFFS244RPFABRIC,4.3,38,120,11
SFL122WSF,6.4,15.2,158.8,18.2
M32U-EK,13.8,19.2,99,53.6
U422-003-G2,0.03,1.27,17.78,22.86
SRW9UDP,22.2,67.49,73.02,62
SR16SHELF,7.08,52.83,48.77,20.32
N201-006-BK,0.1,1.27,17.78,22.86
N002-003-BL,0.04,1.27,22.86,17.78
N200-007-BL,0.1,1.27,20.32,17.78
N201-025-BK,0.32,1.27,25.4,20.32
N204-010-BL-DN,0.15,22.86,20.32,0.51
4POSTRAILKIT1U,1.32,53.85,5.59,5.08
N370-02M,0.03,1.27,17.78,22.86
DOCK180EUZ,1.37,22.5,8,18
HD2A,0.14,14.3,17,3.2
ST2GPEX,,14.2,17,3
N6SPAT1MGR,0.06,22,20,1
C6PATCH4BL,0.07,22,20,1.3
TC 2MUSBEXT/BL,0.08,32,22,
AK-330118-200-S,1.27,6.5,18,
DA-70853,0.05,15,10,
TC-USBC3A,0.01,12,18,
AK-300330-050-S,0.57,19,4,
DPM-HDMIF-ADA,0.02,,,
DA-90506,1.03,9,12,
AK-300117-003-S,0.04,1,10,
AK-330105-300-S,2.5,20,19,
TC 1MUSB/BL,,20,14,
AK-330118-150-S,0.96,5,18,
TC 5M3.5MMP,0.1,22,27,0.8
AK-330127-300-S,0.74,20.5,21.7,6.8
DN-97662,0.35,0.72,49,
DKT31CH2CPD3,0.15,17.2,14.3,3
DB-340100-020-S,0.03,5,7.5,23.5
AK-300102-010-S,0.03,0.7,9.2,
STKN4000400,0.34,14.6,10.5,4
DB-160144-010-S,0.04,2,6,
TC 1MDPHDMI/BL,0.07,27,22,
TC 5MUSB/BL,0.22,,30,22
DN-96803S-2,0.1,,,
TC 5MUSBEXT+/BL,0.18,,22,32
DK-2A33CU075BK-BBB,6.42,35,35,
DK-292SCA3LC-03,0.07,1,20,
LVN601SOUT,0.05,16.3,16.4,2.2
CAA004BT1MWH,0.05,0.39,12.19,15.88
TC 15MUSB+/BL,0.5,,30,22
AK-300149-010-S,0.05,13,24,
AK-300154-018-S,1.25,35,25,
DK-39121-U,0.06,100,0.8,
DB-340415-002-S,0.1,23.5,7.5,
DS-12882,1.85,22,23,
SU364A,2.02,15.5,37.3,20.5
TC 2MUSB/BL,0.87,32,22,
TC 5MUSBEXT+,0.18,32,22,
DN-97602,0.34,8,49,
TC-PUSBCEU/30,,7,16,2.5
DB-340409-001-S,0.08,2.3,7.5,
AK-300210-020-S,0.09,25,14,
DB-330300-020-S,0.32,26.5,15,
DB-330120-020-S,0.05,9.5,7.5,3.6
DN-97660,0.21,2.3,49.5,
AK-440110-012-S,0.16,4,18,18
DB-300443-010-S,0.08,5.5,23,2
GUC232A,,,15.88,21.59
TC-USB3AC/BL,0.06,6,7.7,1.7
DB-340404-001-W,0,5.5,23,2.3
LVN-CAT6A-FLEX-5M,0.05,16,27.6,3.6
DA-70852,0.05,15,10,
DB-330123-030-S,0.25,4,8,2.5
DN-81221,0.01,26,26,
DK-35081/4-U,0.13,100,0.3,
AK-300146-010-S,0.05,24,13,
LVN6020SOUT,0.13,,,
AK-340107-100-S,0.39,6,20,20
AK-440115-012-S,0.2,4,17,
TC-USBCHDMI/BL,0.04,22,17,
DB-300115-018-S,0.13,5,7.5,
920-002545,0.86,52.5,16.3,4.9
920-007907,0.72,50.6,14.2,4.1
920-007146,0.53,37,3.1,15.3
920-008230,1.24,52.6,4.9,22.1
C13S042110,3.34,54,38.3,3
E924330,5,34.6,41.4,16.9
S0721430,0.23,10.8,6.5,8.3
805358-B21,0.45,19.81,8.89,1.91
VCG5070T16TFXPB1-O,,7.2,38.2,19.4
VCG507012TFXXPB1-O,,7.2,38.2,19.4
VY249HGE,5.2,13,60.3,39.2
AK-300330-020-S,0.14,17,3,
DA-70840,0.11,22,16.1,3.6
AK-300105-018-E,0.05,1.5,11.5,
CAA002BT1MWH,0.07,3,12.25,16.04
TC 3M3.5MMP,0.11,,27,22
AK-300101-050-S,0.1,2.5,11.5,
1.500230-E,0.09,12,12,6.4
8800-00-55,0.02,5,5,10
AK-330124-020-S,0.16,17,3,15
DN-10 ORG-1U,0.25,6,27.5,
AK-300148-030-S,0.12,12,12,
920-007911,0.72,50.6,14.2,4.1
CAT6-BLK-10M,0.4,,,
DB-300136-010-S,0.14,9,9,
LVO232548-200,2,,,
AK-340102-020-W,0.09,17,14,3
AK-340106-050-S,0.44,19,4,16
AUD01UF,0.17,13.9,8.1,2.5
DB-300130-010-S,0.05,2.3,7.5,
DB-300102-018-S,0.12,10,7.5,
TC 2MUSBCA/BL,0.07,22,17,
LVN147128,0.1,,,
TC 1MCAT6/BL,0.06,22,17,
DB-330123-010-S,0.25,2,5.5,2.5
TC-HDMIVGA/BL,0.05,22,17,
LVO237930,0.21,17.5,2.9,2.9
DA-10060,0.1,4,7,3.5
CBLOUT16,0.29,4,20,8
EFMC4-3M,,11.3,14.9,5
ACU-4611-305,17.6,43,43,
DB-340407-001-W,0.13,3.5,10,2.55
AK-300210-007-S,0.03,1,11.5,
XTREAM H4,0.11,5.59,16.76,20.83
STMA2000400,0.25,4.6,11.7,15.8
AK-330107-030-S,0.17,18,17,
AKB-410UB,1.13,24.13,34.92,2.54
AK-330114-030-S,0.17,25,16,3
DB-330123-020-S,0.25,18.7,29.9,2.5
TC-MDPHDMI/BL,0.05,22,17,
DS-2CD2T66G2-4I(4MM)(C),1.6,15.6,38.6,15.5
1.102500.,0.14,,,
EDDL90DFGBLK/CM1,127.4,72,100.4,100.6
ESDL90DFPSLT/AB1,131.8,72,100.4,100.6
ESDL90DFPPCR/CM1,131.8,72,100.4,100.6
ESDL100DFPSLT/AB1,141.6,72,109.7,100.6
ESDL100DFPGBL/AB1,141.6,72,109.7,100.6
ESDL100DFPGBL/CM1,141.6,72,109.7,100.6
ESDLO110DFPGBL/CM1,149.9,72,119.9,100.6
EDDL90EIGBLK/CM1,129.3,72,100.4,100.6
ESDL90EIPGBL/CM1,131.6,100.4,72,100.6
ESDL90DFPPCR/AB1,131.8,72,100.4,100.6
ESDL90DFPGBL/CM1,131.8,72,100.4,100.6
ESDL100DFPSLT/CM1,141.6,72,109.7,100.6
ESDLO110DFPPCR/CM1,149.9,72,119.9,100.6
ESDLO110DFPSLT/CM1,149.9,72,119.9,100.6
EDDLB110EIGBLK/CM1,149.3,119.9,72,100.6
PROPL60DFFBL/C,47,64.5,68.4,92.2
ESDL90EIPSLT/CM1,131.6,100.4,72,100.6
PROPL60DFFSS/C,47,64.5,68.4,92.2
EDDLO110EIGBLK/CM1,147.8,119.9,72,100.6
CLA60DFFBL/C,47,64.5,68.4,92.2
CLA60ECBL/C,47,64.5,68.4,92.2
CLA60ECCR/C,47,64.5,68.4,92.2
RMCL2S201CM,2.7,22.5,34.5,22.3
RMCL2S201BK,2.7,22.5,34.5,22.3
RMCLDK201CM,2.6,24,25,34.3
RMCLDK201BK,2.6,24,25,34.3
RMCL4S201CM,3.9,34,34,23.3
RMCLDK201GY,2.6,24,25,34.3
RMCL4S201GY,3.9,34,34,23.3
LB007 14 LIGHT GREY,0.35,,,
LB007 14 BLACK,0.4,,,
A28PXAA,0.26,9.3,15.7,4.4
203194-01,0.16,14.9,17.5,5.5
8D3K5AA,0.7,18.5,21,11.5
218472-01,0.52,18.5,21,11.5
85R27AA,0.3,21,19,5.5
7Y8G3AA,0.19,13,10,4.2
783M6AA,0.21,14.9,17.5,5.5
80S01AA,0.25,5.6,18.5,20.7
786D2AA,0.09,27.94,20.32,2.54
772K5AA,0.33,5.5,18.3,20.9
772K4AA,0.33,20.9,18.3,5.5
767F8AA,0.22,5.6,18.5,20.7
85Q51AA,0.3,21,19,5.5
80S07AA,0.3,5.6,18.5,20.7
85S19AA,0.3,21,19,5.5
80S11AA,0.25,5.6,18.5,20.7
920P7AA,0.3,21,19,5.5
201500-02,0.15,5.5,19,17.5
SQM3642/00,1.59,4,68.5,8.5
34B2U3600C/00,15.3,18.8,93,52.5
222B9TA/00,9.3,16.1,57.5,42
24B2G5200/00,7.42,13.9,61.5,38.5
27B2G5500/00,9.77,15.9,73,44.5
27B2U6903/00,10.2,16.1,78,48
49B2U6903CH/00,19.5,30,129,47.5
32M1C5200W/00,9.97,22.7,78.2,52.3
273S1/00,10.3,19.3,73,47.1
272S1MH/00,9.62,21.5,70,45.6
27E1N5600HE/00,10.7,18.6,78,52.5
2154,0.52,13,13.7,11.5
PT630,0.66,18.4,14,6.6
PLCM-UNL-CP,14.4,9.2,117.5,19.7
ST670P,8.68,38.5,98.5,11
7251,0.06,1.2,10.8,19.5
B2616,0.08,1.2,10.6,19.5
P2664,0.07,1.2,10.8,19.5
2661,0.05,1.2,10.8,19.5
8950,0.07,,,
DMW-AC10E,0.36,8.2,22.4,6
NN-ST21QWBPQ,0,40.5,50.3,32.7
NN-DF38PBBPQ,0.01,48.6,37.1,54
NN-CT54JWBPQ,1.7,47,57,35.5
NN-CT57JMBPQ,1.7,47,57,35.5
OPP032,0.32,8.3,18.7,26.1
OPP074,0.11,4.5,10,15.5
OPP135,0.22,7.8,15,20
OPP054,0.67,8.4,10,24.5
E9PD7LD01EZ21,4.2,,,
E9PV7GA10EZ1ETH,3.9,40,34,16.8
E9PV7GA10EZ1,3.9,,,
RGOHEWL,0.3,13.4,10.3,9.2
RGOHELE,0.31,13.4,10.3,9.2
RGOSP-UKWIBL,0.55,22.8,16.9,3
RGOHELA,0.36,14,11.2,9.2
RGOHE,0.31,13.4,10.3,9.2
VHW-HWPS-C,0.07,13,7.5,3.2
URT-600B,0.02,,,
U2LAN,0.14,16.1,22.3,5.5
KT200UK,2.18,23.6,26,27
MC1001UK,8.8,32.6,52.4,39.6
AF200UK,8.2,26.5,38,31.5
TB201UK,5.3,43.2,26.7,31.76
MC1101UK,6.2,40,38,26
TB401UK,8.06,44.91,28.29,44.4
AF140UK,2,40.4,31,29.2
SL300UK,11.5,34,34,46
ES601UK,14.6,39.4,38.1,51.1
TB301UK,5.39,41.3,25.7,34.19
SFP700UK,14.7,48,46,45
SL400UK,12.2,52,33,43
ON400UK,10.1,43,43,40
OP100UK,12.5,41,54.6,37.7
NC300UK,8.9,24,47.5,46.5
KT201UK,1.85,23,22,25
CB350UK,6.35,26,38,42.7
CB100UK,2.95,15.4,30.8,35.1
BN495UK,3.7,30,22.5,29.5
BN750UK,5.5,23.5,40.5,42.6
BN650UK,4.91,31.2,26.2,46.2
AG651UK,16.1,60,46.6,37
AF400UK,11.6,42.5,52,40.7
AF180UK,6.9,32.2,42.6,35.3
Z51DXU0X0,1.3,19,26.5,35
U2ACH7AG7B,,69,66,96
Z5105X5,1.4,,,
C17FS32H0B,,69,66,54
Z861SM1,1.1,52.5,23.5,10.5
S511A50X2G,32.5,,,
Z52JCD0W0,7.8,79,40,44.5
S353ITX05G,33.6,,,
T26GKH8N0,10.9,57.8,65.1,14.1
T27CIS8N0,15.5,59.7,79.3,14.5
U1ACE2AN3B,,69,66,96
B1ACE4AG3B,,69,66,67.5
B6ACH7AN7B,,69,66,67.5
U1ACE2AG3B,,69,66,96
B1DCC0AK3B,,69,66,67.5
D75NAC1S0B,,77.5,48,38.5
D54NAC1S0B,,60,48,38.5
B6ACH7AG7B,,69,66,67.5
S153HTX02G,32.2,,,
V58NBS1L0,29.5,67.2,95,43.1
B54CR31G0B,,69,66,67.5
C24MS71G0B,37.5,,,
S187ZCX03G,48,,,
S875HKX21G,31.4,,,
S155HVX00G,36,,,
T66FHE4L0,13.5,60.8,75.3,12.6
J1ACE2HN0B,,66,69,79
Z5138X5,1.92,,,
U1ACE5HN0B,,66,69,96
T36CA50X1U,11.2,60.3,75.3,12.6
U2ACM7HH0B,,67,69,96
B3ACE4HG0B,,66,69,66
B1GCC0AN0B,,66,69,67.5
Z51DXI1X4,1.3,36.5,32.5,23
T27DS59N0,14,59.7,79.3,14.5
S187TC800E,39.5,,,
B6ACH7HH0B,,66,69,67.5
T68FUV4L0,17.4,60.3,95.3,12.6
C24MR21N0B,37.5,,,
Z92WWI1X7,1.99,45.5,35,26.5
T27BB59N0,14.5,59.7,79.3,14.5
Z51INT0X0,0.4,45,24,4
T69FUV4L0,22.5,61,108,13
B2ACH7HH0B,,66,69,67.5
T69FHV4L0,21.9,12.6,60.8,
GI7812EE0G,68.8,64,61,184
T58FHW1L0,16.3,60.8,95.3,12.6
T56FHS1L0,13.1,60.8,75.3,12.6
T58PHW1L0,,60.8,95.3,12.6
C24MR21G0B,37.5,,,
U1ACE2HG0B,,66,69,96
U2ACM7HG0B,,67,69,96
T16NBE1L,8,,,
T26DS59N0,12.3,57.8,65.1,14.1
GU7212FE0G,33.4,64,64,89
B54CR71G0B,,66,69,67
B3ACE4HN0B,,66,69,67
B1ACE4HN0B,,66,69,67.5
U1DCC0AK3B,,69,66,96
T27CIQ8N0,16.1,59.7,79.3,14.5
U2ACH7AN7B,,69,66,96
C1APG64N0B,38.8,,,
HLAWG25S3B,16.6,,,
HLAWD23N0B,18.2,,,
PRO AP242P 14M I5 14400 8GB 512GB W11P,8,24.3,64,50.8
PRO AP272P 14M I7 14700 16GB 1TB W11P,8,23.2,71.1,51.4
PRO AP242P 14M i3 14100 8GB 256GB W11P,8,24.3,64,50.8
PRO AP242P 14M i7 14700 16GB 512GB W11P,8,24.3,64,50.8
PRO AP272P 14M I5 14400 16GB 512GB W11P,8,23.2,71.1,51.4
9S7-182421-498,,11.4,48.3,37.7
S12-0402300-HH9,0.14,,,
9S7-13P411-069,1.6,8.9,45.2,31.4
9S7-14JK12-407,0.3,7.9,42.9,28.4
9S7-15FL35-001,3.2,17.3,59.8,37.7
9S7-182L72-003,4,12.2,48.4,38.6
9S7-15H431-275,2.8,7.9,46.8,30.4
9S7-15M352-006,4,8.3,56.3,35.5
9S7-182462-010,4,12.2,48.4,38.6
9S7-183K31-002,4,17.3,59.8,37.7
9S7-14S122-034,,8.6,49.3,30.6
9S7-183341-008,4,17.3,59.8,37.7
9S7-183341-006,4,17.3,59.8,37.7
9S7-182L84-005,4,11.9,46.1,37.6
9S7-182462-009,4,10.8,54.8,40.1
9S7-17S372-003,4,10.8,54.8,40.1
9S7-182421-007,4,11.4,48.3,37.7
9S7-183341-004,4,17.3,59.8,37.7
PRO AP272P 14M I7 14700 BB,8,23.2,71.1,51.4
PRO AP272P 14M i5 14400 BB,8,23.2,71.1,51.4
PRO AP242P 14M i5 14400 BB,8,24.3,64,50.8
PRO AP242P 14M I3 14100 BB,8,24.3,64,50.8
PRO AP242P 14M i7 14700 BB,8,24.3,64,50.8
9S7-158571-1819,3,9.3,48.9,31.5
9S7-16R831-2021,3,8.8,46.6,31.8
9S7-15H551-003,3,8.8,46.6,31.8
Cubi N ADL S N100 FS 4GB 128GB W11P,1.39,22,20.5,9.4
9S7-17T214-003,3,9,52.8,32.9
9S7-159621-001,3,8.8,49.9,33.3
9S7-15A211-037,,8.8,49.9,33.3
9S7-14P111-011,1.9,8.7,45.3,29.7
9S7-14N211-003,2.1,8.8,45.5,32.1
9S7-14N211-002,,8.8,45.5,32.1
9S7-13Q222-030,,8.9,45.2,31.4
9S7-13Q222-034,1.3,8.9,45.2,31.4
MAG CODEX 6 13NUC5-018UK,10.4,31.7,58.5,51
9S7-13P411-002,,8.9,45.2,31.4
9S7-183211-001,3.9,11.4,48.3,40
9S7-15F212-011,0,11.7,42,31.5
9S6-3PB70H-042,1.4,29,42.5,5.5
PRO MP161 E2,1.6,30.1,43,6.2
MAG 275CQRF QD E2,8.3,16.1,83.6,48.5
G32CQ4 E2,9,21,89.8,56.5
9S6-3PB9CH-020,3.46,11.6,55.8,36.7
9S6-3BB31H-029,4.6,14.2,60,39.6
G274F,7.2,42.8,68.8,12.8
PRO MP245PG,7,12.5,60,50.5
MPG 275CQRXF,8.3,16.1,83.6,48.5
PRO MP273QW E2,6.2,11.9,68.7,45.8
MAG 271QPX QD-OLED E2,10.3,20,81.8,52.5
MODERN MD342CQPW,11.9,24.5,94.5,51
9S6-3DD29A-031,12.3,19.5,99.5,54
9S6-3DD64T-010,12.3,19.5,99.5,54
9S6-3CE31T-016,6.1,16.5,76.5,51.5
MAG 321UP QD-OLED,,20,99,53.8
MAG 255F E20,5.13,12.5,63,41.1
PRO MP273U,6.2,11.9,69.7,45.8
MPG 271QRX QD-OLED,10.9,20,82.8,52.5
MAG 274URFW,8.8,15.8,86.2,51.5
9S6-3CE41H-003,6.25,12.7,68.3,44.8
9S6-3DD54T-007,9.6,51.3,18.5,1130
9S6-3PD7CT-008,3.8,11.5,62.5,41
9S6-3BA9CH-063,4.75,40.7,60.5,11.6
9S6-3PD6CT-005,4.7,12.6,68.8,44.8
9S6-3PB19H-263,9.1,46.4,70.2,19.5
9S6-3PD4CM-002,5.1,16,64.8,44.3
9S6-3PD5CT-007,3.5,1.1,60,40
9S6-3DC14H-061,10.9,19.8,95.9,52
9S6-3DC14H-069,10.9,19.8,95.9,52
PRO MP275PG,8.95,15,85,48
PRO MP245G,5.12,14.3,61.8,43
PRO MP275QPG,9.32,15,85,48
PRO MP242PMG,7.7,21.1,61.5,43.3
PRO MP275QPDG,10.2,15,85,50
MAG 32CQ6F,8.4,18.8,81.8,54.9
9S6-3DD04T-003,12.4,25,120,54
PRO MP341CQW,10.3,20.2,99.8,51.5
S10-43G0230-EC4,0.47,,,
FORCE GC300 W,0.47,,,
53813,3.62,40,40,20
11144040,0.01,64.8,93,12.9
12389290,40,71.1,61.7,91.1
12057080,80.6,76,66,209
KM7373FL,12.3,64.8,93,12.9
11878170,14,50,71,39
12143630,49,68.9,67.1,74.7
11390380,20,42.5,68.1,48
RFI-00004,2.68,31.4,42.8,6.8
RB2-00027,2.49,29.3,39.7,6.7
R1T-00004,2.49,29.3,39.7,6.7
QAU-00165,0.54,7.2,17.7,17.8
EP2-10058,3.29,36,29.2,12.8
920-012301,0.99,3.8,38.8,23.8
920-012503,,6.2,45,14.7
920-012334,1.24,,,
920-012072,0.74,15.4,52.3,4.5
920-012071,0.74,15.4,52.3,4.5
920-010930,1.56,13.85,17.35,5.8
920-010929,1.56,13.85,17.35,5.8
920-010927,1.56,13.85,17.35,5.8
920-010437,1.05,45.5,4.5,17.3
920-010608,0.69,31.5,14,3.8
920-010248,1.09,45.05,14.75,3.95
920-010345,1.73,49.4,5.8,25.1
910-006221,0.24,10.65,5.1,16
920-010208,1.08,24.75,2.85,29.5
920-010148,0.8,20.85,2.8,26.1
920-010108,1.73,49.4,5.8,25.1
920-009871,0.75,51,15.8,4.6
920-009196,0.86,45.5,15,3.5
920-008688,1.2,53,4.8,20
920-003157,0.6,45.4,5.08,12.38
920-006488,0.96,53.1,19.3,4.5
920-008340,0.63,23.6,3.7,28.6
920-003167,0.6,45.4,5.08,12.38
920-002504,0.76,46.83,2.86,18.42
920-003741,0.66,45.41,3.18,15.88
981-001431,,6.2,16.3,17.4
981-001436,0.51,22,22.7,6.15
981-001458,,7.2,17.4,18.4
981-001126,0.49,19.6,8.9,22.1
980-001296,1.31,21.7,12.56,24.4
980-001055,5.99,37.3,22.5,27.7
920-007157,0.53,37,3.1,15.3
980-000413,3.1,32.7,15.88,23.97
981-000978,0.52,20.9,9.1,23.1
941-000178,12.7,62.5,34.7,27
941-000187,6.73,48.1,35.7,27.8
939-002057,0.56,22.7,9.4,19.3
38386,0.54,13,24,7
20439,0.12,25.5,23.6,
38391,0.86,2,8.5,10
38228,1.08,17.9,28,7.8
38396,1.02,18.5,24.5,7.5
38397,1,18.5,24.5,7.5
73203,0.91,23,23,6.5
73413,0.08,3.15,8.1,12
73424,0.06,10,8,4.5
73416,0.93,12,8.1,4.6
73415,0.9,12,8.1,4.6
73411,0.06,10,8,4.5
38509,0.61,13.5,21.5,7.5
RE1200,33.5,71.1,51.7,91.1
RSDCI1620,40.6,71.1,61.7,91.1
FD1404,37.4,56.7,91.1,71.1
TGN14Ve04,36.8,71.1,56.7,91.1
994895151,64.6,76.7,61.5,172.7
997205951,61.9,71.1,56.7,166.4
995003051,65.5,76.7,61.5,172.7
994956951,69.3,76.7,61.5,192.7
994899751,80.8,76.7,61.5,192.7
994791551,39.5,71.1,61.7,91.1
993870351,58.8,62.2,57.2,182.9
ICSe5122,63,62.2,55.5,182.9
999212451,58,62.2,55.5,182.9
994783351,79.3,76.7,61.5,208.7
CUele2831,60.9,,,
15Z90S-G.AA78A1,2.3,29.8,47.7,6.2
16Z90T-G.AA78A1,2.2,29,47.5,6
16Z90TP-G.AA78A1,2.64,29,47.5,6
17Z90TP-G.AD88A1,2.45,6,49.9,30.7
17Z90TL-G.AU88A1,2.3,37,49.9,6
16Z90TP-K.AA78A1,2.35,29,47.5,6
16Z90TS-G.AU79A1,2.35,29,47.5,6
16Z90TS-G.AU89A1,2.35,29,47.5,6
16Z90TL-G.AU78A1,2.2,29,47.5,6
16Z90TL-G.AU75A1,2.2,29,47.5,6
14Z90T-G.AA75A1,1.95,27,43.4,6.2
15U50T-G.AA56A1,2.62,34.2,55,6.9
17Z90T-G.AA78A1,2.3,37,49.9,6
17Z90TL-G.AU78A1,2.3,37,49.9,6
17Z90T-G.AD88A1,2.3,37,49.9,6
16Z90SP-A.AA78A1,2.2,29,47.5,6
27CQ650N-6N,10.5,23.3,70.7,51.6
US90TY.DGBRLLK,22.2,26.1,134.5,57.2
65UT91006LA,34.7,20.3,160,97
55UT80006LA,19,16.2,136,81
OLED42C44LA,12.7,15.2,106,66
50QNED87T6B,20.1,17.2,121.5,81
55QNED87T6B,24.2,18.7,136,81
65QNED87T6B,33.6,20.3,160,97
55QNED80T6A,19.6,15.2,136,81
32LQ630B6LA,5.85,14.2,81.2,51
OLED48C46LA,20.5,16.2,137.3,73.5
24TQ510S-PZ.AEK,4.8,40.2,70,14.2
55UM662H4LC.AEK,18.8,16.2,136,81
US70TY.AGBRLLK,13.3,26,101.5,45.7
OLED83G45LW.AEK,56.3,25.3,205,121
55UT80006LA.AEK,19,16.2,136,81
55NANO81T6A.AEK,19.5,16.2,136,81
43UT80006LA.AEK,10.6,14.2,105.5,66
27TQ615S-PZ.AEU,5.6,16,74.8,44.7
27G850A-B.AEK,12.3,43.9,83.8,18.4
32U631A-B.AEKQ,8.8,15.9,80,59.3
27UP650K-W.AEK,9,21.2,69.4,49.6
34BA75QE-B.AEK,13.7,20.3,98.8,48.2
27U631A-B.AEKQ,5.7,14,69,45
27GX790A-B.AEK,12.5,18.3,82,53.2
40WP95CP-W,16.6,25,105,51
27MR400-B,5.3,14.3,69,44.8
27GR93U-B,8.8,49.8,69.1,18.4
32GR93U-B,11.6,53.1,96.9,16.8
27MR400-B.AEUQ,5.3,14.3,69,44.8
29WP60G-B,6.9,15.9,82.2,41.3
34WQ75C-B,11.1,17.1,96.9,49.8
28MQ780-B,13.2,24,74.5,55.7
GBP62PZNBC,90000,74.5,63.4,213.5
F4Y513WWLN1,76.5,70.5,66,89
GBF3102EEP,76.72,76.4,65.1,195.3
F4Y511WBLN1,73.8,66,66,89
F2Y709WBTN1,64.4,56.5,63,89
DB365TXS,48.9,65.4,68.3,84
DF365FMS,55.3,66.5,68,89
DB476TXS,48.9,65.4,68.3,84
DF030FL,48.2,65.6,68,87.1
GSLE81BSBC,144.7,77,96.8,189.1
GSGV80PYLL,148,77,96.8,189.1
FDT208W,47.1,64,65,89
GMB860PYDE,113.9,76.8,88.5,188.9
GMM41MSBEM,114.2,71.2,88.7,187
GBV22NCCPY,81.89,76.4,65.1,213.5
GSLV71PZTD,134,77,97.2,189.1
GBV21L0EPY,73.72,76.4,65.1,195.3
GSJC40EPPE,127.7,77,97.2,189.1
DF355FP,55.3,66.5,68,89
GSLE81EPBC,144.7,77,96.8,189.1
GSXE91BSAD,151.7,77,97.2,189.1
DF243FVS,51.3,66.5,68,89
GML861PYPE,141,76.8,88.5,188.9
GSLC40PYPE,114.7,77,97.2,189.1
F2Y508WBLN1,64.4,56.5,63,89
GBV3200DPY,82000,74.5,63.4,213.5
F4Y510WBLN1,73.8,66,66,89
F4Y510GBLN1,73.8,66,66,89
GSLV71MCTD,134,77,97.2,189.1
GSVV80PYLL,138,77,96.8,189.1
GSLV70MCTD,134,77,96.8,189.1
GSLV70PZTD,134,77,96.8,189.1
GMB844PZ4E,114,76.8,88.5,188.9
GBV3100DPY,78000,74.5,63.4,196.5
GBP62MCNAC,106000,74.5,63.4,213.5
GBB92MCABP,90,74.5,63.4,213.5
GBV5240CEP,83000,74.5,63.4,213.5
GBG5160CEV,109,76.4,65.1,195.3
GSLC41PYPE,115,77,97.2,189.1
GX41L83768,0.54,31.5,48,5
GX41K68624,0.27,27.1,36,0.58
GX41K68627,0.31,29,39,0.58
4X41L51716,0.43,0.8,38,27.5
4X41K79635,0.47,9.5,30.5,44.5
GX40Z50940,0.34,24,35,3
40AU0065IT,0.56,21,21.5,6.5
GX90T77924,0.12,9,20.1,2.5
GX40Q17225,0.54,,,
40AU0065DK,0.56,21,21.5,6.5
4X81H95637,0.1,10,24.7,3.6
4XH0X88960,0.04,,,
90VH00AFUK,11.5,,,
90UU00CXUK,16,50.2,32.5,58
GY50R91292,,19.7,12,3.3
12TD0072UK,3.2,12.8,49,25
12TD003QUK,3.2,12.8,49,25
GY41P80862,0.9,16.6,39.4,5.2
82VG00RPUK,2.45,30.7,49.9,7.6
4X31N50752,0.68,14.2,52,4.2
83HL000EUK,2.24,29.8,47.8,6.8
83GS00DLUK,4.07,35.5,54.1,8.5
90X0002GUK,11.1,52.5,27,39.5
83DA001VUK,2.24,29.8,47.8,6.8
4X31K03931,0.89,12.9,53.8,4.2
12LN001EGE,5.18,26.2,14,50
83ER0015UK,2.32,33.3,48.4,7.4
90VH004WUK,11.5,39,27,52
4XH1D20851,0.03,8.9,12.7,1.5
4Y41C68688,0.71,17.3,44.3,2.8
4Y41C68642,0.71,17.3,44.3,2.8
4Y41B69357,1.58,20.6,47.2,3.7
GY40Y57713,1.44,19.8,48.2,4.5
4Y40X49493,0.64,20.1,34.1,3.3
GY50R91293,0.15,19.7,12,3.3
4Y40R38905,0.2,,,
4X30M86882,1.08,48.5,20.5,4.2
GXD1P46879,0.42,7,25.8,23
4XD1J77352,0.05,5.6,12.2,2.5
4XD1C99223,,8.7,22.5,25.2
GXD1A03963,0.66,19.5,20,10.3
62CDGAT6EU,8.9,48,60.4,16.1
67C3GAC4EU,8.1,19.2,68.7,49.6
67C7GACBUK,,28.7,95,49.6
63DEKAT3UK,5.7,11,59.2,41.5
67AEKACBUK,4.1,58.8,11.7,36
67BDUAC6UK,7.23,14.1,59.2,42
4X21L38742,1.1,11,26.4,5.3
67B6GAC1EU,10.3,18.7,82,50
63DDKAT6EU,6.6,45.6,15.4,71.6
GX20Z46298,1.08,14.6,21.3,7.5
63DBRAT1EU,23.3,28.2,131,52.5
63D4ZAT1UK,14.8,18.7,107,52.5
63B2MAT6EU,7.3,15,59.2,42.1
66F5GAC2EU,8.4,14.2,70.6,48.2
61E6GAR2UK,7,12.7,45.2,72.3
61DDUAR6UK,1.67,27.6,40.2,6.1
GX91P83589,0.35,12.7,21.7,3.8
CSE12-BLK-3E,0.2,1.9,30.2,21.6
LVO-MPO-CLEAN,0.05,18.5,2.5,2.5
LVN126288UK,0.01,,,
LVN128084,0.02,6.8,8,12
935-PD40,0.35,17.5,13.5,8.5
KF556C40BBA-64,0.06,1.4,5.72,17.15
KF556C36BBE2A-32,0.06,1.4,5.72,17.15
KF552C40BB2A-32,0.06,1.4,5.72,17.15
KF556C36BBE2AK2-64,0.13,1.4,12.19,17.15
KF552C40BB2AK2-64,0.13,1.4,12.19,17.15
KF556C40BB2A-32,0.06,1.4,5.72,17.15
KF556C40BB2AK2-64,0.13,1.4,12.19,17.15
KF556C36BBEAK2-128,0.13,1.4,12.19,17.15
KF556C40BBAK2-128,0.13,1.4,12.19,17.15
KF560C36BBE2A-32,0.06,1.4,5.72,17.15
KF556C36BBEA-64,0.06,1.4,5.72,17.15
KF560C36BBE2AK2-64,0.13,1.4,12.19,17.15
K35201EU,1.9,12.5,26.4,15.4
K75561PN,,17.1,46.2,3.3
K63727PN,0.65,17.1,48.6,3.2
K75562PN,0.88,15.1,53.4,4.2
K75304WW,0.14,9,4.8,11.8
K75452PN,0.84,53.6,17.8,4.6
K75452UK,0.84,53.6,17.8,4.6
K63727UK,0.65,17.1,48.6,3.2
K72480WW,0.12,8.8,13.5,4.5
K72481WW,0.12,12,9,5.5
K72356EU,0.13,4.7,9,13.7
627555,0.55,53.5,32.5,
627188,0.21,0.7,26.5,36
K64704EU,0.04,,,
K64423WW,0.09,11.9,18.9,2.9
JLCDP3HS,0,5.5,7.5,9
JBLLIVE660NCBLK,0.7,22.7,20.9,8.3
2699-820-109,,22.8,18,4
4099-419-269,,5,18.5,24.9
4099-413-269,,5,18.5,24.9
4093-419-269,,5,18.5,24.9
25069-999-899,,17,5,20.2
5093-299-2169,,5,18.5,24.9
5099-299-2169,,5,18.5,24.9
4093-413-269,,5,18.5,24.9
5093-299-2269,,5,18.5,24.9
5099-299-2269,,5,18.5,24.9
5393-829-369,,19,25.5,3.5
25089-989-799,,17,5,20.2
5399-829-369,,19,25.5,3.5
25089-889-799,,17,5,20.2
25089-899-799,,17,5,20.2
5393-823-369,,19,25.5,3.5
5399-823-369,,19,25.5,3.5
25089-999-799,,17,5,20.2
9656-583-117,,14.7,19,9.3
9655-583-117,,19,14.5,9.3
9659-455-111,,10.4,23.6,17.25
9653-523-117,,14.7,19,9.5
9659-523-117,,14.7,19,9.5
100-99181000-60,0.16,4,11.05,12
20797-989-889,,20.8,11.5,4.1
14208-36,0.1,9.3,14.1,4.3
2950-79,0.19,9.4,14.2,5.3
14121-39,0.34,16,22.5,1
14208-10,0.11,9.5,7,1
14101-04,0.02,5,5,10
JCD554-N,0.57,35.8,8.83,2.8
JCD543-N,0.43,35.8,8.8,2.8
JTS427-N,1.51,31.2,23.7,6
JCD401-N,0.18,12.5,19.3,2.25
JTS327-N,1.51,31.2,23.7,6
JTS223-N,0.47,8.2,29.35,3.5
JUD380-N,0.18,12.5,19.3,22.5
JCD397-N,0.15,12.5,19.3,2.25
JVAW61-N,0.14,12.5,19.3,2.5
JVAW75-N,0.3,12.5,19.3,3.6
JVW120-N,0.42,12.4,19.3,5
JVA14-N,0.37,7.5,15.5,7
JVA11-N,0.1,9.5,14.5,2.5
JVA01-N,0.15,12.5,19.3,2.25
JVA06-N,0.42,9.5,15.5,7
JTSA302-N,4.44,51.5,24.3,12.7
JTSA301-N,2.74,46.5,20.8,10.6
JTSA102-N,4.25,51.5,24.3,12.7
JTSA101-N,2.61,46.5,20.8,10.6
JUPW3215W-N,0.26,9.5,15.5,4
JUPW3415-N,0.4,9.5,15.5,4
JUP37185W-FN,0.88,17.7,10.4,8.5
JUP25102V-N,0.36,9.5,15.5,4.3
JUP3565CV-N,0.25,9.5,14.5,4.5
JUP1565DCF3A-FN,0.22,9.49,15.49,3.98
JUP3365F-FN,0.18,9.8,12,5
JVU368-N,0.68,22.8,16.3,10.31
JUP43130F-FN,0.37,9.5,15.5,4
JUP1420-FN,0.1,9.8,12,5
GSR205,,3,14,17
IS83Q60NE,11.1,60,67,12
IN2FE13DT9SUK,44.6,66.1,64.4,88.9
INC18D011B1,52.2,60.8,58,184
KINH1261B4UK,0.06,63,58,191
IN2IE13DT70UK,37.1,66.1,64.4,85.9
IN2FE13DT9AUK,44.6,66.1,64.4,88.9
ID67G0MCW,57,65,66,92
INGF6421XP4UK,91,72.8,87.5,192.5
IAEINT66LSGR,9.89,32.9,66,34
ID5E92KMW,48.1,69,57,100
IN2FE13DT9WUK,0.04,66.1,64.4,88.9
IB55532BUK,51.5,63,58,160
I55R1112WUK,32,60.1,57.6,89.6
I55Z1112WUK,30,60.1,57.6,89.6
I48RM112WUK,22.5,88.5,49.6,88.5
IKNH1261W4UK,61,63,58,191
INK21411G4UK,66,76.5,64,185.4
IKNS1261W4UK,57.5,60,57.5,176.5
IN2ID10CS80UK,0.03,67.5,50,89
IN2IE10CS80UK,0.03,67.5,50,89
INBUF011,32.8,61.5,63.2,88
BWE91496XKVUK,75.6,65.5,64.5,89
IBTNF60182BAQUAUK,71,72.8,66.4,191.6
INBUFZ011.UK,35.8,61.5,63.2,88
BWE81496XWVUK,72,64.5,64,87
IBNF55182WUK,64000,63.2,57.8,188.2
BWE91496XWVUK,72,64.5,64,87
IBTNF60182SAQUAUK,0.07,,,
BWE101496XWVUK,77.4,65.5,64.5,89
UI6F2TW,60.9,72.5,64,173.5
BWE91496XSVUK,75.6,65.5,64.5,89
IB55532SUK,51.5,63,58,160
MTWC71485WUK,68.8,59,64.5,89
BWE81496XKVUK,69.8,65.5,64.5,89
MTWC81495WUK,72.5,65.5,64.5,89
MTWC71252WUK,65.6,59,64.5,89
MTWC81495BKUK,72.5,65.5,64.5,89
IBTNF60182WAQUAUK,71,,,
I55RM1120SUK,30,61.1,57.8,88.4
IB55532WUK,61,63,58,191
SI62S,52.89,72.5,64,173.5
IB55732BUK,61,63,58,191
THP641WIXI,8,,,
ID67G0MCX,57,65,66,92
DSIO3T224EZUKN,31.6,,,
IHVP62FLTK,0.02,43,67.4,37
ID67G0MCB,57,65,66,92
BIWMIL81485UK,68.5,59.5,64.5,89
ID67V9KMW,0.06,65,60,92
YTM1182XUK,47,67.5,65.5,87.2
OS2A1002UK2,23.3,63,57,89
OS2A200H21,30.5,72,82,89
OS2A250H21,38,76.6,104.2,96.2
ID67V9HCX,0.06,65,60,92
ID67V9KMB,57,65,60,92
I3BL626UK,37.5,67.5,62.5,91
DSFO3T224ZUKN,41.5,,,
DIO3T131FEUK,37.5,,,
DBE2B19UK,34.3,,,
D2IHL326UK,37.5,67.5,62.5,91
D2FHK26UK,43.1,67.5,62.5,91
D2FHK26SUK,43.1,67.5,62.5,91
D2IHD526UK,37.5,67.5,62.5,91
D2FHK26BUK,43.1,67.5,62.5,91
BIWMIL91485UK,68.5,59.5,64.5,89
BIWMIL71252UKN,68,59.5,64.5,89
IP252RXUK,33.8,68.5,66.9,56.1
MWI3213IX,22,45.6,68.6,45
TF1734MC-B7X,4.9,14.5,45.5,38.7
XCB3497WQSNPH-B1,14.2,,,
GCB3484WQSU-B1,13,19,98.2,49
GCB3482WQSU-B1,13.4,19,90,48
XU2793HSU-B7,5.3,12.5,68.8,46.5
XCB3497WQSNP-B1,14.1,19.8,80.7,50
XCB3494WQSU-B1,13.8,19.8,94,50
B1980S-W1,5.6,16.2,49,41.6
E1980S-B1,5.6,16.2,49,41.6
T2752MSC-B1AG,8.4,16,71,46.5
B1980S-B1,5.6,16.2,49,41.6
XUB2493HSU-B7,5.9,12.6,68.5,40.5
XUB2793HSU-B7,6.5,14.2,69.1,44.7
XU2793HS-B7,5.3,12.5,68.8,46.5
GB2745QSU-B2,7.2,44.7,69.1,14.2
GCB3280QSU-B2,11.9,22.4,81,51.8
GC2480HSU-B1,6,17.1,62.2,40.8
G2745QSU-B2,5.9,46.5,68.8,12.5
XUB2793QS-B7,7.1,14.2,69.1,44.7
XU2293HSU-B7,3.6,12.2,56.4,38
XUB2793HS-B7,6.5,44.7,69.1,14.2
XU2493HSU-B7,4.2,12.6,61.5,40.5
XUB2797HSU-B2,6.5,14.2,69.1,44.7
XUB2491H-B1,6.4,14.5,64,39
G2245HSU-B2,3.6,38,56.4,12.2
XU2793QSU-B7,5.7,12.5,68.8,46.5
XUB2797HSN-B2,8.7,13,67.9,42.7
XUB2797QSN-B2,8.7,13,67.9,42.7
XUB2797QSU-B2,8.3,13,67.9,42.7
GB2745HSU-B2,6.9,44.7,69.1,14.2
XU2793QS-B7,5.5,46.5,68.8,12.5
G2745HSU-B2,5.4,46.5,68.8,12.5
XU2491H-B1,4.7,12.7,60.7,40.1
GB2445HSU-B2,5.9,40.5,68.5,12.6
G2445HSU-B2,4.4,12.6,61.5,40.5
GB2795HSU-B1,7.5,16.8,69,43.2
XUB2497HSU-B2,6.9,12.6,68.5,40.5
XUB2793QSU-B7,7.3,14.2,69.1,44.7
XUB2293HSU-B7,5.3,12.6,62,39.5
XUB2497HSN-B2,7.4,12.6,68.5,40.5
TW1023ASC-B2P,1.36,39.8,6.8,22.3
XUB2797UHSNP-B1,9.2,13.8,68.8,46.3
G2770QSU-B6,6.1,14,69,43.2
G2770HS-B1,,43.2,69,14
GCB3481WQSU-B1,10.6,23.7,89.9,50.2
G2470HS-B1,,41.3,61,12.6
TF3215MC-B2AG,12.8,15.5,89,63
XU2293HS-B6,3.6,12.2,56.4,38
XUB2792UHSU-B6,8.7,13.8,68.8,46.3
XUB2293HS-B6,5.3,12.6,62,39.5
XUB2797QSNP-B1,8.7,13,67.9,42.7
TF3215MC-B2,13.3,15.5,89,63
GB2770QSU-B6,7.9,16.8,69,43.2
GB2770HSU-B6,7.6,16.8,69,43.2
GB2470HSU-B6,6.3,15.7,61,39.8
XUB2790QSUH-B1,8.5,16.8,69,45.7
XU2792UHSU-B6,7.1,12.4,68.8,47.3
T2755QSC-B1,7.3,13,71,46
XU2495WSU-B7,5.1,12.4,61.3,43.7
XUB2495WSU-B7,6.6,13,61.3,43.7
X3270QSU-B1,8.5,12.5,81,50.5
T1721MSC-B2,5.8,17.2,53.7,50
XU2793HS-B6,6.2,14.5,68.5,43.5
XU2463HSU-B1,6.2,14.5,68.5,43.5
XUB2492QSU-B1,3.4,38.6,56.4,12
XUB2395WSU-B5,6,,,
GB2445HSU-B1,5.9,40.5,61.5,12.6
G2745QSU-B1,5.9,12.5,68.8,46.5
GB2745QSU-B1,7.2,44.7,69.1,14.2
G2245HSU-B1,3.6,38,56.4,12.2
XUB2292HSU-B6,5.9,15.9,56,38
XU2292HSU-B6,4.5,13.1,58.1,42
XUB2492HSU-B6,,15.9,60.9,39.8
XU2492HSU-B6,4.9,13,61,41
T2238MSC-B1,8.1,15,62.5,43
XU2793HSU-B6,5.3,12.5,68.8,46.5
XU2792QSU-B6,6.2,14,69,45.5
XU2792HSU-B6,,14,69,45.5
XUB2792HSU-B6,,16.8,69,45.5
T2438MSC-B1,10,15.5,65,43
XUB2792QSU-B6,7.9,16.8,69,45.5
G2445HSU-B1,4.4,12.6,61.5,40.5
T1931SR-B1S,8,19,53,49.5
T1633MSC-B1,5.3,16.9,47.5,34.3
T1634MC-B1S,5.18,15,44.5,35.5
GB2590HSU-B5,6.4,16.2,62.7,41.1
GB2790QSU-B5,7.7,20.7,69.2,50.6
GB2470HSU-B5,6,15.7,61,39.8
TF1615MC-B1,4.3,34.3,47,14.5
XCB3494WQSN-B5,12.4,23.6,90,48
X4373UHSU-B1,19,24,107.1,76
GB2766HSU-B1,,22.8,69.2,50.5
G2766HSU-B1,,16.2,69.2,45.4
GB3271QSU-B1,14.1,22.5,79.5,50.6
TF2234MC-B7X,6.8,16,61,40.5
639N3AA,1.1,13,35.9,3.5
683L9AA,,11.5,23.2,21.7
77Z46AA,0.73,21,22.3,11.5
55038131,0.14,4.5,10,10
55038129,0.14,4.5,10,10
55038130,0.14,4.5,10,10
55020EYN,0.28,6.5,12,12
55020EYL,0.24,6.5,9,12
55020EWB,0.35,6.5,12,12
55020EWF,0.34,6.5,12,12
55020EYK,0.28,6.5,12,12
55020EWT,0.24,6.5,9,12
81S67AA,0.12,7.8,12.9,4.7
A08KHUT,0.51,5,40.5,30.5
1A217AA,0.54,9,35,31
9J4C2AA,1.17,12.5,43.5,30.8
9J4C1AA,1.57,20,32.5,49.5
3E2P1AA#ABB,0.44,6,45,31.5
MUR4894ES,25.7,46.8,49.5,87.2
MCF96EB,24,49.5,57.5,89
MCF142E,29,57.5,65.5,89
MBC55252NE,61,58.5,58.5,187.8
MCF198E,33.5,57.5,92,89
MS91547DFE,95,76.5,98.5,186.5
MUR4894E,25.7,46.8,49.5,87.2
MUZ4860EB,24,46.8,49.5,87.2
MUZ4860E,24,46.8,49.5,87.2
MS91520EB,93,72.7,97.7,189.6
MCF142EB,29,57.5,65.5,89
MC55265ES,58,58,58,186.9
MTM48120ES,31,51.5,49.5,122
MBUZ6097E,35000,57,62.8,88.8
MCF198EB,33.5,57.5,92,89
MC55251DEB,5,58,58,188.7
MTZ55153E,45.5,56.7,58,148.5
MUL4892EB,23.5,46.8,49.5,87.2
MTM48120E,31,51.5,49.5,122
MS91520DES,93,72.7,97.7,189.6
MS83430EB,86,66.9,88,188
MS83430ES,86,66.9,88,188
MQ79394ES,97.5,72.3,85.5,192.5
MQ79394EB,97.5,72.3,85.5,192.5
MC50165ES,45,58.5,52.1,150
MC55251DE,5,58,58,188.7
MC50165E,45,58.5,52.1,150
MC55251DES,5,58,58,188.7
MC55265EB,58,58,58,186.9
AUFEAR-1WH-WW1,3.8,37.5,27,14
AUFEAR-1ZW-WW1,3.8,37.5,27,14
C31CG62204P0,5.55,38.5,29.4,28.5
V11HA66840,30.8,79,71.5,33.5
B12B819291,0,5.2,17,5.2
C13S400044,0.13,19.5,11.5,1.1
C13S400036,0.6,30.5,22.2,1.3
C13S042548,0.36,15.5,11,2.5
C13S042538,0.37,30.5,21.5,1
C13S045275,4.1,93.5,10.5,10.5
C13S045274,3.55,93.5,10.7,10.7
C13S041926,0.15,15.5,10.5,1
C13S042167,0.4,16,11,3
C13S042153,0.2,15.5,11,1
C13S041742,5.14,46.5,17.5,16.5
C13S042091,2.4,61,43.5,1.5
EY1B004,1.86,11.5,40.4,28.2
E983895,4,17.8,46,32.1
E767159,2.1,22,25.6,22.3
E863808,0.72,6.8,22,18.5
E984275,6.4,27,46,39.9
E527141,0.1,3.1,18.2,10
E707378,12,31.6,64.5,50.3
E705831,8.9,34.5,49.7,48.7
E608462,9,52.9,69.7,18.8
E457278,12,31.6,64.5,50.3
E159758,10.8,26,47.7,61.7
E511419,7.1,41.8,63,13.6
E665859,31.7,18.7,131,94
ERA-LUX-WH-80,6.8,32.4,78,24
ERA-HE-SS-80,6.6,32.4,78,24
ERA-STD-80,6,32.4,78,24
ERA-STD-60,5.2,34.9,62.4,23.6
ERA-LUX-BLK-80,6.8,32.4,78,24
AQUAVITAE2-50,9.8,43.5,68,58
ERA-LUX-SS-60,5.95,34.9,62.4,23.6
ELITE14-LED-60,7.6,34.9,62.4,23.6
FOLD-BLK-60,7.4,33.4,57.2,32.3
ERA-LUX-SS-80,6.8,32.4,78,24
NT-PRIME-S-DO,34,60.5,91,32
NT-PRIME-S-RC,34,60.5,91,50.3
NT-FIT-60,21.1,60.5,80,32
NT-FIT-70,22.1,60.5,80,32
LANE-80-SS,13.3,34,77.5,38.8
LANE-60-SS,11.2,34,57.5,38.8
LANE-80-BLK,13.3,34,77.5,38.8
LANE-60-BLK,11.2,34,57.5,38.8
KIT0167757,0.01,52,78,16.5
A3D2122GT200,,,66.8,
84103,0.08,13.7,10,3.5
31-0020W,0,,18,24
31-0010GN,0,,16,22
26-0430,0,,9.6,14
31-0020G,0,,18,24
26-0420,0,,9.6,14
31-0050GN,0,,18,24
31-0030Y,0,,18,24
27-0115B,0,,12,22
31-0010W,0,,16,22
AK-460700-100-S,1.88,16.5,16,
AK-460101-040-S,0.07,1.5,15,
DK-1644-A-070/B,0.25,2.8,19,
DS-12862,1.82,21,21,12
DS-55332,0.38,17.9,12.3,4.5
DS-55506,0.63,11.3,20,7.5
DA-70466,0.17,13,7.5,
DS-55100-1,1.15,20,15,8
DN-95410-IT,1.21,9.7,51,5.8
DN-95429,0.89,9.7,51,
DN-95402-1-FR,0.98,9.7,51,9.1
DN-95418,0.7,9.7,51,
DN-95410-R,0.96,50.1,11,
AN-25183,0.07,8,9,5
DA-90431,18.8,25,75.4,
DA-90432,18.8,25,75.4,19.7
DA-90448,1.4,12,61.5,8
DN-93816,0.03,14.6,34.6,18.8
DN-95400,0.12,6,11,
DN-93606,,,8,10
DN-93603,,,5,2.3
DN-95411,0.69,12,29,
DN-95407,1.03,5,11.5,
DN-95402,1.05,6.7,50,
DN-94001-1,0.02,18,1,10
DN-94025,0.36,3,21,
MS3320W-LT-R,0.15,4.65,8.7,13.3
KM7120W-GY-PNN,1.01,17.3,51.7,5.3
520-AAWU,0.25,5.7,31,4.2
210-BFVU,15.2,,,
DELL-E2225HM,3.99,,,
DELL-E2425HSM,6.56,,,
DELL-P3225QE,12.9,,,
S2725H,7.31,,,
DELL-U2725QE,9.73,,,
DELL-P3424WE,14.8,,,
U2723QE,9.53,,,
P2423DE,7.97,,,
DELL-E2223HN,4.14,35.5,56.59,11.98
CW6Y7,7.63,,,
CC364XD,6.8,39,40,33.2
CD949A,0.1,14.3,2.8,13.2
Q7570A,2.7,19.5,49.7,33
Q7551A,1.9,16.5,38.8,24.4
C9383A,0.11,14.3,2.8,13.2
PHBS68FLTIX1,17.5,64.5,37.4,57.6
HBUF011.UK,32.8,61.5,63.2,88
HBUFZ011.UK,35.8,61.5,63.2,88
HBUL011.UK,32.8,61.5,63.2,88
TB2460BCPNE,0.01,60,67,12
HPG26583WXP4UK,116.5,78,98,191
HPG26592XP4UK,119.5,78,98,191
NSWM946WUK,75.8,67,64.5,89
HPG26573WXP4UK,128.5,78,98,189
HDM67G0CCW,0.06,65,66,92
HDM67G0CMB,57,65,66,92
HDM67G0CCB,57,65,66,92
NSWM846BSUK,70.1,67,64.5,89
HDM67V8D2CX,57,65,66,92
HDM67V92HCB,0.06,65,66,92
HP2FE10CS90SUK,41.5,67.5,50,89
HBNF55182WAQUAUK,64,,,
HTC18D011A1,52.2,60.8,58,184
HPKH1261W4UK,61,63,58,191
H7X93TWM,78,76,64,208
HP2IE10CS80UK,31.6,67.5,50,89
H55ZM1120BUK,30,63.2,57.8,88.3
HBNF55182WUK,64,63.2,57.8,188.2
NSWM946BSUK,75.8,67,64.5,89
HTSD18A011A1,52,60.8,58,184
H1NT821EOX,65,73,64,194.5
NM111048WCAUK,77.5,67,64.5,89
NSWM7469GGUK,68.7,60.5,64.5,89
NSWM7469WUK,68.7,60.5,64.5,89
HDM67G9C2CX,57,65,66,92
HDM67G9C2CW,0.06,65,66,92
HDT67I9HM2C,57,65,66,92
H2FHL626XUK,44.9,67.5,62.5,91
HD67G02CCW,78,65,66,92
PHBS67FLLIX,18.8,37.4,64.5,57.6
TS3560FCPNE,10.2,60,67,12
HDM67I9H2CB,57,66,66,92
HDM67G0C2CX,0.06,65,66,92
H5X82OSX,76,76,64,196
HSFO3T223WXUKN,41.5,,,
TS6477CCPNE,12,60,85,12
PHPN95FLMX1,13.4,43.5,98,58
H2IHD526BUK,37.5,67.5,62.5,91
HGS72SBK,0.02,56,80,17
PSLMO65FLSK,,32.9,66,48.6
HDT67V9H2CB,57,65,66,92
HDM67V9CMB,57,65,66,92
HDM67I9H2CX,0.06,66,66,92
HDM67G0CCX,57,65,66,92
HDM67V9HCX,57,65,66,92
NTM119X3EUK,46.5,69.3,65.5,87.2
HPD254CRXUK,29,62.8,65.3,50.6
MP776IXH,0.04,68.5,66.9,56.1
HPMK12CXUK,21,45.6,68.6,45
HPD254CRBUK,30.2,62.8,65.3,50.6
HCW6O7HTSXUK,45,67.3,68.4,58.4
33801927,8.2,63.3,69,9.5
34005656,65,74.7,65.5,189.7
31010473,66,56,65,89
37001598,30,57,58.3,89
34005555,29,58.8,57,88.5
34005791,77,74.8,66.3,194.4
31010808,77,72,65,89
31102493,38,62,65,89
34901597,67.8,57.3,57.3,184
32901760,327.5,67.6,64,89.6
34005556,29,58.8,57,88.5
37001596,30,57,58.3,89
32002457,47.2,67.6,64,89.6
34005209,63,74.7,65.5,189.7
31102756,44.8,62,65,89
34005481,57,59,58,182
31020225,76,72,65,89
34005663,57,59,58,182
33703854,31.9,64.6,62,66.5
34005792,77,74.8,66.3,194.4
34005790,77,74.8,66.3,194.4
34005641,65,74.7,65.5,189.7
34005794,84,74.8,66.3,214.4
34005684,100,77,97,186
34005096,67,74.7,65.5,189.7
34005089,67000,74.7,65.5,189.7
36901626,17.2,38,64.5,51
34005433,94,70.9,89.2,192
31801064,67.5,57,65,87.5
31900542,39,54,59.6,65
36901763,11.1,37,66,57
36901761,11.1,66,57,37
31800975,67.5,57,65,87.5
33802816,12.9,57,65,14.3
37001555,32000,57.5,94.5,89
36901625,17.2,38,94.5,51
34005211,71.8,74.7,65.5,204.7
32901524,41,63.1,51,88.2
31102766,44.8,62,65,89
34901653,67,59.7,58,183.2
34005666,57,59,58,182
37001556,31000,57.5,72.5,89
31102765,44.8,62,65,89
34901596,67.8,57.3,57.3,184
37001597,30,57,58.3,89
34005462,97,68,89.3,189.5
34005432,94,70.9,89.2,192
34005515,55,62.2,57.7,188.5
33803376,12,64.5,69,11.5
34005668,57,59,58,182
33802788,11.3,55.6,63.4,12.7
31800974,67.5,57,65,87.5
36901823,8.8,31.5,77.5,32
34901279,32.3,64,34,90
34901203,21.1,51,17.5,89
34005681,96,77,97.2,186.2
32901642,47,67.6,64,89.6
34005665,57,59,58,182
32901574,37,67.6,64,89.6
32002464,47.2,67.6,64,89.6
32002435,47.2,67.6,64,89.6
32002254,42,63.1,51,88.2
32002253,42,63.1,51,88.2
8P00000306,0.24,11.3,4.3,14.5
8P00000307,0.24,11.3,4.3,14.5
8P00000305,0.24,11.3,4.3,14.5
DS-2CD2387G2-LSU/SL(4MM)(C),1.19,15,17,17
DS-2CD2T87G2H-LI(4MM)(EF),1.64,15.6,38.6,15.5
DS-2CD2T47G2H-LI(2.8mm)(eF),1.64,15.6,38.6,15.5
DS-2CD2686G2-IZSU/SL(2.8-12mm)(C),2.54,19,38.5,18
DS-D4218FI-CWFH/III,9.6,19.2,79.6,48.4
DS-D4215FI-CWFH/III,9.6,19.2,79.6,48.4
321000592,47.6,25.1,170.4,107.3
DS-2CD63C5G1-IVS(1.29MM),1.21,23,26,13.5
DS-2CD2647G2HT-LIZS(2.8-12mm)(eF),1.64,19,38.6,18
DS-2CD2H46G2-IZS(2.8-12mm)(C),1.52,17,17,20.5
DS-2CD6365G1-IVS(1.16mm),1.21,23,26,13.5
DS-2CD2386G2-ISU/SL(2.8MM)(C)(BLACK),1.16,17,17,15
DS-2CD2047G2H-LIU(2.8mm)(eF),0.75,12,23.4,11.7
iDS-2CD7A26G0/P-IZHSY(2.8-12mm)(C),3.07,19,40.5,18
32901770,0.04,67.6,64,89.6
37001519,83,76.1,65.9,198.6
34004706,42.5,63.2,53.5,88
31102539,54,72.6,59.5,59.5
32002615,55.9,67.6,64,89.6
34005543,84,74.8,66.3,194.4
34004784,44,63.2,53.5,88
34005054,103,77,77.3,197.2
31019060,75,65,65,89
32901816,46.7,62.9,64,87.3
34005427,103,77,77.3,197.2
32901789,40,63.1,51,88.2
31102604,59,72.6,65.6,88.8
37900589,64,57.3,57.3,184
34004738,56,63.2,53.5,133
37001612,76,78,65.7,188
34005306,110,78,96.7,188.2
36901751,18.6,38,64.5,56
37001518,42,65.5,116.5,88.7
31020246,77,71.4,65,89
31019050,77,69.5,65.3,89
31801088,66.1,57,65,87.5
32002596,56.6,67.6,64,89.6
31900550,0.04,52.5,65,89
32901819,0.05,62.9,64,87.3
31900541,39,52.5,59.6,65
34901654,67,59.7,58,183.2
34004657,95,71.6,98,188.8
34005727,103,74.8,66.3,214.4
34901519,54.3,66.5,65.5,87
37001604,78,77.5,147,89.5
34005800,74,74.8,66.3,194.4
34901655,57,59.7,58,183.2
31019062,77,69.5,65.3,89
31019049,77,65,65,89
34901666,67.5,59.7,58,199.6
31102593,53,72.6,59.5,65.6
31019078,77,69.5,65,89
34004658,106,71.6,98,186.6
31102664,58,72.6,59.5,65.6
37001611,66,78,65.7,164
34005223,115,71.6,98,188.8
34005178,103,77,77.3,197.2
34901539,65,57.3,57.3,184
34005775,84,74.7,66.4,208
34005541,87,74.8,66.3,194.4
34005014,130,71.5,97.8,200
34005445,89,74.8,66.3,188
34005327,120,78,96.7,188.2
34005202,90,72.7,66.4,198
34005312,135,81.5,97.6,200.5
34005115,96,76.2,65.9,199.6
32901689,37,67.6,64,89.6
31102654,53,72.6,59.5,65.6
31102540,54,72.6,59.5,59.5
38900702,40,65,65,53
CHDRB-131-RW,0.38,7.5,11.2,22.6
GMK-G3PLUS-01,1.05,,,
GMK-M5PLUS-01,,18.5,18.7,10.6
GMK-M3-02,1.05,15.6,16.4,10.5
GMK-M3PLUS-01,1.05,15.6,16.4,10.5
GMK-M3-01,1.05,15.6,16.4,10.5
A4000PRO2,,15.4,10.4,3.8
BBPR16000ENT,1.97,6.35,25.4,26.16
AORUS MASTER 18 BZHC6UKD65SP,6.6,48,11.5,38
AORUS MASTER 16 BYHC5UKE65SP,5.2,42.9,10.8,33.9
FO27Q3,11.3,19,90,56
GS27FA-EK,6.91,50,74,15.6
FO32U2,13.2,19,98,58
GS32Q-EK,9.29,15,81.1,53.1
G27FC A,8.9,24.8,70,48.1
GS34WQC EK1,11.3,56.7,99.5,19.6
M27UA EK,8.6,12,86,47
AORUS FI32Q,15.2,19.8,100,58.5
MO32U EK,13.5,16.8,98,54.5
GP-P750BS-UK,2.68,20.6,25.4,11.7
M27QA ICE EK,8.09,12,86,47
GP-AE1000PM PG5 ICE,3.73,20.6,34,12
GP-AE1000PM PG5,3.72,20.6,34,12
GS27QA,7.14,50,74,15.6
GS27F,6.91,50,74,15.6
M32U AE EK,13.7,19.2,99,53.6
M32QC,11.2,19,86,55.5
M34WQ,13.5,19.8,106,52.7
NF-03,0.3,15.5,95,15
780G5AA,11.8,16,69.9,44.6
6N6E9AA,7.6,14,62.1,40
9D9S0A9,7.7,16,69.9,44.6
9D9S0A9#ABB,7.7,16,69.9,44.6
94F50AA#ABU,9,14,82.3,52.7
64X66AA,5.94,12.4,59.5,39.1
780D9AA#ABU,9.33,16.4,59.5,40.7
780F9AA#ABU,11.3,16,69.9,44.6
8J4D8A5#ABU,9.5,16.1,71.5,45.5
94F50AA#ABB,9,14,82.3,52.7
6N4D3A5#ABU,9.7,16,69.9,44.6
6N6F2A9#ABU,11,16,69.9,44.6
9E0G5E9#ABB,10.4,16,69.9,44.6
9U5J5AT,5.86,12.4,59.5,39.1
780K8AA#ABU,15.4,22.7,91.1,46.5
6N4F1AA,8.42,14,62.1,40
8J4D8UT,9.5,16.1,71.5,45.5
9D9A7A5,7.4,14,62.1,41.1
9D9A7E9,7.4,14,62.1,41.1
9D9A7E9#ABB,7.4,14,62.1,41.1
9D9V7E9,8.42,14,62.1,39.3
9E0Y9A5,11.3,16,69.9,44.6
8K135AT,10.3,16.1,71.5,45.5
8K157UT,17.4,22.6,95.2,48.5
9D9V7E9#ABB,8.42,14,62.1,39.3
9E0G9A5,9.5,14,62.1,39.3
8K167A5,18.9,22.6,106,52.7
9D9S0A5#ABU,9.2,16,69.9,44.6
671R3AA,0.5,7.5,9.7,23.7
B11W5AT#ABU,5.93,12.1,61,39.9
9VG82AT,10.5,44.4,69.5,22.5
5RD66AA,4.22,13.6,54.3,34.9
3ME68AA,6.2,14.2,65,44.6
9E0Y9A5#ABB,11.3,16,69.9,44.6
9E0G9A5#ABB,9.5,14,62.1,39.3
8J9E6AA#ABU,10.3,16.1,71.5,45.5
9E0G9UT#ABU,9.5,14,62.1,39.3
9E0G5E9#ABU,10.4,16,69.9,44.6
9E0Y9UT#ABU,11.3,16,69.9,44.6
459J3AA,9.2,19.5,59.6,41.6
9E0G5AA#ABU,10.4,16,69.9,44.6
9D9S0A5#ABB,9.2,16,69.9,44.6
9D9A7A5#ABB,7.4,14,62.1,41.1
9D9S0UT#ABB,9.2,16,69.9,44.6
9U5J5UT#ABB,5.86,12.4,59.5,39.1
8K135A5#ABB,10.3,16.1,71.5,45.5
8X530AT,7,37.3,62.5,14.2
8X530A5,7,37.3,62.5,14.2
8X534AT,7.4,,,
8J9E6A5,10.3,16.1,71.5,45.5
8J9E6AT,10.3,16.1,71.5,45.5
8X534A5,7.4,,,
8J9E6A5#ABB,10.3,16.1,71.5,45.5
8J9E6E9#ABB,10.3,16.1,71.5,45.5
8X530E9#ABB,7,37.3,62.5,14.2
8X534E9#ABB,7.4,,,
8X534A5#ABB,7.4,,,
8K135E9#ABU,10.3,16.1,71.5,45.5
8K135A5#ABU,10.3,16.1,71.5,45.5
8X534AA#ABB,7.4,,,
8K135AA#ABB,10.3,16.1,71.5,45.5
780K6AA#ABU,15.1,21.9,82.2,52.1
8X530A5#ABB,7,37.3,62.5,14.2
65P58AA,5.94,12.4,59.5,39.1
40Z29AT,12,19,69.5,48.3
40Z29AT#ABB,12,19,69.5,48.3
65P58AA#ABB,5.94,12.4,59.5,39.1
6N4D0AA#ABB,8,14,62.1,40
600Q8AA#ABB,0.53,5.33,7.5,2.2
40Z29E9#ABB,12,19,69.5,48.3
4J0P0AA#ABU,1.23,23.2,18.4,9.5
6PA50A4#ABB,11,26.9,64.6,43.8
K7B99A4,7.38,25,63.2,44
77B11AA,0.19,6.5,10,10.8
695J6AA,0.41,11,13.9,7.3
6Y7L1AA#ABB,0.26,10.6,12.4,6.3
695J6AA#ABB,0.41,11,13.9,7.3
1E7D6A6,0.52,9,31,42
CH001A,13.3,,,
Q6579A,4.35,,,
6N4C1E9,22.5,28,126.7,48.5
40Z26E9,17.7,28.1,90.5,48.1
7FP22UE,0.05,3.7,11.3,11.5
6N4C4E9#ABU,10.1,44.6,69.9,16
FLT6,0.52,22,22.5,9
UKC81721E,58,60,59,184
KBT600XE,15.7,61.5,98,42.5
KT90BLE,21.4,51.5,96.5,68
WNP96SLAAUK,79,60,65,88.5
DNP83SEUK,46,63,65,88.5
TR4110IBL2,147.2,68.2,114.2,103
TR93IBL2,115.5,67,96,101.5
TR103IBL2,1.33,67,106,101.5
TR4110BL1,147.3,68.2,114.2,103
KT110BLE,23.4,51.5,116.5,68
TR93BL,129.6,67,96,101.5
CX93IMBL,10.4,67,96,101.5
CX91IMBL,68.3,67,96,86
SIM3864MB,15.6,62,87,13
FAB28LRD5UK,85.6,86,68.5,166
FAB32RCR5UK,117,86,68.5,209
KD100HNE,28,52,106,69
KBT600VE,15.7,37.5,64.5,56
FAB32LRD5UK,117,86,68.5,209
KBTI9L4VN,32.9,84,117,57
KATE900EX,16.8,37.4,94.5,57.6
SI2741DUK,1.48,57.5,83.5,13
DUSF400B,54.6,67,64,81
FAB32RBL5UK,117,86,68.5,209
KSGT124X,11.9,47,108,42
SIM3644MB,10.7,62,70,11
KSG8P4X,12.8,36,78,44
C92GMX2,89.4,67,96,86
DI331C,43,66.5,65,89
SF6300TVX,37.9,68,64.5,67
CX61GMBL,53,67.5,67,86
SF64M3TVX,37,68,64.5,67
CX92IM,84.2,67,96,86
KD91XE3,13.9,58,97,34.5
SF64M3TB,36.5,68,64.5,67
KD61XE3,11.1,58,67,34.5
SF6400TB,36.6,68,64.5,67
DI262D,36.5,68,63.5,86.4
FAB28RCR5UK,85.6,86,68.5,166
FAB28RBL5UK,85.6,86,68.5,166
FAB28LCR5UK,85.6,86,68.5,166
FAB28LBL5UK,85.6,86,68.5,166
FAB30LBL5UK,92.4,86,68.5,181.5
FAB30RCR5UK,92400,86,68.5,181.5
FAB32LBL5UK,117,86,68.5,209
FAB32LCR5UK,117,86,68.5,209
FAB30LCR5UK,78.6,86,68.5,181.5
DI4522,31.6,68.5,49,87
DI322BQLH,44.7,67,65,85.8
A2PY-81,140.7,73.5,108,106
KI90XE,36.4,74,114,46
TR62IP2,78.9,68,67,102
KBT900XE,18,61.5,98,42.5
TR62P,80.5,68,67,102
TR62IBL2,0.08,68,67,10.2
SY93-1,121.1,67,96,101.5
PGF95-4,20.6,59,94.2,18.5
PGF75-4,15.1,60.3,81.1,16.6
KSED95NEE,16.9,43,98,58
KSED65PE,13.2,47,66,58
KD100HXE,27,50,156,64.5
SI2M7953DW,19.2,63,117,11.5
KSED95XE,16.4,43,98,58
KSED75XE,16,44,99,60
A5-81,205.1,72.5,157,105
TR62BL,80.5,68,67,102
SI1F7845B,14,60,86.8,11.8
KV28N,19.5,54.5,87,53.5
SE232TD1,5.2,10.5,57,35
DOSP6390X,66.2,67,62,95
SE264TD1,8.8,10,65,56.5
WNP96SEAUK,79,60,65,88.5
DNP92SEUK,0.04,63,65,88.5
SI2641DUK,9.8,57.5,66.5,13
PV395LN,23.6,61,110.5,17.5
PV264B,16,61,75,15
KI52E3,5.4,30.5,60.5,37
A2PYID-81,138.3,73.5,108,106
SUK92MX9-1,88.9,67,96,86
SUK92CMX9,87,67,96,86
SO6302M2X,42,68,64.5,67
SI2641D,12.7,57.5,66.5,13
SF6301TVX,37.4,68,64.5,67
SE484EMTD,12.7,62,87,13
KD90HXE,25.1,51.5,99,68
KBT700XE,18,58.5,99,41.6
CX91GMBL,67.9,67,96,86
CX93GMBL,10.4,67,96,101.5
MP322X1,26,44,64,43.5
PBF01CRUK,2.52,25.6,16.2,33.7
SMF03PGUK,11.6,25.5,41.5,46
TSF01SSUK,3.3,22.4,36.6,24.8
CGF11BLUK,4.78,,,
ECF02CRUK,6.7,41,23,42
DCF02BLUK,5.4,32.5,43.7,29.1
DCF02CRUK,5.4,32.5,43.7,29.1
KLF03RDUK,2.5,22.8,27.3,26
KLF03BLUK,2.5,22.8,27.3,26
KLF03PBUK,2.5,22.8,27.3,26
BCC13WHMUK,11.9,49.5,44.5,26.5
ECF02BLUK,6.7,41,23,42
MFF11BLUK,3,23.3,23.3,33.7
TSF03BLUK,5.5,37.5,37.5,27
KLF03CRUK,2.5,22.8,27.3,26
KLF03PGUK,2.5,22.8,27.3,26
BCC12WHMUK,,26.5,49.5,44.5
KLF03WHUK,2.5,22.8,27.3,26
TSF03WHUK,5.5,37.5,37.5,27
BCC13BLMUK,11.9,26.5,49.5,44.5
TSF01WHUK,3.3,22.4,36.6,24.8
MP422X1,25.7,44,64,43.5
FMI020X,16.5,44.5,65,40.4
S6EVW-N740,0.51,8.65,14,21.1
1.500211-E,0.06,12,12,6.2
LZ55750,2.5,60,31,37
EX975LVV1E,23,60.3,12.6,107.3
WG46H2AXGB,,69.1,65.3,87
LZ21WWJ12,5.6,45,35,27
SN73HX10VG,36.5,,,
ED851HWB1E,17,,,
ED651HSB1E,13.1,60.8,75.3,12.6
EP6A6HB20,15,,,
GI81NVEE0G,68.2,64,61,184
CM778GNB1B,40.6,,,
CS736G1B1,,70,65,52
KU21RVFE0G,33.3,64,64,89
EX975KXW1E,23,60.3,107.3,12.6
CM776G1B1B,37.8,,,
EX851HVC1E,,60.8,95.3,12.6
GS36NVIEV,77.1,66,76.5,192.5
ED811BS16E,30.6,66,94,43
EG7B5QB90,14.5,59.7,79.3,14.5
EP7A6QB90,19,,,
TF303G07,8,,,
CL120C,0.03,7.2,6.2,1.4
S821MBK,0.14,16.75,13.6,0.75
IZ380UKT,5.26,17,28,70
IZ400UK,5.32,33,48,40
BU3521UK,8.1,36.4,26.3,73.3
NV602UKT,9.25,23,31.4,83.5
EX300UK,13.6,41.6,33.5,75.4
IW4621UKT,9.43,295,367,785
NZ780UKT,9.18,9.18,22,87.3
NZ691UK,9,22,28.5,82.5
IP1251UKT,6.71,20.6,30.5,78.3
NZ691UKT,9.25,22,28.5,82.5
HZ500UKT,6.1,21,28,83.5
PX250UKT,6.51,34.3,30.2,38
CH950UKT,2,50.6,31.1,16.83
WV270UK,1.84,19.1,12.6,46.5
WV361UK,5.6,27,34,67
WV200UK,2.9,7,18.1,7.6
WV362UKT,5.16,16.5,29,66.5
PX200UK,5.15,5.15,35.3,38.8
PX200UKT,5.15,31,35.3,38.8
NZ801UKT,10.3,30,34,74
NV602UK,9,23,31.4,83.5
IZ420UKT,5.4,28.7,19.3,80.3
IZ400UKT,5.35,33,48,40
IZ202UK,5.63,33,48,40
ICZ300UK,8.96,30.5,29,81
ICZ300UKT,10.2,29.5,35.5,77
HZ500UK,7.05,19,27.8,80.2
EX150UK,10.1,33.8,37.6,75.9
EX200UK,10.3,33.8,37.6,75.9
SSM300RADWSF10,56,26.3,365.7,20.3
SEWS400BV-A,58,20.8,471.8,19.7
SSM400RADC,106,36.5,465.2,28.5
SFSC171,13,24,196,15.5
SFFS305RP,57.7,33.5,140,32
SFFS305FR,57.7,33.5,140,32
SWS180WSF,8.6,16.5,205,13.5
STS125,8,22,180,13
SSM300RADWSF,56,26.3,365.7,20.3
SFFS404FR-FABRIC,7.8,38,120,11
SFFS203RP-WSF-Fabric,3.8,38,120,11
SETTS300WSF-AW-WOVEN,38.9,20.8,393.6,19.7
SWS200WSF10,12.8,16.5,239,13.5
SWS150B,8.6,16.5,183,13.5
STS180,11,22,211,13
SETTS350WSF-AW10RP,56,20.8,442.3,19.7
SESC180B1610-A2,13.3,20,208.5,20
SWS150BV,9,16.5,180.6,13.5
STS150,9.85,22,191,13
SSM240RADWSF,41.8,26.3,294.7,20.3
SFSC400-10,24,29.5,250,18.4
SWS180WSF10,8.6,16.5,205,13.5
SFSC450,250,30.7,260,19.6
SFFS305RPFabric,5.3,38,120,11
SWS125B,8.26,16.5,157.6,13.5
SSM240RADWSF-10,41.8,26.3,294.7,20.3
SFFS404FR,62.1,50.5,138.5,40.7
SETTS240WSF-AW10RP,28.4,20.8,323.4,19.7
SETTS221WSF-ALR,30,22,310,22
SETTS200WSF-AW-WOVEN,24,20.8,292.8,19.7
SETTS240WSF-AW-WOVEN,28.4,20.8,323.4,19.7
SEWS200RBV-ATR,14.5,16,259.1,15.5
STRV102L,59,62,87,19
640-19,0.25,6,17,21
331-00,0.13,14.5,8,4.3
631-03,0.18,12.1,8,4.4
820-98,0.19,23,21,2.5
520-32,0.2,5,5,25
126-50,0.05,2,9,12
325-28,0.3,9,18.5,27.5
126-40,0.07,2.7,8.6,12
126-37,0.32,12,19,25
441-60,0.17,3,14.3,14.3
341-42,0.07,3.5,7,9
441-50,0.05,2.1,8.1,16.4
420-83,2.02,12,22,18
421-14,1.05,9,16,14
421-15,2.3,7.4,24.5,28
421-11,0.24,4,10,20
421-13,0.93,18.7,10.4,9.1
421-12,0.37,3.2,9.6,19.1
421-06,1.05,10,18,20
420-97,0.27,3.3,10.3,13.8
420-98,0.95,10.8,21.5,10.3
420-96,0.19,2,10.3,13.8
441-49,0.6,3.9,7.7,11.2
421-07,0.25,7,15,7
421-08,0.36,6,19,7
421-10,0.1,4.5,8.5,13.5
NP964XFH-XA2UK,,29.22,47.8,4.49
UE85U8020FKXXU,40.7,17.1,207.5,120
UE65U8020FKXXU,21,14.2,157.8,93
QE50Q7F2AUXXU,13.5,12.7,125.5,76.5
QE75Q7F5AUXXU,34.2,17.5,182.2,110
QE85Q7F2AUXXU,45.1,17.1,207.5,120
QE55Q7F5AUXXU,17.1,14.2,136.9,82.8
QE43Q7F2AUXXU,9.8,12.3,109.7,65
QE55QNX1DATXXU,23,15.4,139.6,82.8
QE85QNX1DATXXU,55.6,19.6,205,120.2
QE65QNX1DATXXU,30.5,16.4,160.6,93.5
QE43LS03FAUXXU,14.6,16.5,108.7,67.7
QE65QN900FTXXU,33,16.4,160,93.3
QE50QN90FATXXU,21.5,14,131.7,76.7
QE65QN90FATXXU,33.6,18.5,162.2,93.5
QE65LS03FAUXXU,32.1,19.1,161.4,95
QE55QN90FATXXU,25.5,17,144.8,82.6
QE55LS03FAUXXU,27.2,18.5,140.5,84.6
HW-B650D/XU,9.1,23.5,92.5,44.5
UE75DU8500KXXU,42.8,19,183.4,113.8
QE50LS01DAUXXU,28.8,29.9,130.1,82.7
QE65LS01DAUXXU,48.1,37.7,163.6,102.8
QE55LS01DAUXXU,34.9,30.8,140.3,89.4
QE43LS01DAUXXU,22.7,26.5,112.3,73.4
HW-Q800D/XU,18,27.2,118.2,57.6
HW-Q990D/XU,28.2,27.7,130.9,59.5
HW-Q930D/XU,23.9,27.7,118.7,58.5
UE50DU8500KXXU,16.3,13.7,124.6,77.1
UE43DU8500KXXU,12.2,12.9,109.3,67.7
UE65DU8500KXXU,28.7,16.4,161.2,95
QE55Q70DATXXU,21.1,14.8,139.9,84.6
QE32Q50AEUXXU,7.6,12,81.1,53
UE65DU7100KXXU,16.4,17.9,160.6,95
QE65QN800DTXXU,43.4,19,165,93.5
QE65QN95DATXXU,35.5,18.5,162.2,93.5
QE65Q60DAUXXU,28.3,16.4,161.2,95
UE65DU8000KXXU,28.3,16.4,161.2,95
UE50DU7100KXXU,14.2,15.4,124.8,76
UE55DU7100KXXU,16.4,15.8,138.6,82.8
UE50DU8000KXXU,15.9,13.1,124.6,76.1
UE43DU8000KXXU,11.6,12.6,109.3,66.7
QE43Q60DAUXXU,11.6,12.6,109.3,66.7
QE65S95DATXXU,39.8,17,162.5,93.5
QE48S90DAEXXU,16.5,14.3,120.2,74.8
QE65S90DATXXU,28.4,16,161.7,95
QE55Q60DAUXXU,22,14.8,139.9,84.6
QE50Q60DAUXXU,15.9,13.1,124.6,76.1
QE55LS03DAUXXU,27.2,18.5,140.5,84.6
UE24N4300AEXXU,5.4,12,74.7,41.9
VG-SCFC85SGMXC,2.84,9.8,201.6,9.7
HG50ET670UZXXU,19.3,15.2,135.7,78
HG55ET670UZXXU,22.8,15.8,146.7,84.3
LS32DM801UUXDU,10.4,48.5,92.5,13.2
LS37D702EAUXXU,11.5,60.4,92.1,18.1
LS27D402GAUXEN,5.6,48.8,65.5,10.9
LS27D300GAUXXU,4.3,40.3,71,10
LS49DG934SUXXU,18.5,47.4,135.2,24
LS22D310EAUXXU,4,37.6,56.9,11.7
LS24D310EAUXXU,4.6,42,61.7,11.7
LS22D300GAUXXU,3.1,33.4,58.5,10
LS24D300GAUXXU,3.8,36.3,63.6,10
LS22D400GAUXXU,4.5,41.6,53.2,10.9
LS27D400GAUXXU,5.6,48.8,65.5,10.9
LS32DG702EUXXU,10.1,51.7,79.6,16.6
LS27DG702EUXXU,8.9,47.8,69.5,15.9
LS27DG612SUXXU,9.5,46.4,68.4,20
LS32DG300EUXXU,8.5,53.2,82,19
LS24D366GAUXXU,4.9,16.2,61.2,39
LS24DG302EUXEN,5.6,43.9,61.8,18.4
LS27D360GAUXEN,6,17.5,68.7,44.2
LS32DG500EUXEN,9.7,51.9,79.8,16.6
LS27D360GAUXXU,6,44.2,68.7,17.5
LS32DG502EUXXU,9.7,51.9,79.8,16.6
LS32DM801UUXXU,10.4,48.5,92.5,13.2
LS32D800UAUXEN,8.9,54.6,79.8,16
LS32D800EAUXEN,8.9,54.6,79.8,16
LS27D800EAUXEN,7.9,51,68.7,16
LS55CG970NUXXU,57.1,31.7,136.2,92.2
LS34C650TAUXEN,10.5,36.7,80.7,12.5
LS24C432GAUXEN,6.8,39.2,78,15.4
LS24C312EAUXEN,4.3,38,60.7,14.7
LS22C310EAUXEN,3.7,35.2,54.6,14.6
LS22C310EAUXXU,3.7,35.2,54.6,14.6
LS27C310EAUXXU,5.6,15.5,67.8,43
LS32C390EAUXEN,9.3,24.2,80.6,54.2
RS67A8811S9,117,77.6,98,190.7
NK36N9804VB,37.6,91.5,103.4,45.3
BRB26705DWW,70,62.9,60,186.4
BRR29600EWW/EU,70,62.9,58,186
BRZ22600EWW/EU,67,62.9,54,186
NK24M3050PS/U1,9.4,29.3,65.2,51
RB53DG703CS9EU,112.5,74.5,77.5,211.6
BRB80F26ADS0EU,70,62.9,60,186.4
RB34C600ESA,69,74,63.7,193.5
RS66DG813CS9EU,125,77.6,98,191.2
RS62DG5003S9EU,,77.6,97.4,190.9
RS65DG54M3SLEU,0.12,77.6,97.4,190.9
RS68CG882ES9EU,115,77.6,98,191.2
QE75QN73FATXXU,40.3,16.4,181.5,108
MS23K3513AW/EU,13.5,42.3,55.2,32.6
QE65QN73FATXXU,28,14.8,159.7,93.3
SU408A,1.35,29.1,35.8,17.6
MC32K7055CK,23,56,60,38.2
RH60EDOEH6011SS,61,68.4,64.5,97.7
RH180FFFF551E1W,56,63.2,57.8,185.2
RH145FF501E1B,42.5,59,54,152
RH300CF201B,50,70,112,85
RH180FF541E1S,56,63.2,57.8,185.2
RH180FFFF551E1B,56,63.2,57.8,185.2
RH85UCLF552E1W,28,58.8,57,88.5
RH180FFFF551E1S,56,63.2,57.8,185.2
RH180FF541E1B,56,63.2,57.8,185.2
RH85UCFZ552E1W,26,58.8,57,88.5
RH180FFFF551E1DS,56,63.2,57.8,185.2
RHTTLF1,15.9,47.6,51.8,52.5
RH55LF143SS,42,60.5,57.5,147.3
RH55LF143B,42,60.5,57.5,147.3
RH99CF1001B,23,52,57.8,87
RH142CF2002B,26,57.8,66.5,86.5
RH60EDOIH6011SS,61,68.4,64.5,97.7
RH60EDOIH6011B,61,68.4,64.5,97.7
RH90AFF201SS,82,63,97.2,186.2
RH85UCLF552E1B,28,58.8,57,88.5
RH198CF3003B,29,57.8,85.3,86.5
RH145FF501E1W,42.5,59,54,152
RHTTF0E1B,16.6,46.5,52,50.9
RH85UCFZ552E1B,26,58.8,57,88.5
RH198CF0E1W,29.2,57.8,85.3,86.5
RH99CF0E1W,23.05,52,57.8,87
RHTTFZ1,18.35,47.5,51,52.5
RHTTF67SS,18.7,54.5,46.5,71.5
RHTTF67B,,54.5,46.5,71.5
RHMT2005B,12.7,39.6,52.3,30.9
RHEM2301S,15.2,44.9,57.9,37.7
RHM2026C,13.5,40.5,50.3,32.7
CLA60NGFCR/C,57.3,64.5,68.4,92.2
CLA60NGFBL/C,57.3,64.5,68.4,92.2
CLA60EICR/C,47,64.5,68.4,92.2
CLA60DFFCR/C,47,64.5,68.4,92.2
PROPL60ECSS/C,47,64.5,68.4,92.2
PROPL60EISS/C,47,64.5,68.4,92.2
PROPL60ECBL/C,47,64.5,68.4,92.2
PROPL60EIBL/C,47,64.5,68.4,92.2
CLA60EIBL/C,47,64.5,68.4,92.2
EDDLO110DFGBLK/CM1,149.5,72,119.9,100.6
EDDL100DFGBLK/CM1,136.9,72,109.7,100.6
WBE660S-EU0101F,2.04,23.1,37.7,9.3
ER8411,3.68,52.8,33.6,10
HL1212WVBZU1,8.11,36.3,43,47.4
8T2A8EA#ABU,9.24,40,28.7,49.9
8S9Q3EA#ABU,,6.9,55.2,34.5
2X-047G,0.33,10.2,8.5,5
2X-046G,0.42,11.9,5.9,16
2X-045G,0.28,23.9,5.9,16
2X-044G,0.44,12.4,4.2,12.9
2X-043G,0.18,12.4,4.2,12.9
2X-031G,0.36,11.9,5.9,16
2UN30AA#UUZ,0.6,17,46.5,3
2R7F4A#B19,7.6,33.1,43.2,29.1
2PASTSC-WALL-MOUNT,15.2,50.6,96.5,16.3
2MC1S-MONITOR-STAND,5.2,27.5,43.5,11
2M2-REMOVABLE-PCIE,0.5,15.1,23,4.6
2L-7D02UHX5,0.4,,,
2L-7D02UHX4,0.29,,,
2L-7D02UDX2,0.36,,,
2L-7D02H21,0.12,,,
2K-0001,1.01,70.3,11.2,8.2
2HU84AA#ABB,0.14,14.1,19.7,5.4
2HU84AA,0.14,14.1,19.7,5.4
2HU83AA#ABB,0.14,14.1,19.7,5.4
2F2L4AA,0.21,31,37,1
2F2K6AA,0.24,32.5,40,1
2F1X4AA,0.21,31,37,1
2E6V0AA,0.26,27.1,40.7,
2DW52AA,0.45,13.5,28.5,8.5
2D9J9E9#ABB,4.1,11.8,55,35.5
2D9J9E9,4.1,11.8,55,35.5
2D9J9AA#ABB,4.1,11.8,55,35.5
2D9J9AA,4.1,11.8,55,35.5
2D799AA#ABB,0.26,9.5,10,9.5
2D799AA,0.26,9.5,10,9.5
29S0600,4.9,44.8,43,18.8
27US550-W.AEK,7.3,44.7,69,16.7
27M2N5500/00,9.53,18.8,73,47.8
27M2N3500NL/00,6.88,14.1,69,42
27M2N3201A/00,9.15,18.8,73,47.8
27M2N3200A/00,9.46,18.8,73,47.8
27M2C5501/00,9.16,18.8,78.5,48
27M2C5500W/00,10.3,19,78.5,48.3
27M2C5201L/00,7.72,16.1,73,44.5
27M2C5200W/00,9.15,18.8,78.5,48
27GS85Q-B.AEK,8.6,18.4,69.1,49.8
27GS60QC-B.AEKQ,6.3,16,68.5,43.5
27GS50F-B.AEKQ,5.9,15.6,77.6,43.5
27E1N1900AE/00,8.68,16,78,44.7
27BA850-B.AEK,10.8,54.7,72.1,18.9
27BA750-B.AEK,10.7,54.7,72.1,18.9
27BA650-B.AEK,10.7,54.7,72.1,18.9
27BA450-B.AEKQ,8.55,48.8,73.9,16.5
27B2G5601/00,10.3,15.9,73,44.5
27B2G5200/00,9.46,15.9,73,44.5
27B1U5601H/00,10.9,19.3,73,47.1
27B1U3900/00,10.1,19.3,73,47.1
27B1N3800/00,9.28,21.5,70,45.6
276B1/00,10.9,19.3,73,47.1
2769A-PRIVACY-SCREEN,1.3,71.3,43.9,4
275V8LA/00,6.45,14.1,73,45.3
275B1H/00,9.7,21.5,70,45.6
272S1M/00,9.45,21.5,70,45.6
26699-999-899,,4.55,22.5,11.2
265D9A6,0.08,8.05,,
265A9A6,0.08,8.05,,
2602A001,0.23,,,
25119,0.65,15.5,16.5,4.5
25039,0.04,4.5,11.5,2
24WF2F53DB,,14.9,70.4,46.1
24MS550-B.AEK,4.5,17.5,60.7,40.4
24M2N3201A/00,7.38,18.8,73,42
24M2N3200A/00,5.75,16.4,60,52.6
24GS50F-B.AEKQ,5.3,15.6,71,40
24E1N1100A/00,4.68,12.4,61,37
24BA850-B.AEK,8.4,49.1,61.3,18.4
24BA750-B.AEK,8.3,49.1,61.3,18.4
24BA650-B.AEK,8.3,49.1,61.3,18.4
24B2G5301/00,7.84,13.9,61.5,38.5
24B1U5301H/00,8.32,19.8,60,40.6
2461A-PRIVACY-SCREEN,1.1,60.2,38.9,4
2461-ANTI-BLUE-LIGHT,0.35,37,57.7,0.4
243V7QDSB/00,4.82,11.5,58.8,46.5
242S9JML/00,7.15,13.9,73,42
242S1AE/00,7.91,18,62.5,43.5
242B1H/00,7.66,19.8,73,46.5
241E1SC/00,4.97,15.4,59.5,47.5
24189-999-899,,5.5,18.85,21.7
24189-889-889,,5.5,18.85,21.7
238A-PRIVACY-SCREEN,1.1,60.2,38.9,4
235N8AA#ABB,0.16,9.5,15.5,3.7
23189-999-979,,17,21.3,4
23189-989-979,,17,21.3,4
222S9JML/00,6.73,14.1,69,42
222S1AE/00,7.11,38,56.5,18.4
2201-52889-001,0.3,21,19,5.5
21Y56AA#ABB,16.7,22.5,95,48
2163,0.52,13,13.7,11.5
216065-02,0.19,13,10,4.2
214011-101,0.26,5.6,18.5,20.7
210-AXMB,8.6,13.99,72.31,42.7
210-AWLE,7.3,60.8,16.7,42
20X24AA,0.91,41.9,7.62,18.7
20N20Y0,0.86,40,12.5,12.5
20N20M0,0.86,40,12.5,12.5
20G06A#B19,7.3,24.5,60,49.9
20G05A#B19,7.3,24.5,60,49.9
20797-999-989,,20.8,11.5,4.1
20797-999-899,,13.7,11.5,4.1
20797-999-889,,20.8,11.5,4.1
201F8AA,0.26,18.4,23.2,3.9
2010377 - KTO,0.35,1,3.94,2.41
2010377,0.12,24.9,5.2,5.2
2010376 - KTO,0.35,1,3.94,2.41
2010376,0.12,24.9,5.2,5.1
2010365 - KTO,0.53,1,3.94,2.41
2010365,0.18,23.7,33,0.2
2010364 - KTO,2.1,43.7,56.4,2.1
2010364,0.17,23.8,33.1,0.25
2010363 - KTO,0.53,1,3.94,2.41
2010363,0.18,23.7,33,0.2
2010362 - KTO,0.53,1,3.94,2.41
2010362,0.16,33.1,23.9,0.7
2010361 - KTO,0.52,1,3.94,2.41
2010351 - KTO,0.6,51.6,33,1.5
2010351,0.13,23.8,33.1,0.25
2007711 - KTO,0.36,1,3.57,3.31
2007696 - KTO,0.28,1,3.94,2.41
2007472,0.81,19.2,15.2,9.4
1Y4D0UT#ABU,0.84,22,45.6,4.4
1Y4D0UT#ABB,0.84,22,45.6,4.4
1PV88A#B19,22.6,49.7,67.1,46.5
1P6FFCN-USB-SERIAL,0.1,22,0.1,20
1P6FFC-USB-SERIAL,0.1,0.1,22,20
1MP1ACG-MONITOR-ARM,3.8,13.6,29,46.2
1MFSW-MONITOR-RISER,2.6,28.4,64.7,5.9
1JS09A4R,7.2,42,62.5,27.3
1GF030APC1L04,0.2,11.2,7.14,6.5
1GF026GPG3L02,0.19,13.9,7.4,5.9
1GF026GPF1L02,0.19,13.9,7.4,5.9
1GF025FPC2L02,0.18,13.9,7.4,5.9
1E7D7A6,0.3,28.5,6,40
1D0K9AA,0.39,11.8,16.4,7.38
1C1Y5AA,0.2,8,18.9,4.4
1B065AT#ABB,1.54,6.1,40.5,28.4
1B065AT,1.54,6.1,40.5,28.4
1B065AA,1.54,6.1,40.5,28.4
1B-USB-C-SDE-ADAPTER,0.06,17,14.2,3
1B-USB-C-CFE-ADAPTER,0.1,10,17,3
1AHC-DESK-ARM-REST,1.2,28,12.5,14.5
1A9C9AA#ABU,9.2,14.9,65.5,40
1A9C9AA#ABB,9.2,14.9,65.5,40
1A217AA#ABB,0.54,9,35,31
1A216AA#ABB,0.54,9,35,31
19U64AA#ABB,0.14,8,11,5
1950-79,0.19,9.4,14.2,5.3
19.99.2095,0.08,,,
1734002,0.96,18.75,18.75,8.6
16Z90S-G.AA78A1,2.2,29,47.5,6
16Z90S-G.AA58A1,2.2,29,47.5,6
16LT6-PRIVACY-SCREEN,0.25,33,46.3,0.4
16B1P3302D/00,2.08,10.3,40.4,28.1
16B1P3302/00,1.99,10.3,40,28.1
169L0AA#ABB,10.4,41.1,59.6,22.5
169H9AA,0.25,13.9,6.5,8.9
160W-POWER-ADAPTER,0.35,9,16,20
1600A005B0,0.46,15.2,15.8,9.5
15MAM-PRIVACY-SCREEN,0.21,24.5,39,0.4
155UE-USB4-DOCK,1.3,23,14.5,8.9
154B-USBC-MULTIPORT,0.12,14.2,17,3
1517-49585-122,0.02,10,13.5,1
14LT6-PRIVACY-SCREEN,0.21,24.5,38.9,0.4
14L-PRIVACY-SCREEN,0.16,26,38.5,0.5
146B-USBC-HDMI4K-AOC,,23.4,22.4,3.9
145B-USBC-HDMI4K-AOC,0.43,23.4,22.4,3.9
14207-60,,15.5,15.5,5.5
14121-41,0.1,9.5,9,1
14121-40,0.03,16,22.5,1
14101-73,0.08,16,22.5,1
14101-61,0.08,16,22.5,1
14101-51,0.01,8.9,11.4,1
14101-37,0.11,8.75,22.2,14.8
13MAM-PRIVACY-SCREEN,0.19,24.5,39,0.4
137243,0.72,14.2,16.2,24.6
136-65,0.11,2.1,8.1,16.4
136-61,0.35,7.4,16,4.3
136-59,0.08,2,8,16.3
136-56,0.07,2,8,16.3
136-54,0.09,2,8,16.3
136-48,0.08,2,8,16.3
136-45,0.15,1.8,7.3,19
136-31,0.38,3.5,11.5,34
134-43,0.13,4.5,9.1,10.8
134-42,0.08,2,10,20
134-38,0.25,5.5,12,14
133-91,0.04,1.7,8.7,14.2
133-88,0.11,4.6,11.7,17.8
1308166,,15,21.7,5.2
1308165,,15,21.7,5.2
1308163,,15,21.7,5.2
1308152,,20.7,17.7,5.3
1308151,,20.7,17.7,5.3
1308047,,6.3,17,19.5
1308043,,6.3,17,19.5
1308041,,20.6,25.6,12
1308040,,20.6,25.6,12
1308023,,19.5,17,6.3
1308020,,6,17,19.5
1308010,,6,17,19.5
1308009,,18.1,20.1,11.2
1308008,,25.5,20.4,13.5
1308007,,25.5,20.4,13.5
1308006,,20.3,26,11.2
1308005,,20.3,26,11.2
1308004,,18.1,20.1,11.2
1304026,,8.2,19,4.8
12U80003UK,7.6,39.5,19.5,53
12SD0008UK,9.55,22.9,67,55.3
12SB0010UK,10.9,22.9,76.6,57
12SB0004UK,10.9,22.9,76.6,57
12NBGAT1UK,9.5,18.7,62,42
12NBGAT1EU,9.5,18.7,62,42
12NAGAT1EU,9.5,18.7,62,42
12N8GAT1UK,8.1,17.6,56.8,42.2
12K00017UK,10.7,26.4,65.8,57
126-38,0.14,6,12,14
126-12,0.18,4,16,20
1208709,,7.93,13.45,4.5
1208654,,11,28.8,6.5
1208652,,7.93,13.45,4.5
1208651,,7.93,13.45,4.5
1208629,,9.6,27.4,26.1
1208621,,5.3,19.4,20.7
1208601,3.9,5.3,19.4,20.7
116U-USBC-DOCK,1.1,25,20.5,5
116R00015,0.7,53.9,12.6,11.4
115X955K,171.4,179.3,283,28.5
112AU301-A72,5.34,22,27.6,62.4
1110C-MOBILE-TV-CART,41.6,56.5,118.6,22.5
110C253NL0,28,57.1,59.6,45.9
110C243NL0,28,57.1,59.6,45.9
110C233NL0,33,57.1,59.6,59.9
110C223NL0,33,57.1,59.6,59.9
110C153NL0,18,50,51.6,40
110C143NL0,24,54.1,55.5,57.2
110C0Y3NL0,18.5,49.4,54.9,42
110C0W3NL0,20,49.4,54.9,43.8
110C0T3NL0,20,51.7,54.9,45.5
110C0H3NL0,28,57.1,59.6,45.9
110C0G3NL0,28,57.1,59.6,45.9
110C0C3NL0,27,56.7,59.2,46
1102YJ3NL0,40,56.7,70.2,56.1
1102Y43NL0,26,54.2,58.1,46
1102S03NL0,25,55.5,54.1,57.2
10G2A1C25EPD-USB-HUB,0.13,14.2,17,3
10F-DP-HDMI-4K60-HDR,0.15,20,17,1
108R00971,1.32,43.18,15.87,13.97
106R03897,0.28,9.4,20.32,10.16
106R02321,0.8,15,35,24
10312,0.07,,,
10000836001,,58,57,63
100-99160901-99,,3.5,11.2,11.3
1-040083-900,0.3,11.5,23,6
28C02A#BHC,10.7,28.4,48.4,41
28B75A#BHC,10.7,28.4,48.4,41
242Q0B#629,10.1,30.3,57,46.4
1PV65A#B19,29.2,59.2,73.5,61.3
110C0D3NL0,33,57.1,59.6,59.9
GV-N5090AORUSM ICE-32GD,3,45.3,24.5,16
90LM0A50-B01370,13.5,23.8,86.8,51.4
V812-023R,0.53,,,
V532-019R,1.71,,,
GV-N5060WF2OC-8GD,0.81,29.5,21.05,5
GV-N506TWF2OC-8GD,0.85,29.5,21.05,5
GV-N506TAERO OC-8GD,1.29,35.4,18.25,7.5
GV-R9070GAMING OC-16GD,1.88,48.8,47,8.5
GV-R9070XTGAMING OC-16GD,1.88,48.8,47,42.5
GV-R9070XTAORUS E-16GD,2.34,49.8,25.5,46.8
GV-N507TGAMING OC-16GD,3,42.7,26.4,10.5
GV-N5090AORUS M-32GD,3,52,34.5,49
GV-N507TEAGLE OC-16GD,3,39.8,23,8.5
GV-N5090GAMING OC-32GD,3,42.7,26.4,10.5
90DC00J0-B09010,19.5,67,37,73.5
90YV0MP2-M0NA00,1.12,21.9,36.4,6.7
90YV0N12-M0NA00,1.11,22,36.8,6.8
90RC0131-M0EAY0,4,18.5,42.5,18
90YV0MP0-M0NA00,1.49,23.3,40.5,8.85
90YV0L71-M0NA00,1.75,23.3,40.5,8.85
90YV0L70-M0NA00,2.56,22.6,42,12.6
90YV0M10-M0NA00,1.67,23.3,40.5,8.85
90YV0LZ0-M0NA00,2.33,22.6,42,8.7
90YV0MF1-M0NA00,1.82,8.85,40.5,23.3
90YV0M30-M0NA00,3.01,26.6,42.59,9.9
RPC2UBL,6,,,
RTX 3050 VENTUS 2X XS WHITE 8G OC,0.77,,,
RWM07U56BL,21.1,62,64,42
RWM09U56BL,22.5,62,64,52
RWMIP66W07U66W,26.5,62,66,45
RWP07U45BL,17.5,52,64,42
RWP12U45BL,24,52,64,65
RWP16U45WH,29.5,52,64,82
RWSLMBL,8.35,50,55,18
S0718100,0.04,8.5,3.4,11.1
S0721800,0.07,9.4,5.7,14.6
S0784460,0.8,9.7,22.2,20.3
S0784470,0.8,9.7,22.2,20.3
S0841400,2.4,12,37.5,33
S0929000,3.2,34,15,29.2
S0929080,0.39,23.5,17.5,6.8
S0968950,5.3,40,25.6,28.9
S12-4300080-C54,0.36,,,
S3422DWG,14.9,95,46.81,22.5
S5G16AINDS-USB-A-HUB,1.8,36.8,27.3,9.8
SD-L2000-BL,3.65,46.4,21.4,11
SD-L2000-CH,3.67,43.6,21.6,11.2
SD-L2000-PB,3.7,44.4,11,21.6
SD-L2000-SN,3.87,43.6,21.6,11.4
SD-L2000-WH,3.67,43.8,21.4,11.2
SDDD3-256G-G46,0.02,1.17,10.16,15.24
SDM27Q10SB.CEI,11,19,72,54
SDM27U9M2B.CEI,10,22.4,71.6,53.2
SDPH34H-080T-MBAAB,,34.6,29.5,34.6
SDR2/128GB,0.01,0.56,10.16,11.43
SDR2/256GB,0.01,0.56,10.16,11.43
SDR2/32GB,0.01,0.56,10.16,11.43
SDR2/64GB,0.01,0.56,10.16,11.43
SDR2V6/128GB,0.01,0.56,10.16,11.43
SDR2V6/1TB,0.01,0.56,10.16,11.43
SDSDUNC-256G-GN6IN,0.05,8,4,6.9
SELENE01B,0.03,8.55,13,2
SFP-10GB-BX-U-STA-ST,,11.5,9,3.1
SFP10GBBXUST,0.05,11.5,9,3
SFYRDK/2000G,0.07,2.03,10.92,15.11
SFYRDK/4000G,0.07,2.03,10.92,15.11
SFYRSK/1000G,0.07,2.03,10.92,15.11
SHP2500/10,0.4,21.2,20.2,10.8
SI7160BL,0.2,32.5,15,16
SMDOS2LCLC20M,0.15,22,20,1.5
SMDOS2LCLC2M,0.02,22,20,0.3
SMLCSC-OS2-10M,0.08,22,20,0.3
SMTL2200RMI2UC,49.7,60,98,25.4
SNANOC4D-LAPTOP-LOCK,0.1,5.4,2,1.6
SNBLC4D-LAPTOP-LOCK,0.1,5.3,2,1.6
SNBLK-LAPTOP-LOCK,0.1,3.3,1.6,2.1
SNV3S/4000G,0.03,0.84,12.95,18.42
SPDIF2AA,0.37,17,12,5.8
SPSMLCLC-OS2-1M,0.01,20,22,0.1
SPSMLCLC-OS2-3M,0.02,20,22,0.2
SPSMLCLC-OS2-5M,0.03,20,22,0.2
SPSMLCSC-OS2-1M,0.01,20,22,0.1
SPSMLCSC-OS2-2M,0.02,20,22,0.2
SPSMLCSC-OS2-5M,,20,22,0.2
SRCOOLNETLX,1,17.81,16.1,10.21
SRSLS1B.CE7,0.94,9.65,9.4,20.55
SRSLS1H.CE7,0.94,9.65,9.4,20.55
SRSULT30B.CE7,3.95,16.1,35.6,17.9
SRSULT30H.CE7,3.95,16.1,35.6,17.9
SRSULT30W.CE7,1.67,11.4,28.6,15.5
SRSULT50B.CE7,1.67,11.4,28.6,15.5
SRSULT50W.CE7,1.67,11.4,28.6,15.5
SRT6KRMXLIM,,96,61,37
SRTL5KRM2UI,38.5,98.4,58.5,39.2
SS664A,3.25,18.1,60.3,15
ST-AKIC-S,0.52,36.1,22.8,0.7
ST1000SPEX2LT,0.1,17,14.2,3
ST1000SPEX2T,0.1,17,14.2,3
ST1000SPEXD4T,0.11,17,14.2,3
ST303020,0.09,7,11,4
ST994A,0.8,18.1,38.7,7.9
STHS8000800,3.3,14.3,30.2,24
STKX5000403,0.39,4.5,13.75,18.65
STKY2000401,0.23,3.75,10.6,14.6
STKY2000402,0.23,14.6,10.6,3.75
STKZ5000400,0.36,4.5,10.6,14.6
STN-WM55RXEN,41.5,20.8,165,86
STRONGHOLD WHITE,,49.5,26.5,49
SV-OC-1A-W,0,12.2,13.4,16.4
SV231DPUCA,1,23.8,18.4,8.9
SXS1000/1000G,0.06,2.41,8.25,12.32
SXS1000/2000G,0.06,2.41,8.25,12.32
SXS1000R/1000G,0.06,2.41,8.25,12.32
SXS1000R/2000G,0.06,2.41,8.25,12.32
SXS2000/1000G,0.12,4.14,11.12,15.11
SXS2000/2000G,0.12,4.14,11.12,15.11
SXS2000/4000G,0.12,4.14,11.12,15.11
SXS2000/500G,0.12,4.14,11.12,15.11
SYBTU2-PLP,0.18,81,2700,15
CNG5785VPS,0,90,76,195
CNG4692S,77,76.2,66.1,198.7
CNB3G4686DVW,75,76.2,66.1,193.2
CN9950-AT-E,1.67,32.5,9.8,21
CN9600-AT-E,1.61,32.5,9.8,21
CN9000-AT-E,1.68,32.5,9.8,21
CN621AE,0.21,2.87,24.17,7.16
CN059AE,0.05,2.8,12.1,14.5
CMG7241B1B,37.6,,,
CMA583MS0B,39.1,,,
CM8070104290716,,11.6,7,10.1
CM8070104290715,,11.6,7,10.1
CLT-M809S,0.97,13.5,54.7,14.2
CL5716MW-ATA-EE,16.2,83.3,66.8,13.5
CK1000,0.11,,,
CHDHX-131-RW,0.38,7.5,11.2,22.6
CHA24,0.8,21.5,21.5,5.5
CHA12,0.52,25,26,2
CH025A,11,,,
CH024A,16.7,,,
CH022A,6.3,,,
CH010A,10.4,,,
CGR-5ZD1W-RGB,8.1,48.8,28.7,57.3
CGR-5ZD1B-RGB,8.1,48.8,28.7,57.3
CGR-5C78W-RGB,9.29,55.5,29.1,53.5
CGR-5C78B-RGB,9.29,55.5,29.1,53.5
CGR-58M6W,16.4,60.4,34.5,59.5
CG935A,18.1,,,
CG497A,8.2,,,
CFWC624SS,50,62.5,66,88
CFWC624BL,50,62.5,66,88
CFWC604SS,51,62.5,66,88
CFWC604BL,51.5,62.5,66,88
CFWC304SS,29.9,63.5,33,85.5
CFWC304BL,30.3,62.5,33,85.5
CFG4582S,61,63,58,191
CFG4582DW,61,63,58,191
CFG4582DS,61,63,58,191
CFG4582B,61,63,58,191
CFG4552W,52,63,58,160
CFG4552S,52,63,58,160
CFD600MB,54.4,71.5,63,97.5
CFC6100MB,54.5,71.5,63,97.5
CF4586W,33.9,61.5,56.5,88.8
CF41286W,45.8,74.2,135,91
CF404A,6.7,49.7,28.4,58.3
CF358A,3.9,16.8,60.3,32.7
CF323A,1.84,16.4,39,21.4
CEP5304X,5.13,19,39.5,35.5
CEP5302B,4.55,19,39.5,35.5
CEG732XB1B,30,,,
CEG7304X,12.9,32.3,48.8,40.6
CEG7302B,11.8,49.7,33.1,41.8
CE978A,3.5,24.7,59.6,23.5
CE920-ATA-E,2.18,32.5,9.8,21
CE840-AT-E,2.98,54,13.1,23.3
CE820R-ATA-E,1.08,28.2,10,17.3
CE712A#B19,43,70.2,71.8,47.8
CE410L,0.09,10.9,38.5,12.5
CDSW-MPXP,5.7,29.6,36.6,35.2
CDP2MDPMM6B,0.05,22,1.2,0.8
CDP2MDPMM1MB,0.03,22,20,1.2
CDP2HD1MWNL,0.05,106,2,1
CDI6121,31.3,66.1,64.4,85.1
CDCW-SSXS,12.9,32.1,55.6,57.8
CDCW-SSXA,13,32.1,55.6,57.8
CDCW-CSXS,5.5,255,395,435
CD8069504439102,,11.6,4.4,10.1
CD8069504382000,0.09,11.6,4.4,10.1
CD8069504194101,0.2,13.7,4.3,11.2
CD8069504193301,0.2,13.7,4.3,11.2
CD8067303406200,0.2,13.7,4.3,11.2
CD8067303330302,0.2,13.7,4.3,11.2
CCG60BL,12.5,36.5,66.5,40.5
CC-01-W-S,0.25,5.7,,21.6
CBMMCTTOOL,0.62,13.2,21.5,4.6
CB389A,,,49.99,23.7
CAM520PRO3,3.8,26.4,51.8,28.4
CALB-DESK-CABLE-TRAY,2.6,12.5,76,6
CAA002BT2MWH,0.12,3.05,12.16,15.88
C9722A,1.9,14.7,39,24.7
80S04AA,,5.6,18.5,20.7
805T2AA#BCM,0.58,17.3,44.1,3.2
80354-01,0.3,21,19,5.5
8002174-KTO,4.39,2.73,2.48,1.87
8002174,3.62,25.8,19.5,29.6
7ZU87A#B19,45.2,60,75.5,65
7ZU81A,31.3,50,60,59.8
7S4M7AA,0.25,5.6,18.5,20.7
7PS98A#B19,78.4,76,85.6,151
7N7C0AA#ABU,0.88,16.27,42.6,2.95
7N7C0AA#ABB,0.88,16.27,42.6,2.95
7N7B9AA#ABU,0.85,16.27,42.6,2.95
7MD66F#B19,4.8,19.8,37.8,22.2
7M1D5AA,0.09,4.6,10.8,12.7
7M1D3AA#ABB,0.09,5,8,12
7M1D3AA,0.09,5,8,12
7KX12AA#ABB,0.14,13.9,19.8,5.3
7KX12AA,0.14,13.9,19.8,5.3
7KW56A,19.5,39.8,49.7,46.6
7K0E2AA,0.64,16.5,30.5,43
7J087AA-16GB,,48.3,6.9,30.5
7J087AA#ABU,,48.3,6.9,30.5
7HC43AA#ABB,0.65,11.8,22.3,25.5
7DF07EA#ABU,,44.9,6.9,30.5
7DB37AA,1.2,6.8,18,27.5
78C2XYE,0.26,10.2,14.1,7.2
78C2XME,0.26,10.2,14.1,7.2
78C20CE,0.2,10.2,14.1,7.2
78C0U40,1.89,19.6,49.8,22.3
78C0U30,2,19.6,49.8,22.3
783R4AA,0.17,3.2,19,17.5
783R2AA,0.18,5.5,19,17.5
780H4E9#ABB,10.4,16,69.9,44.6
780H4E9,10.4,16,69.9,44.6
780H4AA#ABB,10.4,16,69.9,44.6
780H4AA,10.4,16,69.9,44.6
780D9E9,9.33,16.4,59.5,40.7
77Z32AA,0.62,15.8,21,18.8
77Z00AA,0.64,18.8,21,11.5
77Y98AA,0.32,5.5,18.6,21
77Y97AA,0.32,16.2,18.6,21
77Y90AA,0.71,17.6,21,19
77Y89AA,0.71,19,21,11.5
77Y88AA,0.71,17.6,21,19
77Y87AA,0.71,19,21,11.5
77L20Y0,0.83,14,58.5,15
77L20M0,0.83,14,58.5,15
77L20K0,0.83,14,58.5,15
77B10AA#ABB,0.19,6.7,10.2,11.2
76U46AA,0.71,17.6,21,19
76C0HK0,0.83,49,8,8
76C00M0,0.53,49,8,8
762U0AA,4.19,35,48.2,11.5
75UT91006LA.AEK,52.4,22.8,182,120.5
75UT80006LA.AEK,40.7,20,182,111.5
75UR762H3,40.3,20,182,111.5
75M2XY0,0.43,18.53,11.7,9.05
75M2XK0,0.55,18.53,11.7,9.05
75M2HY0,0.39,18.52,11.7,9.05
75M2HM0,0.39,18.53,11.7,9.05
75M2HK0,0.48,18.53,11.7,9.05
75M20Y0,0.3,18.53,11.7,9.05
75M20M0,0.3,18.53,11.7,9.05
75M20K0,0.32,18.53,11.7,9.05
75M20C0,0.31,18.53,11.7,9.05
75M0H30,0.39,19,12,9
75C855K,45.7,18.7,184.8,112.1
7507220,53,,,
7507200,42,,,
7507120,31,,,
7507110,27,,,
7507100,24,,,
7507030,30,,,
7507010,20.9,,,
7507000,17.8,,,
74C0Z50,5.78,,,
72K2XME,1.38,17.7,49.8,18.6
72K20M0,1.17,17.7,49.8,18.6
72K0Q00,7.6,,,
72K0P00,2.08,,,
72K0DV0,6.5,,,
71B0H30,0.24,10.2,14.1,7.2
714P1B#687,8.33,22.2,47.3,40.9
70C0Z10,4.12,,,
70457,0.08,10.5,13.3,2.4
6Y7L2AA#ABB,0.26,10.6,12.4,6.3
6Y7L1AA,0.26,10.6,12.4,6.3
6U4S2EA#ABU,8.4,28.7,40,49.9
6QN38A#B19,148.5,79,76,133.9
6QN35A#B19,,79.8,59.8,68
6QN33A#B19,34.3,59.8,49.8,65.2
6QN29A#B19,,75.8,59.8,65.2
6QN28A#B19,34.3,59.8,49.8,65.2
6PA50A4#ABU,11,26.9,64.6,43.8
6N6E9E9#ABB,7.6,14,62.1,40
6N6E9A5#ABB,7.6,14,62.1,40
6N6E6AT,8.37,14,62.1,40
6N6E6AA#ABU,8.37,14,62.1,40
6N6E6AA#ABB,8.37,14,62.1,40
6N4F1AA#ABB,8.42,14,62.1,40
6N4F1A5#ABB,8.42,14,62.1,40
6N4F1A5,8.42,14,62.1,40
6N4E8AA#ABB,6.8,14,57.1,36.3
6N4E2AA#ABB,10.9,16,69.9,44.6
6N4D6AA#ABB,11.8,52.7,82,16.1
6N4C4AA#ABU,10.1,44.6,69.9,16
6N4C4AA#ABB,10.1,44.6,69.9,16
6N4C1E9#ABB,22.5,28,126.7,48.5
6N4C1AT,22.5,28,126.7,48.5
6N4C1AA#ABU,22.5,28,126.7,48.5
6H2D9AA,0.51,16,29,42
6H2D8AA,0.9,17,32,44
6H1A5AA#ABB,,11.5,18.5,11.7
6GX01F,12.4,37.9,49.7,40.9
6GX00F#B19,12.4,37.9,49.7,40.9
6G843AA#ABB,0.14,6,18.75,4.3
6G4E6AA,0.18,12.5,4.6,10.6
6FW08A#B19,4.2,24.8,39.7,24.2
6FW07A#B19,4.2,24.8,39.7,24.2
6FW06A,4.2,24.8,39.7,24.2
6E6F0AA#ABB,0.26,15,10.5,5.58
6B244EA#ABU,12.7,24,66,46.2
692S9AA#ABB,0.6,15.5,4,32.5
67C6GAC2UK,9.5,16.2,78.9,46.3
678U8AA#ABB,11.3,22,69.2,46.9
671R3UT#ABB,0.5,7.5,9.7,23.7
671R3AA#ABB,0.5,7.5,9.7,23.7
66S2X00,0,31.5,14,14
66S2H00,1.05,31.5,12,14
66S2000,0.64,31.5,12,14
66S0Z00,1.86,40,14,33
66FDGAC2EU,9.9,15.1,84.4,51.2
66B7RAC1UK,8.84,13.9,69.5,42.3
6699-839-409,,17.6,5.1,20.6
6699-833-499,,18.5,9.6,21.2
6699-833-399,,18.5,9.6,21.2
6699-833-309,,17.6,5.1,20.6
6693-839-409,,17.6,5.1,20.6
6693-833-499,,18.5,9.6,21.2
6693-833-399,,18.5,9.6,21.2
6693-833-309,,17.6,5.1,20.6
65UT80006LA.AEK,27.7,17.2,160,97
65UM662H4LC.AEK,27.5,17.2,160,97
65UH7N-E.AEK,30.4,17.2,160,97
65RC650K,21.3,15.2,165,99.2
65QNED91T6A.AEK,43.2,20,160,107
65NANO81T6A.AEK,29,17.2,160,97
65F8GAC1EU,10.5,87,60,20.3
65C855K,32.8,1.7,164.2,99
64X69AA#ABB,7.64,13.7,68.5,42.5
64X66AA#ABB,5.94,12.4,59.5,39.1
64W41AA#ABB,8.03,14.1,68.5,42.5
64V81AA#ABB,4.3,12.1,56.7,38.7
64G0H00,0.7,49.8,7.6,8.6
63FDUAT6WL,1.9,7.6,38.4,27.7
63F4MAT1EU,8.4,16,73,42.2
63ECGAT2UK,6.7,12.6,62.1,38.5
63ECGAR2UK,6.7,12.6,62.1,38.5
63E5GAT2UK,14.6,16.3,90.8,51.8
63E4GAT2UK,12,16.3,70.6,50.4
63D7UAT3EU,8.6,17.8,59,42.2
63D4GAT1EU,14.8,18.7,107,52.5
63D3GAT1UK,14,52.5,95,14.8
63D2GAT1EU,14,52.5,95,14.8
63CFMATXUK,7.8,42.2,59.2,15.2
63B4GAT6EU,8.3,16,62,42
63B3GAT6EU,8.6,16,62,42
63B31AA,0.18,19.5,5,26
63AAUAT6WL,1.8,7.6,38.4,27.7
63A5GAT6EU,8.9,48,60.4,16.1
63A3GAT1EU,10.1,52.5,69,14.8
62X64EA#ABU,,6.9,55.2,34.5
62X62EA#ABU,,6.9,55.2,34.5
62W28EA#ABU,,6.9,55.2,34.5
62CAUAT1WL,1.69,7.59,40.79,27.99
62B6MAT3EU,5.7,14.5,63.8,39.7
62B1GAT2EU,9.75,69.4,48,16.3
62A9GAT1EU,10.6,15.9,86,51.5
628661,0.22,36,26.5,0.5
6263C005,2.2,45,40,25
623X6ET#ABU,12.7,24,66,46.2
623X5ET#ABU,12.7,24,66,46.2
623X3ET#ABU,12.7,24,66,46.2
623W6ET#ABU,3.4,23.5,49.8,13.2
623D2ET#ABU,2.95,23.5,49.8,13.2
622X9ET#ABU,2.95,13.2,49.8,23.5
61S9120000AF,4.99,24.5,29.2,30.3
61S9120000AD,4.99,24.5,29.2,30.3
61S9010000AC,4.4,26.3,48.5,28
61S3320000AH,4.9,24.5,29.2,30.3
61S3320000AC,4.99,24.5,29.2,30.3
61E9GAT6EU,9.55,18.2,72.2,46.3
60U3300000AD,0.15,9.3,26.95,28.6
60U3300000AC,0.86,17.1,25.9,25.9
60U3300000AB,0.86,17.1,25.9,25.9
60U0100000AC,5.93,46.4,34.6,22.8
60U0100000AB,4.61,27.9,27,36.5
600Q8UT#ABU,0.53,5.33,7.5,2.2
60006086,41.7,28,173.6,103.3
60006085,29.4,25,143,92
60006084,24.1,22.4,129.8,86
60006083,19.6,20.3,112,70
60006041,4,12.4,68.5,42
60005288,9.8,16,87,52.7
60005141,23,20.3,112,70
60005067,65.1,22.5,209,122.5
60005064,51.5,22.5,183,107
60005058,37.7,25,143,92
99M27ET#ABU,7.72,49.9,39.9,22.8
99M26ET#ABU,7.72,49.9,39.9,22.8
99M25ET#ABU,7.72,49.9,39.9,22.8
99M24ET#ABU,7.72,49.9,39.9,22.8
99A25ET#ABU,12.5,18.6,62.8,67.5
99A24ET#ABU,12.5,18.6,62.8,67.5
99A18ET#ABU,12.5,18.6,62.8,67.5
997S0ET#ABU,3.4,23.5,49.8,13.2
996W9ET#ABU,4.8,17,49.9,29.8
996V5ET#ABU,,29.5,51.8,49
993-001952,0.68,22.5,15.3,6.3
993-001940,0.1,21.4,1.2,20.7
993-001904,0.52,18,12,6.6
993-001899,0.23,5,20.3,20.6
993-001131,0.17,21,21,3
993-001040,0.04,18.7,10.5,1.59
98P745K,88,24.5,238.4,143
98C855K,89.8,23.9,238,142.5
98C805K,58,32,239.5,155.5
98C655K,,24.2,238,143.3
981-001430,,6.2,16.3,17.4
981-001427,,6.2,16.3,17.4
981-001219,0.47,19.6,8.7,22
981-001199,0.48,19.6,8.7,22
981-001050,0.38,17.9,8.2,17.8
981-001013,0.13,13.4,9.5,3.5
981-001009,0.13,13.4,9.5,3.5
981-000907,0.87,23.2,10.65,24.25
981-000859,0.46,23.2,18.5,8.1
981-000818,0.86,23.2,10.65,24.25
980-001348,4,34,21,27.1
980-000815,0.75,20,9,16.1
980-000814,0.75,20,9,16.1
96X26ET#ABU,,44.9,6.9,30.5
9659-583-117,,14.7,19,9.3
9659-583-111,,14.7,19,9.3
9659-553-117,,14.7,19,9.5
9659-475-111,,10.4,23.6,17.25
9659-470-111,,17.35,20.4,4.5
9659-450-111,,17.35,20.4,4.5
9659-430-111,,17.35,20.4,4.5
9659-415-111,,10.4,23.6,17.25
9659-410-111,,17.35,20.4,4.5
9656-583-111,,14.7,19,9.3
9655-553-117,,19,14.5,9.5
9655-475-111,,17.7,10.15,23.4
9655-455-111,,17.7,10.15,23.4
9653-553-117,,14.7,19,9.5
9653-475-111,,10.4,23.6,17.25
9653-470-111,,17.35,20.3,6.3
9653-455-111,,10.4,23.6,17.25
9653-450-111,,17.35,20.3,6.3
9653-435-111,,10.4,23.6,17.25
9653-430-111,,17.35,20.3,6.3
961-000490,0.52,14.7,8.4,17.9
960-001746,0.3,14,7.2,11.14
960-001718,0.3,14,7.2,11.14
960-001469,0.13,11.4,7.6,6
960-001459,0.18,13,5.3,8.4
960-001448,0.13,11.6,7.3,8.65
960-001436,0.13,11.6,7.3,8.65
960-001361,0.24,14.5,7.7,5.4
9577294,4.1,113.1,43.1,35.9
956-000052,0.39,6.6,6.6,31
952-000126,0.3,23.5,14.4,5.8
952-000116,0.18,11.77,10.08,8.32
952-000102,0.21,12.25,10.72,4.14
952-000094,2.17,34.6,24.7,9.3
952-000091,2.17,34.6,24.7,9.3
952-000085,1.5,34.6,24.7,9.3
952-000080,0.54,16.2,14.8,14
952-000002,0.28,15.1,15.1,6.1
949598497,11.8,60,67.8,11.8
949598495,12.6,,,
949597820,12.7,60,86.8,11.8
949597819,11.8,60,67.8,11.8
945-000003,2.26,36.6,25.3,22.8
944066949,42.9,67,63.5,55.5
943-000799,0.51,7.6,7.6,41.4
943-000792,0.37,34.3,31.8,0.5
943-000785,0.13,5,5,29
942051554,29.8,,,
942022780,5.1,22,60,35
941-000196,12.7,62.5,34.7,27
940-000142,0.41,16.8,7.9,20
93Z28AA#ABB,0.07,16.8,7.6,3
937Y4EA#ABU,3.4,23.5,49.8,13.2
937Y3EA#ABU,3.4,23.5,49.8,13.2
937U5EA#ABU,12.7,24,66,46.2
937U4EA#ABU,12.7,24,66,46.2
935-PD32W,,17.5,13.5,11
935-K210,4.3,45.5,31,25.5
926L4EA#ABU,2.29,52,6.9,30.5
923421339,71,72.8,66.4,191.6
920Q0AA,0.3,21,19,5.5
920-012504,,6.2,45,14.7
920-012490,1.11,14.7,45,6.2
920-012483,1.11,14.7,45,6.2
920-012283,0.99,3.8,38.8,23.8
920-012077,0.74,15.4,52.3,4.5
920-012066,0.74,15.4,52.3,4.5
920-011021,1.08,53.1,20.5,4.7
920-011010,1.08,53.1,20.5,4.7
920-010999,1.08,53.1,20.5,4.7
920-010996,1.08,53.1,20.5,4.7
920-010994,1.08,53.1,20.5,4.7
920-010945,0.95,46.8,20.5,3.2
920-010918,0.95,46.8,20.5,3.2
920-010917,0.95,46.8,20.5,3.2
920-010913,0.95,46.8,20.5,3.2
920-010780,0.83,33.6,14.9,5.4
920-010599,0.69,31.5,14,3.8
920-010479,0.7,31.5,14,3.8
920-010420,1.55,41.8,6.9,17.4
920-010244,1.09,45.05,14.75,3.95
920-010211,1.08,24.75,2.85,29.5
920-010059,0.39,14.8,24.75,2.4
920-009503,1.33,38.8,17.5,4.6
920-009200,0.86,45.5,15,3.5
920-009192,0.86,45.5,15,3.5
920-008892,1.25,53,4.8,20
920-006483,0.96,53.1,19.3,4.5
920-004534,0.74,51,15.8,4.6
920-003158,0.6,45.4,5.08,12.38
920-002547,0.86,52.5,16.3,4.9
920-002542,0.86,52.5,16.3,4.9
920-002522,0.66,16.3,2.92,47.4
920-002485,0.76,46.83,2.86,18.42
914915260,76,71,64,90
911539278,34,68,63.5,86.4
910-007260,0.39,7.9,11.01,14.3
910-007182,,4.4,6.36,11
910-006958,0.16,,,
910-006582,0.32,5.8,13.85,17.35
910-006571,0.33,13.85,5.8,17.35
910-006560,0.33,14,5.9,17.5
910-006559,0.33,14,5.9,17.5
910-006495,0.2,8.55,7.65,11.75
910-006494,0.2,8.55,7.65,11.75
910-006475,0.22,8.75,7.7,14.7
910-006474,0.21,8.75,7.7,14.7
910-006473,0.21,8.75,7.7,14.7
910-006255,0.15,12.55,8.6,19.1
910-006253,0.15,12.8,8.4,18.6
910-006239,0.16,12.4,8.9,18.2
910-006238,0.16,12.6,8.9,18.4
910-006236,0.16,12.8,8.5,18.5
910-006211,0.2,11.2,4,15.2
910-006138,0.17,10.2,4.9,15.3
910-005843,0.12,9.05,3.65,24.8
910-005824,0.16,10.2,4.6,15.5
910-005823,0.16,10.2,4.6,15.5
910-005282,0.19,10.2,4.6,15.5
910-005272,0.37,11.5,6.8,17.2
90YV0M80-M0NA00,2.54,22.6,42,12.6
90YV0M31-M0NA00,3.01,26.6,42.59,9.9
90YV0LD0-M0NA00,1.16,21.7,36.4,6.6
90YV0JCB-M0NA00,1.08,22.05,36.8,6.8
90YV0JC7-M0NA00,1.08,,,
90YV0ALA-M0NA00,0.48,16.3,22.8,5
90YH044B-BHUA00,0.51,11.1,18.3,23.6
90YH0350-B2UA00,,15.5,13.9,4.3
90YE00W2-B0NA00,2.8,20,32,10.8
90YE00W1-B0NA00,3.62,20,32,10.8
90YE00U1-B0NA00,2.88,20.8,34.6,14.4
90YE00S2-B0NA00,3.07,20,31,10.8
90XB0430-BKM3P0,,22,48.5,3.7
90RC0120-M0UAY0,3.32,18.25,46.2,202.5
90RC0111-B0EAY0,1.45,23.2,30.61,14.65
90RC0101-B0EAY0,2.11,21,44.8,13.7
90RC00Z1-B0EAY0,2.05,24,49,14.8
90RC00W1-M0UAY0,2.4,20.7,40.4,13.55
90RC00M1-M0UAY0,2.71,23,47,13.7
90MP03Z0-BMUA10,0.24,10.9,15.9,7.5
90MP03Z0-BMUA00,0.24,10.9,15.9,7.5
90MP031A-BKEA11,1.94,17.95,36.9,9.1
90MP02Y0-BMUA11,0.27,16,11,7.5
90MP02Y0-BMUA01,0.27,16,11,7.5
90MP02Y0-BMUA00,0.27,16,11,7.5
90MP02K0-BMUA00,,17.5,6.5,11.5
90MB1KK0-M0EAYC,0.78,26.3,27,5.15
90MB1KA0-M0EAYC,1.56,37.2,37.7,30.2
90MB1K50-M0EAY0,1.66,37.2,37.7,30.2
90MB1K00-M0EAYC,1.36,27.5,27.5,6.75
90MB1JY0-M0EAY0,1.44,27.5,27.5,6.75
90MB1JV0-M0EAY0,1.65,27.5,27.5,6.75
90MB1JG0-M0EAY0,2.29,26.5,35,7.1
90MB1JF0-M0EAY0,2.12,27.4,28.5,7.25
90MB1JD0-M0EAY0,2.35,28.1,35.6,24.4
90MB1JB0-M0EAY0,1.47,18.7,22.8,9.6
90MB1J80-M0EAY0,1.64,27.5,27.5,6.75
90MB1J70-M0EAY0,2.06,27.3,35.3,6.8
90MB1J60-M0EAY0,2.3,28.1,35.6,8.7
90MB1J50-M0EAY0,2.04,27.3,35.3,6.8
90MB1J30-M0EAY0,1.81,27.3,35.3,6.8
90MB1J20-M0EAY0,1.52,27.5,27.5,6.75
90MB1J10-M0EAYC,1.45,27.5,27.5,6.75
90MB1IZ0-M0EAY0,1.26,27.3,35.3,6.8
90MB1IX0-M0EAY0,1.65,27.5,27.5,6.75
90MB1IT0-M0EAY0,1.5,27.3,35.3,6.8
90MB1IR0-M0EAY0,2.5,27.3,35.3,6.8
90MB1IQ0-M0EAY0,2.34,27.3,35.3,6.8
90MB1IP0-M0EAY0,3.7,31.2,37,10.8
90MB1IM0-M0EAY0,2.58,8.7,35.6,28.1
90MB1IF0-M0EAY0,2.32,27.3,35.3,6.8
90MB1IE0-M0EAY0,4.26,31.2,37,10.8
90MB1ID0-M0EAY0,,31.2,37,10.8
90MB1IA0-M0EAY0,5.73,32,38,12.5
90MB1I90-M0EAY0,1.98,27.3,35.3,6.8
90MB1I70-M0EAY0,1.89,27.3,35.3,6.8
90MB1I50-M0EAY0,1.89,27.3,35.3,6.8
90MB1I40-M0EAY0,1.98,27.3,35.3,6.8
90MB1HA0-M0EAY0,0.9,26.3,27,5.15
90MB1H30-M0EAY0,0.86,27,26,5.15
90MB1GT0-M0EAY0,1.36,27.3,33.8,6.8
90MB1GB0-M0EAYC,0.55,18.7,22.8,6.2
90MB1G00-M0EAY0,1.07,26.3,27,5.15
90MB1F70-M0EAYC,0.66,18.5,22.7,6
90MB1F60-M0EAY0,1.07,27,26,5.15
90MB1DS0-M1EAY0,0.93,5.15,27,26.3
90MB1DE0-M0EAY0,1.34,27.5,27.5,6.75
90MB1CS0-M1EAY0,1.27,26.5,28,7.1
90MB1C20-M0EAY0,2.99,36.2,37.9,8.1
90MB1BZ0-M0EAY0,1.36,27.3,33.8,6.8
90LM0AG1-B01370,9.1,46,71.9,24
90LM07B0-B01470,5.19,12.4,67.8,53.2
90LM07A3-B01170,12.4,22.4,98,49.8
90LM05X0-B05170,7.4,17.1,68,45.4
90LM04J1-B01371,6.37,14.6,69,45.2
90LM02W1-B01371,5.09,40.5,61.1,13.2
90LJ00G0-B00270,8.1,43,56,27.4
90IG0960-MO3C40,2.34,17.4,33.9,15
90IG0960-MO3C20,1.6,17.4,40.7,7.8
90IG0950-MO9A0V,2.1,21.9,37.4,10.5
90IG0930-MO3B20,3.21,28.1,42.2,11.9
90IG0920-MO9C00,1.61,28.1,47.3,8.2
90IG0910-MO3C00,1.03,19.3,28.5,10.4
90IG0900-MO9C00,1.13,19,42,9
90IG08Y0-MO3C20,3.21,29.8,32.5,16.9
90IG08K0-MO3N4V,6.6,36.8,31.9,18.7
90IG08K0-MO3N0V,2.4,1.2,33,23
90IG08E0-MO3B00,0.6,14.1,22,7.5
90IG08D0-MO3B00,1.1,21.1,23.1,9.7
90IG08C0-MO3B00,1.9,19.4,28.1,9.4
90IG08B0-MO0B00,0.28,14.6,16.8,4.5
90IG0880-MO3C00,0.75,18,26.2,5.8
90IG0870-MO3C00,0.74,18.8,24.1,7.3
90IG0850-MO9A0V,4.85,38,38,14
90DD02X0-M09000,0.32,9.9,17.4,3.9
90DD02R0-M09000,0.24,8.35,16.05,3.3
90DC00K3-B19010,10.1,56.6,29,49.3
90DC00K0-B19010,10.1,56.6,29,49.3
90DC00H3-B19010,9.8,28.8,52.5,49.3
90DA00D3-B09020,0.7,12.5,17.2,9
90DA0030-B09030,0.67,8.9,17.1,12.3
8Y2R2E9#ABU,20.3,22.6,107,55.8
8Y2R2E9#ABB,20.3,22.6,107,55.8
8Y2R2AT,20.3,22.6,107,55.8
8Y2R2AA#ABU,20.3,22.6,107,55.8
8Y2R2AA#ABB,20.3,22.6,107,55.8
8Y2R2A5#ABB,20.3,22.6,107,55.8
8Y2R2A5,20.3,22.6,107,55.8
8Y2K9E9#ABU,13.7,18.5,81.6,50.4
8Y2K9E9#ABB,13.7,18.5,81.6,50.4
8Y2K9AT,13.7,18.5,81.6,50.4
8Y2K9AA#ABU,13.7,18.5,81.6,50.4
8Y2K9AA#ABB,13.7,18.5,81.6,50.4
8Y2K9A5#ABB,13.7,18.5,81.6,50.4
8Y2K9A5,13.7,18.5,81.6,50.4
8Y2F7E9#ABB,7.8,14.2,62.5,41.5
8Y2F7AT,7.8,14.2,62.5,41.5
8Y2F7AA#ABU,7.8,14.2,62.5,41.5
8Y2F7AA#ABB,7.8,14.2,62.5,41.5
8Y2F7A5#ABB,7.8,14.2,62.5,41.5
8Y2F7A5,7.8,14.2,62.5,41.5
8X534AA#ABU,7.4,,,
8X530AA#ABU,7,37.3,62.5,14.2
8X530AA#ABB,7,37.3,62.5,14.2
8X3-00002,0.13,2.98,5.15,19.98
8X231A6,0.3,,,
8X229A6,0.24,5.6,18.5,20.7
8X227AA,0.22,5.6,18.5,20.7
8X2-00002,0.13,2.98,5.15,19.98
8WX-00002,0.07,5.15,17.8,1.75
8WV-00002,0.07,20.4,5.3,1.9
8T6M3AA#ABB,0.15,5,8.5,12
8T6M2AA#ABU,1.15,25.2,47.5,4.85
8T6M0UT,0.2,10,13.4,5
8T6L9UT#ABU,1.22,25,47,5
8T2B4EA#ABU,9.24,40,28.7,49.9
8T2B2EA#ABU,9.24,40,28.7,49.9
8T2B1EA#ABU,9.24,40,28.7,49.9
8T2B0EA#ABU,9.24,40,28.7,49.9
8T2A9EA#ABU,9.24,40,28.7,49.9
8T2A7EA#ABU,,29.5,51.8,49
8T2A6EA#ABU,,29.5,51.8,49
8T2A5EA#ABU,,29.5,51.8,49
8T2A3EA#ABU,,29.5,51.8,49
8T2A2EA#ABU,,29.5,51.8,49
8T2A1EA#ABU,,29.5,51.8,49
8T1Q9EA#ABU,,38.4,10,30.8
8T1Q8EA#ABU,,38.4,10,30.8
8T1Q7EA#ABU,,38.4,10,30.8
8T1Q6EA#ABU,,38.4,10,30.8
8T1Q5EA#ABU,4.8,17,49.9,29.8
8T1Q4EA#ABU,4.8,17,49.9,29.8
8T1Q2EA#ABU,4.8,17,49.9,29.8
8T1Q1EA#ABU,4.8,17,49.9,29.8
8T1Q0EA#ABU,4.8,17,49.9,29.8
8T1K6EA#ABU,,29.5,51.8,49
8T151EA#ABU,,6.9,55.2,34.5
8T150EA#ABU,,6.9,55.2,34.5
8T149EA#ABU,,6.9,55.2,34.5
8T0X7EA#ABU,,6.9,55.2,34.5
8T0X6EA#ABU,,6.9,55.2,34.5
8T0X5EA#ABU,,6.9,48.3,30.5
8T0X4EA#ABU,,6.9,48.3,30.5
8R554EA#ABU,2.21,52,6.9,30.5
8R527EA#ABU,2.21,52,6.9,30.5
8R3U1UT#ABB,0.14,8.7,13.5,4.5
8R3U1UT,0.14,8.7,13.5,4.5
8R3U1AA#ABB,0.14,8.7,13.5,4.5
8L3-00002,,8.8,11.6,6.55
8K167AA#ABU,18.9,22.6,106,52.7
8K167AA#ABB,18.9,22.6,106,52.7
8K167A5#ABB,18.9,22.6,106,52.7
8K157UT#ABB,17.4,22.6,95.2,48.5
8K157E9#ABU,17.4,22.6,95.2,48.5
8K157E9#ABB,17.4,22.6,95.2,48.5
8K157AT,17.4,22.6,95.2,48.5
8K157AA#ABU,17.4,22.6,95.2,48.5
8K157AA#ABB,17.4,22.6,95.2,48.5
8K157A5#ABB,17.4,22.6,95.2,48.5
8K157A5,17.4,22.6,95.2,48.5
8K135AA#ABU,10.3,16.1,71.5,45.5
8J9K4F#B19,9.5,29.8,49.7,38.8
8J9K4F,9.5,29.8,49.7,38.8
8J9G2E9#ABU,9.8,16.1,71.5,45.5
8J9G2E9#ABB,9.8,16.1,71.5,45.5
8J9G2AT,9.8,16.1,71.5,45.5
8J9G2AA#ABB,9.8,16.1,71.5,45.5
8J9E6AA#ABB,10.3,16.1,71.5,45.5
8J4D8E9#ABB,9.5,16.1,71.5,45.5
8J4D8AT,9.5,16.1,71.5,45.5
8J4D8AA#ABU,9.5,16.1,71.5,45.5
8J4D8AA#ABB,9.5,16.1,71.5,45.5
8J4D8A5#ABB,9.5,16.1,71.5,45.5
8F1Y4AA#ABB,0.18,46.3,10.6,12.5
C13S042408,4,70,15.5,15.5
C13S042169,0.8,3.2,23.5,1.7
C13S042123,2.45,60.5,43.5,1.5
C13S042093,2.4,61,43.5,1.5
C13S042081,6.27,67,17.5,17
C13S042078,3.92,36,17.5,16.5
C13S042074,3.5,48.7,17.3,15.7
C13S042013,3.03,12.6,21.6,48.7
C13S042006,10,116.5,14.5,14.5
C13S042002,3.71,37.5,17,16.5
C13S041847,3.19,62.9,12.7,12.5
C13S041718,3.6,31,21.5,8
C13S041702,3.34,67,15.5,16
C13S041624,0.69,31,22,1.5
C13S041614,2.82,66,12,12
C13S041595,4.5,65.5,14.5,15
C13S041393,3.74,66,12,12
C13S041332,0.46,30,22,0.5
C13S041315,1.05,43,31,1
C13S041079,1.35,60,43,1.5
C13S041069,1.99,49.5,33.5,2
C13S015384,0,60,4,14
C12C891071,0.03,130,24,49.2
C12C844161,42,192,45,78.5
C12C815291,,7.2,6,5.1
C12C811231,0,182,20,18
C11CJ65402,6.84,44.5,42,30
C11CH96401,12.5,57,45,33.5
C11CH70402,16.7,59,47,45
C11CD67301A1,,177.5,104.5,81.5
C11C480141A0,5.2,45.5,31,26.5
C0F22A,10.7,,,
C0F20A,10.7,,,
C0F09A,14.7,,,
BVX1600LI,11.2,49.5,23.5,29.7
BPD004BTBK,0.22,2,13.1,10.2
BOOK14HOME,2,44.8,28.1,6.1
BLANKP10,0.16,49.5,3.5,5.5
BK325I,6.73,,,
BE850G2-IT,5,44.1,18.6,19
BE650G2-CP,4.5,44.1,18.6,19
BE500G2-UK,4.1,18.6,44.1,19
BE1050G2-UK,4.4,18.6,44.1,19
BCS1J150102121,7.7,,,
BBIS25300XC,31.5,66,66,65.5
BBIMA13300XC,32,66,66,65.5
BBIF22100X,32.2,66,66,65.5
BBAIF22300X,29.1,66,66,65.5
BB-02-P-BR,0.31,21.5,13.2,4
BAE001,0.52,,,
B850 AI TOP,3,27,33.5,8
B760M D3HP DDR4,0.99,26.5,26.5,5.4
B760M D3HP,1.21,26.8,27,6.8
B68SSEA#ABU,,48.3,6.9,30.5
B68SREA#ABU,,48.3,6.9,30.5
B66TJAT#ABU,,44.9,6.9,30.5
B650 UD AX,2.2,27,33.5,8
B620V_DN,31,65,55,56.5
B415V_DN,25.6,58.4,55.9,65.9
B310V_DNIUK,10.5,42,41,28
B305V_DNIUK,14.7,47,42,39
B235V_DNIUK,,55,43,46
B230V_DNIUK,,44,42,31
B225v_DNIUK,,55,43,46
B12B819271,,19,3.5,11.5
B12B819251,,19,3.5,11.2
B12B819031,0,15.1,7.6,9.9
B127A-1A1-BHBH,0.66,16.41,26.01,5.51
B11B244401,4.84,52,19.5,40.5
B064-008-01-IPG,5.1,14,53.49,33.5
B032-VU2,0.41,24.13,16.76,6.1
AWE77EU,0.23,4,13,29.29
AVB06UF-V2,0.66,5.5,42,32
AT-X230-28GP-30,6.35,43,53,15
AT-GS980MX/28PSM-50,7.6,53.4,56.3,12.8
AT-GS970M/28PS-30,6.35,43,53,15
AT-AG-8-8-C6S-2,,3.2,6,3.6
ASP342VPZ,119,78,98,191
ASP342VPS,119,78,98,191
ASL1532PX,,75.6,97.2,186.2
ASF220WEU,0.44,51,1,35
AS-3015MR-H8TNR,39.9,86.36,66.7,29.59
ARMTBLTDT,1.5,28.7,16.8,7.6
ARMPIVOTHD,4.46,49.5,32,11.3
ARMDUOSS,7.38,3.1,7.2,1.3
AR8400,0.45,4.4,16.8,16.8
AR7711,0.45,,,
AR106VI,44.9,73.4,106.4,42.7
APCRBC176,18.9,49.5,39.5,19.5
APCRBC172,54.6,59,79,19
APCRBC164,3.5,21.3,17.5,7.9
APCRBC150,10.91,49.5,36.8,15.2
AP9624,0.41,16.5,23.5,5.1
AP9614,0.44,23.8,16.5,5.1
AP8702S-WWX340,0.7,4,24,7
AP7900B,3.4,,,
AP212-AT-E,3.5,46.2,32.2,14
AP206-AT-E,3.5,46.2,32.2,14
AP106-AT-E,1.82,,,
A-MOT-R-8-8-100,0.3,14,14,4.5
A-MO6-8-8-HRS-50,0.4,21,22,10
AM6Y7EA#ABU,2.68,38,8,28
ALTHEA16W,0.19,3.7,9.5,19.4
AL-SK1-1A-UK,1.45,10.9,19.9,26.2
AL-PK1-1A-UK,0,19.1,27.8,31.4
AL-HUB-1A-W,,4.4,17.8,27.7
AL-ESG-1A-G,1.62,,,
AL-EPIR-1A-G,0.24,8.4,8.6,13.8
AL-DC-1A-W,0.05,3.6,5.4,10
AKB-111UB,0.45,20.32,32,3.17
AK-600110-020-W,0.07,1.7,21,11.5
AK-600110-020-S,0.07,1.7,21,11.5
AK-600110-010-W,0.04,1,21,11.5
AK-600110-010-S,0.04,1,21,11.5
AK-600110-005-W,0.03,0.55,21,11.5
AK-600110-005-S,0.03,0.55,21,11.5
AK-600108-020-W,0.07,1.7,21,11.5
AK-600108-020-S,0.07,1.7,21,11.5
AK-600108-010-W,0.04,1,21,11.5
AK-600108-010-S,0.04,1,21,11.5
AK-600108-005-W,0.03,0.55,21,11.5
AK-600108-005-S,0.03,0.55,21,11.5
AK-440104-018-S,0.09,9,13,
AK-340305-020-W,0.1,18,15,
AK-340200-020-S,0.17,22,15,
AK-340106-020-S,0.16,3,17,
AK-340106-010-S,0.08,22,14,
AK-330160-100-S,0.42,19,20,4
AK-330126-300-S,1,6,20,
AK-330126-100-S,0.39,6,20,
AK-330125-300-S,1,16,16,
AK-330125-200-S,0.75,16,16,
AK-330125-100-S,0.39,16,16,
AK-330124-030-S,0.23,18,4,
AK-330118-100-S,0.69,6,14,
AK-330105-150-S,1.05,19,18,
AK-330105-100-S,0.72,17,18,
AK-300430-006-S,0.03,21,11.5,25
AK-300344-020-S,0.7,1.9,25,14
AK-300344-010-S,0.04,14,21,11.5
AK-300344-005-S,0.03,0.75,21,11.5
AK-300342-020-S,0.07,1.9,25,14
AK-300342-010-S,0.04,1.3,21,11.5
AK-300342-005-S,0.03,0.68,21,11.5
AK-300333-020-S,0.24,17,3,
AK-300313-002-S,0.02,8,0.5,
AK-300210-015-S,0.05,30,19,
AK-300203-018-S,0.09,2,16,
AK-300200-018-S,0.04,0.7,11.5,
AK-300154-010-S,0.04,25,14,
AK-300102-030-E,0.06,1,25,
AK-300100-030-S,0.06,1.01,25,
AK-219603-100,0.25,17,9,4.5
AF221CE-POE-INJECTOR,0.11,14.4,20.7,3.8
AD-WY-01-BBB,25.8,78,71,44
ADS1800WZU1,3.46,15.8,36.9,20
ADS1300ZU1,1.7,15.8,36.9,20
ADJDINKIT,2.6,49.5,27.9,11.8
ADE001AEU,0.22,,,
AD4U2666J4G19-S,0.03,5.5,17,0.9
ACS04900,0.06,,,
ACDC2301,4.47,126.4,20.7,12.3
A-CC-VI,0.03,12,10,2
ACCSMNT,0.78,,,
A-CC-O,0.03,12,10,2
A-CC-MG,0.03,12,10,2
A-CC-M,0.03,12,10,2
ACCESSORY-ZZ0107F,,40.2,27.3,18.8
A-CC-BR,0.03,12,10,2
A37TNET#ABU,,48.3,6.9,30.5
A37TMET#ABU,,48.3,6.9,30.5
A37TLET#ABU,,44.9,6.9,30.5
A37S3ET#ABU,,44.9,6.9,30.5
A3402WVAK-WPC101W,10.8,60,19,47.4
A3402WVAK-BPC109W,10.8,60,19,47.4
A30RBEA#ABU,1.92,48.3,6.9,30.5
A2SA9EA#ABU,2.29,52,6.9,30.5
A2SA8EA#ABU,2.29,52,6.9,30.5
A2SA7EA#ABU,1.92,48.3,6.9,30.5
A2SA6EA#ABU,2.02,48.3,6.9,30.5
A2-LAPTOP-DESK-MOUNT,6.3,30.5,44.8,13
A26WZEA#ABU,,44.9,6.9,30.5
A26WYEA#ABU,,44.9,6.9,30.5
A26WXEA#ABU,,44.9,6.9,30.5
A26WDEA#ABU,,55.2,6.9,34.5
A26TMEA#ABU,,43,8,31.5
A26TLEA#ABU,,43,8,31.5
A26TKEA#ABU,,44.9,6.9,30.5
A26TJEA#ABU,,44.9,6.9,30.5
A26THEA#ABU,,44.9,6.9,30.5
A26TGEA#ABU,,44.9,6.9,30.5
A26TFEA#ABU,,55.2,6.9,34.5
A26TDEA#ABU,,55.2,6.9,34.5
A26T7EA#ABU,,48.3,6.9,30.5
A26T6EA#ABU,,48.3,6.9,30.5
A26T5EA#ABU,,48.3,6.9,30.5
A26T4EA#ABU,,48.3,6.9,30.5
A26T2EA#ABU,,48.3,6.9,30.5
A26T1EA#ABU,,48.3,6.9,30.5
A23P1EA#ABU,,44.9,6.9,30.5
A23P0EA#ABU,,44.9,6.9,30.5
A23NXEA#ABU,,44.9,6.9,30.5
A23NWEA#ABU,,44.9,6.9,30.5
A23NVEA#ABU,,48.3,6.9,30.5
A23G1EA#ABU,,48.3,6.9,30.5
A23G0EA#ABU,,48.3,6.9,30.5
A23FZEA#ABU,,44.9,6.9,30.5
A23FYEA#ABU,,48.3,6.9,30.5
A23FXEA#ABU,,44.9,6.9,30.5
A23FWEA#ABU,,48.3,6.9,30.5
A23FTEA#ABU,,44.9,6.9,30.5
A23FSEA#ABU,,44.9,6.9,30.5
A23FREA#ABU,,44.9,6.9,30.5
A23FQEA#ABU,,48.3,6.9,30.5
A23FNEA#ABU,,44.9,6.9,30.5
A23FMEA#ABU,,44.9,6.9,30.5
A23FLEA#ABU,,44.9,6.9,30.5
A23FKEA#ABU,,44.9,6.9,30.5
A23FJEA#ABU,,48.3,6.9,30.5
A23FHEA#ABU,,48.3,6.9,30.5
A23FGEA#ABU,,48.3,6.9,30.5
A23FFEA#ABU,,48.3,6.9,30.5
A23FDEA#ABU,,48.3,6.9,30.5
A23FCEA#ABU,,48.3,6.9,30.5
A23F9EA#ABU,,48.3,6.9,30.5
A23F8EA#ABU,,44.9,6.9,30.5
A23F7EA#ABU,,44.9,6.9,30.5
A23F6EA#ABU,,44.9,6.9,30.5
A23F5EA#ABU,,44.9,6.9,30.5
A23F4EA#ABU,,44.9,6.9,30.5
A23F3EA#ABU,,44.9,6.9,30.5
A20JLEA#ABU,1.92,48.3,6.9,30.5
A20JKEA#ABU,1.92,48.3,6.9,30.5
A20J9EA#ABU,2.04,52,6.9,30.5
A0ZC7EA#ABU,7.92,49.9,39.9,22.8
A0ZC6EA#ABU,8.87,40,28.7,49.9
A0ZC5EA#ABU,8.87,40,28.7,49.9
A0YZ9EA#ABU,12.5,18.6,62.8,67.5
A0YZ7EA#ABU,12.5,18.6,62.8,67.5
A0YZ6EA#ABU,15.1,23.7,74.2,64
A0YZ5EA#ABU,15.1,23.7,74.2,64
A0YZ4EA#ABU,15.1,23.7,74.2,64
A0YZ3EA#ABU,15.1,23.7,74.2,64
A08KJAA,0.47,5.5,36,26
E510KA-EJ618WS,2.24,46,6.5,29
E410KA-EK592WS,2.37,42.9,6.5,27
E410KA-EK217WS,2.37,42.9,6.5,27
E3WHT,0.16,14,12,5
E250A11E,1.07,10.8,39.1,16.4
E1504GA-NJ570WS,2.57,46,6.5,29
E1504FA-NJ715W,2.57,46,6.5,29
DWM60100XX,17.3,116.84,59.31,7.98
DWM-222/R,0.08,14.2,11.1,2.1
DWM1742MN,1.63,23.62,23.11,9.14
DWF1327M,0.65,2.01,13.49,14.5
DVX5961HB,19.1,43,100,71
DVX5661HB,16.7,43,70,71
DVS04020B,38.4,66.1,49.4,88.9
DUALKA10-LAPTOP-LOCK,1.6,21.4,23.3,9.5
DTMC3G2/256GB,0.01,0.56,10.16,11.43
DTMC3G2/128GB,0.01,0.56,10.16,11.43
DTLCE80051W,32.5,58.5,65,88
DTBC10001W,35.5,66,65,88
DT.BK6EK.00H,7.8,49.5,23.4,41.5
DT.BH4EK.006,4.65,49.5,17,37
DS-KH6320-WTE1,0.68,,,
DS-DL226033W,9.9,8,124,71
DS-DL126033W,6.9,,,
DS-D6055UL-B/S,81.2,30.3,91.6,210
DS-72221-3US,,63,75.5,20.5
DS-72213,3.73,44.5,14.8,22
DS-72212,0.24,7.7,5,11
DS-72211-2US,23.4,81,70.5,
DS-72211,23.4,81,70.5,
DS-72210-2GE,23.4,81,70.5,
DS-72210-1ES,23.4,81,70.5,
DS-72000TR,4.85,40,20,39
DS-72000FR,4.85,40,20,39
DS-55526,1.09,18.5,24.5,7.5
DS-55523,0.78,22,29,
DS-55522,1.09,18.5,24.5,7.5
DS-55520,0.83,15.5,21.5,7
DS-55519,0.55,11.3,20,7.5
DS-55518,0.43,19,14.5,6
DS-55517,0.77,24.3,19.6,6
DS-55508,1,18.5,24.5,7.5
DS-55347,0.44,19.7,18.6,4.5
DS-55346,0.86,24.3,19.6,6
DS-55343,0.2,16.6,13.1,21
DS-55342,0.7,24.3,19.6,6
DS-55340,0.62,20.7,18.7,5.6
DS-55338,0.82,29.2,23.8,5.5
DS-55334,0.38,17.9,12.3,4.5
DS-55333,0.31,17.9,12.3,4.5
DS-55329,0.58,11,23.5,7
DS-55328,1.16,23.3,25,5.7
DS-55322,0.28,11,19,2.7
DS-55321,1.16,25,23,6.6
DS-55320,0.19,8,12.5,5
DS-55319,0.28,12.3,12.3,12
DS-55204,0.57,20,15,
DS-45340,0.28,10.5,11.7,6.5
DS-45323,0.35,11,15,2.5
DS-43302,1.11,24,29.5,
DS-30221-1,0.13,,,
DS-2CD2T87G2P-LSU/SL(4MM)(C),2.23,19,40.5,18
DS-2CD2T86G2-2I(4MM)(C),1.51,15.6,38.6,15.5
DS-2CD2T46G2-2I(2.8MM)(C),1.58,15.6,38.6,15.5
DS-2CD2H86G2-IZS(2.8-12MM)(C),1.53,17,17,20.5
DS-2CD2E43G2-U(2.8MM),0.33,13.5,13.5,18.3
DS-2CD2746G2-IZS(2.8-12mm)(C),1.71,17.4,24.4,17.3
DS-2CD2646G2-IZS(2.8-12mm)(C),2.57,19,38.5,18
DS-2CD2583G2-IS(2.8MM),0.64,13.4,13.4,10.8
DS-2CD2543G2-IWS(2.8MM),0.62,13.4,13.4,10.8
DS-2CD2387G3-LI2UY(2.8MM),1.14,17,17,16
DS-2CD2387G2P-LSU/SL(4MM)(C),1.9,23,23,23
DS-2CD2387G2H-LIU(2.8MM)(EF),1.04,17,17,1.6
DS-2CD2386G2-IU(2.8MM)(C)(BLACK),1.02,17,17,15
DS-2CD2386G2-IU(2.8mm)(C),1.02,17,17,15
DS-2CD2386G2-ISU/SL(2.8MM)(C),1.16,17,17,15
DS-2CD2366G2-IU(2.8MM)(C),1.07,17,17,15
DS-2CD2347G3-LIS2UY/SL(2.8MM),1.2,17,17,16
DS-2CD2347G3-LI2UY(2.8MM)(BLACK),1.14,17,17,16
DS-2CD2347G3-LI2UY(2.8MM),1.14,17,17,16
DS-2CD2347G2H-LIU(2.8mm)(eF)(Black),1.04,17,17,16
DS-2CD2347G2H-LIU(2.8mm)(EF),1.04,17,17,16
DS-2CD2347G2H-LISU/SL(2.8MM),1.28,17,17,16
DS-2CD2346G2-IU(2.8MM)(C)/BLACK,1.03,17,17,15
DS-2CD2146G2-ISU(2.8MM)(C)(BLACK),0.82,15,15,14.1
DS-2CD2046G2-IU/SL(2.8MM)(C),0.82,12,23.4,11.7
DS-12891,0.15,9.3,21,28
DR821CL,3.56,,,
DR3600,1.23,,,
DR2510,0.65,,,
DQ.BMGEK.003,14.2,74,19.8,58
DQ.BM4EK.006,8.32,62.6,18.6,51.8
DQ.BM3EK.001,8.12,74,19.8,58
DQ.BM2EK.001,6.33,62.6,18.6,51.8
DQ.BL0EK.002,6.14,63,17,51.2
DP2VGAHD20,0.09,17.7,8,2
DP21-2M-DP40-CABLE,0.12,,,
DOP8785A,40.4,,,
DOP8574X,40.4,66,64,67
DONN06G,0.14,2,9.5,20
DN-97667,0.61,10,51,6
DN-97665,3.4,34.5,50,
DN-97663,0.35,0.85,49,
DN-97651,0.14,5,50,1.5
DN-97649,4.18,72.5,50,5.5
DN-97647,3.2,52.5,50,5.5
DN-97646,3.2,52.5,50,5.5
DN-97645,2.53,37.5,50,5.5
DN-97644,2.53,37.5,50,5.5
DN-97614,1.99,41,50,
DN-97610,2.43,37,52,
DN-97609,1.27,26,50,
DN-968913-LCA,0.88,27,20,6.5
DN-968913-LC,0.88,27,20,6.5
DN-96331/9,3.06,43.3,24.3,
DN-96007-1APC-OF,,11,20,30
DN-95412,1.45,75.5,12.5,
DN-95404,1.05,6.8,50,
DN-95401,1.05,6.7,50,
DN-95347-2,3.17,50,32,7.5
DN-95331,1.6,7,24,
DN-95323-1,1.94,20,31,
DN-95317,1.65,32,24,
DN-95211,0.16,2.5,10.5,15
DN-95205,0.13,15.3,8,2.5
DN-95132,0.04,10,16.8,4.3
DN-95118,2.69,9.5,28,34
DN-95117,5.33,50.5,40.5,9.5
DN-95116,4.17,50,28,10
DN-95108,0.29,6,12,
DN-95102-1,0.86,16,14,5
DN-94027,0.9,15.4,27,6
DN-93907-1-5,0.28,42,18,13
DN-93907-1-10,0.8,22,21,10
DN-93905-OD,0.06,18,1,10
DN-93905-2,0.1,5,5,2
DN-93903-5,0.3,21,22,10
DN-93708-6,0.83,19,13.5,5
DN-93603-8,0.1,18,12,7
DN-91624U-SL-SH,0.96,4,53,
DN-91624S-SL-EA-G,0.98,13,51.5,
DN-91624S-EA,1.81,8,56,
DN-91624S,1.56,51.5,5.5,
DN-91608SD,0.78,5.5,28.5,
DN-91424,0.59,5,53,
DN-91412,0.88,5,54,15
DN-91411-LF,0.77,12,52,5
DN-91411-G,0.87,7.5,56,10
DN-91410-LF,0.77,12,52,
DN-91350-1,1.2,5,51.4,
DN-91325-1,1.45,51.5,5.5,
DN-82160,0.8,24,13,6
DN-82150,0.8,24,13,6
DN-82133,0.35,25,13,5.5
DN-82130,0.45,5.5,13,
DN-82124,0.35,25,13,5.5
DN-82122,0.45,5.5,13,
DN-82120-1,0.45,6,21.6,
DN-82020-1,0.49,6,21.6,
DN-81242,0.15,26,26,3
DN-81226,0.04,32,32,
DN-81225,0.03,32,32,
DN-81224-01,0.02,32,32,
DN-81224,0.02,32,32,
DN-81223,0.02,26,26,
DN-81222-02,0.01,26,26,
DN-81222,0.01,26,26,
DN-81221-01,0.01,26,26,
DN-81220-01,0.01,26,26,
DN-81220,0.01,26,26,
DN-81011,0.04,3,12,
DN-80114,1.44,24,32,
DN-80112-2,1.4,8,23,37
DN-652103-1,0.56,5.4,13.5,16.5
DN-652102-1,0.56,5.4,13.5,16.5
DN-651143,0.05,16.2,21.1,6.4
DN-651127,0.62,21.5,15.5,
DN-651126,0.62,10.5,12,
DN-651120,0.48,13.5,16.2,5.3
DN-651119,0.83,15.4,21.3,6.7
DN-651118,0.48,13.5,16.2,5.3
DN-651107,0.46,16.5,6.5,
DN-650108,0.83,15.4,21.3,6.7
DN-650106,0.83,15.4,21.3,6.7
DN-650105,0.48,13.5,16.2,5.3
DN-49209,15.3,46,59,19
DN-49202,9.88,58,38.5,17.5
DN-49201,7.56,58,31.5,17.5
DN-49102,6.38,46.5,34.9,15.3
DN-49100,4.98,33,34.9,15.3
DN-48005,2.05,53,29,18.5
DN-48003,1.12,53,34.5,18.5
DN-48000,13.9,54,49.5,17.5
DN-45007,19,44,60,40
DN-45006,128,69,77,126
DN-45002,128,69,77,115
DN-38010,11,44,57.5,15.5
DN-19-DIN-4U,3.5,24,50,20
DN-19 TRAY-2-55,3.99,58.5,50,
DN-19 TRAY-1-400-SW,1.99,41,50,
DN-19 SRV-42U-8/12,148,125,85,211
DN-19 SRV-26U-B-G-1,71,105,65,140
DN-19 PLINTH-8/12-1,8,20,116,
DN-19 PLINTH-8/10-NB,7.8,20,96,
DN-19 PB-4U-SW,3.64,20.5,53,
DN-19 PB-4U,3.64,20.5,53,
DN-19 ORG-3U-SW,0.65,13.5,49,
DN-19 ORG-2-SW,0.92,16,28,
DN-19 LIGHT-3,0.35,9,49.5,6.5
DN-19 BPN-04-SW,0.73,18,49,
DN-19 BPN-03-SW,0.6,18,49,2
DN-19 BGL-1,2,83.7,6.2,
DN-19 42U-I-8/8-1,166,81.5,81.5,215
DN-19 42U-8/8-1,135,85,85,
DN-19 42U-8/12-1B,153,125,85,
DN-19 42U-8/12-1,153,125,85,220
DN-19 42U-8/10-D,150,108,88,
DN-19 42U-6/8-1,91,85,65,
DN-19 42U-6/6-1,74.7,65,65,
DN-19 36U-6/8-1,87.4,85,65,
DN-19 32U-8/8-D,74,85,85,
DN-19 26U-8/8-1,82,85,85,
DN-19 26U-6/8-1,70.8,85,65,
DN-19 20-U-SW,36,50,65,
DN-19 20U-6/6-SW,41,65,65,104.8
DN-19 20U-6/6,41,65,65,
DN-19 16-U-SW,32,50,65,
DN-19 16-U-EC,24.2,83,48,
DN-19 16U-6/6-SW,38,65,65,
DN-19 16U-6/6-EC-SW,27.8,83,63,87.5
DN-19 16-U,32,50,65,
DN-19 12-U-S-SW,18,59,63,
DN-19 12U-6/6-SW,31,65,65,
DN-19 12U-6/6,31,65,65,
DN-19 12-U,26,50,65,69.3
DN-19 09U-6/6-EC,20,52,63,50.51
DN-19 09U-6/6,24,65,65,
DN-19 07-U-SW,18,50,65,
DN-19 07-U-S-SW,13.2,45,59,
DN-19 07U-S-1,13.2,45,59,
DN-19 07-U-EC,15.4,43,48,
DN-19 07U-6/6-SW,20,65,65,
DN-19 07U-6/6-I-OD,38,65,65,
DN-19 07U-6/6-EC,18,43,63,
DN-19 07U-6/6,20,65,65,
DN-19 07-U,18,50,65,
DN-14001-2,0.3,19,12,5
DN-10-SET-2,7.2,36,35,
DN-1019,11.5,35.5,35.5,56
DN-10162,0.22,21,14.5,
DN-10136,0.24,3,15.5,22
DN-10 TRAY-1,0.45,16.5,27,
DKT31CHPDL,0.09,17,14.2,3
DKM30CHDPDUE,1.3,16.8,24.7,9.3
DKB5960HM,22.1,,,
DKB5660HM,18.7,,,
DK-39081-U,0.06,100,0.5,
DK-3901LCA-50,0.39,34,23,3.5
DK-3901LCA-30,0.23,34,23,2
DK-3901LCA-10,0.09,34,23,2.4
DK-330123-050-S,0.25,18.7,29.9,
DK31C2DHSPDUE,1.4,15,27,9.4
DK-2A33CU100BK-BBB,7.54,35,35,
DK-2A33CU050BK-BBB,5.3,35,35,
DK-2A338U075BK-BBB,6.42,35,35,
DK-292SCA3LC-02,0.2,17,17,
DK-25332-02/3,0.05,17,17,
DK-2533-10-5,0.09,17,17,29
DK-25221-02/3,0.09,17,17,
DK-1843-VH-5,30,34,39.5,
DK-1743-VH-D-1,10.1,36,36,
DK-1743-VH-5,27,55,55,
DK-1743-VH-305-MF-W,12.8,43,23,
DK-1743-VH-10,47,55,55,
DK-1743-A-VH-1,5.68,28,28,
DK-1644-A-PUR-150,0.53,5,23,32
DK-1644-A-300,1.02,4.6,28,
DK-1644-A-250,0.86,4.5,28,
DK-1644-250,1.29,4.5,28,
DK-1644-150-5,0.47,3,23,47
DK-1644-100-WH-5,0.32,2.8,19,36
DK-1644-100-G-5,0.32,2.8,19,36
DK-1644-100-BL-5,1.82,2.8,19,36
DK-1644-100-5,0.32,2.8,19,36
DK-1644-070-5,1.19,2.7,19,36
DK-1644-050-WH-10,1.7,2.2,17,36
DK-1644-050-R-10,1.7,2.2,17,36
DK-1644-050-G-10,1.7,2.2,17,36
DK-1644-050-10,1.7,2.2,17,36
DK-1644-030-Y-10,1.31,1.6,17,
DK-1644-030-WH-10,1.06,1.6,17,36
DK-1644-030-R-10,1.06,1.6,17,
DK-1644-030-10,1.31,1.6,17,36
DK-1644-020-WH-10,0.75,1.6,14,36
DK-1644-020-R-10,0.75,1.6,14,
DK-1644-020-G-10,0.75,1.6,14,36
DK-1644-020-B-10,0.75,1.6,14,
DK-1633-P-1,4.42,29,29,
DK-1623-VH-1,6.6,33,34,
DK-1623-A-P-305,9.25,39,39,20
DK-1617-250,0.65,4.34,23,32
DK-1531-P-1-1,3.48,27,27,
DK-1521-200,0.59,4.5,23,
DK-1511-V-1-1,2.6,12,23,
DISPL2M10PK,1.4,46,35,10
D-HPED800G5-UK-T001,2.95,12.8,49.7,22.3
D-HPED800G4-MU-T001,9,49.9,39.9,23
DGE5661HM,11.3,39,61,45
DEM-312GT2,0.06,13.1,7.4,4.9
DEM-211,0.06,13.1,7.4,4.9
DELL-U4924DW,27.7,,,
DELL-U4323QE,25.2,,,
DELL-U4025QW,19,,,
DELL-U3824DW,19,,,
DELL-U3425WE,15.1,,,
DELL-U3223QE,14.5,,,
DELL-U2724DE,10.2,,,
DELL-U2724D,9.4,,,
DELL-U2424HE,8.45,,,
DELL-U2424H,7.92,,,
DELL-SB522A,0.25,5.7,31,4.2
DELL-S3422DW,14.9,95,46.81,22.5
DELL-S2725HS,8.41,,,
DELL-S2725H,7.31,,,
DELL-S2722DC,9.78,81.99,13.99,44.7
DELL-S2721QSA,9.2,,,
DELL-P3424WEB,15.8,,,
DELL-P3223QE,13.4,,,
DELL-P2725HE,8.67,,,
DELL-P2725H,8.47,,,
DELL-P2724DEB,11.3,,,
DELL-P2425HE,7.24,,,
DELL-P2425H,6.78,,,
DELL-P2425E,7.12,,,
DELL-P2424HT,10.8,,,
DELL-P2424HEB,8.43,,,
DELL-P2423DE,7.97,,,
DELL-P2423D,7.44,,,
DELL-P2225H,6.15,,,
DELL-P1424H,1.12,,,
DELL-E2725H,6.8,,,
DELL-E2425HS,6.01,,,
DELL-E2425H,5.47,,,
DELL-C2423H,8.33,13.96,71.98,43.79
DECO X60(4-PACK)/KTO,1.21,19.4,22,12.5
DDR1327SE,3.9,33.78,35.05,10.41
DCPL2660DWZU1,13.9,51.7,58,43.4
DCPL2620DWZU1,12.6,51.7,58,43.4
DCPJ1800DWZU1,9.8,24.9,47.7,45.7
DB-600109-020-W,0.07,,,
DB-600106-010-W,0.07,2.3,7.5,
DB-340602-000-S,0.08,3,5.5,13.5
DB-340301-020-S,0.25,6,16,25.5
DB-340100-030-S,0.28,4,8,
DB-330121-020-S,0.05,9.5,7.5,3.6
DB-300127-018-S,0.12,5,7.5,
DB-160144-030-S,0.51,5,7.5,
DB-160144-020-S,0.17,5,7.5,
DA-90442,5.2,28.2,45.2,33.5
DA-90303-1,0.43,13,2.5,15
DA-73113,0.26,4,14,17
DA-73112,0.25,4,14,17
DA-73111,0.51,5,16.5,16.5
DA-73110,0.28,4,14,17
DA-73109,0.48,5,16.5,16.5
DA-71559,0.42,14.1,17.8,4.8
DA-71540-2,0.8,15,15.5,12.5
DA-71158,0.24,15.2,9.3,3.8
DA-71157,0.18,15.3,9.5,3.7
DA-70895,2.28,18,26.5,6.6
DA-70892,0.08,2.5,11.5,
DA-70865,0.23,14,17,
DA-70859,0.31,11.5,16,
DA-70624,0.88,6,48,10.5
DA-70473,0.14,26.5,7.5,
DA-70330-1,0.16,5,8,5
DA-70258-1,0.8,18.4,21,6.2
DA-70257,0.59,14,18.7,5
DA-70255,0.1,14,8.5,
DA-70242-1,0.11,11,2.3,
DA-70241-1,0.32,17,12,3.9
DA-70240-1,0.23,16,13.7,
DA-70231,0.35,14.5,6.5,2.2
DA-70222,0.31,14.5,6.5,
DA-70220,0.21,14.5,6.5,
DA-70166,0.11,20.3,8.6,
DA-10063,0.17,5,12,4.3
D01ML55U-FIBER-MEDIA,0.08,8,13.6,3.2
D01ML55P-FIBER-MEDIA,0.08,8,13.6,3.2
CZ101AE#BHK,0.05,3.7,11.3,11.5
CXX003,0.07,17.6,6.5,20.1
CXX002,0.06,17.6,6.5,20.1
CX3402CBA-PQ0202,2.71,45.5,7.3,29
CX2081,0.13,17.6,9,42.5
CX2071,0.08,17.6,6.5,20.1
CX2041,0.14,3.4,9,20.1
CX2031,0.05,2.2,6.5,20.1
CX2021,0.13,3.4,8,20.1
CX2011,0.05,2.2,6.5,20.1
CX1500CKA-NJ0295,2.57,6.5,46,29
CWGRV011,4.8,36.7,54,59
CUCT02BEU,1.54,33,19,48
Cubi NUC 13MQG i7 1365U vPRO BB,0,22,20.5,9.4
Cubi NUC 13MQG i5 1345U vPRO BB,0,22,20.5,9.4
CTE92SS,9.1,,,
CTE62SS,6.5,23,66,36.2
CSM4532-100EUS,20.5,88.8,59.3,18.6
CSE-LA26E1C4-R609LP,,61,61,22.9
CSE-847BA-R1K23LPB,,100.6,69.1,53.3
CSE-835TQC-R802B,34,86.1,67.6,33
CSE-825TQC-600LPB,23.6,87.6,67.8,28.9
CSE-813MF2TQC-505CB,14.1,75.4,59.4,21.6
CSE-514-R407W,11.4,61,68.6,20.3
CSE-216BE1C4-R1K23LPB,24,96,65.5,25.7
CS1768-ATA-E,4.07,54,11.6,23.3
CS1184H4C-AT-E,2.59,,,
CS1184H4-AT-E,2.54,,,
CS1184DP4C-AT-E,2.56,54,11.6,23.3
CS1184DP4-AT-E,2.54,54,11.6,23.3
CS1184D4-AT-E,2.54,54,11.6,23.3
CS1182H4C-AT-E,2.59,,,
CS1182H4-AT-E,2.54,,,
CS1182DP4C-AT-E,2.54,54,11.6,23.3
CS1182DP4-AT-E,2.49,54,11.6,23.3
CS1182D4C-AT-E,2.62,,,
CS1182D4-AT-E,2.57,,,
CS1148D4C-AT-E,4.32,,,
CS1148D4-AT-E,4.24,,,
CS1144DP4C-AT-E,3.01,54,13.1,23.3
CS1144DP4-AT-E,2.99,54,13.1,23.3
CS1144D4C-AT-E,3.05,54,13.1,23.3
CS1144D4-AT-E,3.04,54,13.1,23.3
CS1142H4C-AT-E,2.95,,,
CS1142H4-AT-E,2.9,,,
CS1142DP4-AT-E,2.91,54,13.1,23.3
CS1142D4-AT-E,2.98,,,
CRJ45C6STR50,,,12.5,1
CRI871/1,61,57.7,58.4,185.4
CRI621/1,54.5,57.7,58.4,183.4
CRI521/1,31,58.6,65.9,88.3
CPUWALLMNT,2.4,,,
CPUMOBILESTND,3.7,,,
GY51H47355,0.26,19.7,12.4,5.1
GY51D20878,0.12,8.6,14.1,4.3
GY50X79385,0.24,11.5,18,5.5
GXD1B87065,0.61,19.5,20,10.3
GX40Z50942,0.39,27.5,41,3
GX40Z50941,0.37,26,38,3
GV-N5070WF3OC-12GD,3,35.4,18.25,7.5
GV-N5070WF3-12GD,1.38,35.4,18.25,7.5
GUN21VFE0G,33.3,64,64,89
GUH3C4PD,0.04,3,13.4,14.4
GSN36VWEPG,72.4,66,77,193
GSN33VWEPG,69.8,76.5,66,182.5
GS27FA,6.91,50,74,15.6
GP-AORUS WATERFORCE II 360,2.52,47,20.9,14.3
GP-AORUS WATERFORCE II 240,2.07,37.5,20.9,14.3
GP.HDS11.01J,0.67,58.2,32,49
GP.BAG11.05N,0.24,40.64,27.31,2.54
GP.BAG11.034,0.5,46,33,44
GP.BAG11.02I,1.2,50,40,50
GN446224VPS,131,78,97.8,192.2
GIN81VEE0G,68.7,64,61,184
GEFORCE RTX 5070 12G VENTUS 2X OC,1.15,,,
GCL1916KIT,18.5,,,
GB-C500PI ST,9.97,56,31.8,52
GB-C500P ST,9.97,56,31.8,52
GB-C102GI,6.97,52.5,28.2,51.7
GB-C102G,6.97,52.5,28.2,51.7
GB-AC700G,23.5,82,40.6,77.3
GB-AC400G,10.1,51,31,56.2
GB2470HSU-W6,6.3,15.7,61,39.8
G6W84A,0.05,13.34,17.78,2.54
G5 MF5-H2UK354KO,4.52,49.1,10,33.9
G22CH-71470F047W,13.6,24,48,56.2
G1K28AA#ABB,,11,14.5,5
G16CHR-71470F089W,13.6,24,48,56.2
G0A3LG1WWW,0.38,3.2,10.7,22.1
FX607VU-RL033W,2.86,9,46.5,33.5
FWV452BL,3,55,55,5
FWD-75X80L/UK,45,18.7,181,110.7
FWD-50X80K/UK,18,14.1,122.5,78.2
FWD-43X80L/UK,16,14.1,107,69.5
FWD-43X80J/UK,14,14.1,107,69.5
FWD-32W8001/UK,7,14.2,80.1,51.6
FWD-32W800/UK,7,14.2,80.1,51.6
FW-98BZ53L,91,28.3,233,139.4
FW-98BZ30L,91,28.3,233,139.4
FW925/2,61,57.3,57.3,184
FW872/4,55.5,57.3,57.3,184
FW-85BZ40L,62,25.8,203.6,123.9
FW-85BZ35L,62,25.8,203.6,123.9
FW-85BZ30L,62,25.8,203.6,123.9
FW852/4,55.5,57.3,57.3,184
FW-75EZ20L,45,18.7,182.4,111.4
FW-75BZ40L,43,18.7,182.4,111.4
FW-75BZ35L,43,18.7,182.4,111.4
FW-75BZ30L,43,18.7,182.4,111.4
FW-65EZ20L,28,18.4,158.8,96.5
FW-65BZ40L/TM,31,18.4,158.8,96.5
FW-65BZ40L,31,18.4,158.8,96.5
FW-65BZ35L/TM,30,18.4,158.8,96.5
FW-65BZ35L,30,18.4,158.8,96.5
FW-65BZ30L,30,18.4,158.8,96.5
FW582/2,44,57.3,57.3,127
FW-55EZ20L,21,16,136.2,84
FW-55BZ40L/TM,23,16,136.2,84
FW-55BZ35L,23,16,136.2,84
FW-55BZ30L,23,16,136.2,84
FW522/2,43.5,57.3,57.3,127
FW-50EZ20L,16,14.1,124,78.2
FW-50BZ30L,17,14.1,124,78.2
FW-43EZ20L,12,14.1,107,69.5
FW-32BZ30J1,10,15.2,81.4,55.1
FW254,,58,64,88
FW224,,58,64,88
FS5W101,0.32,3.4,12,19
FS5W051,0.23,2.4,12,19
FS5451,0.81,20,12,22.5
FS5200,0.49,20,12,22.5
FS5102,0.31,2.5,12,22.5
FS5101,0.31,2.5,12,22.5
FS5100,0.31,2.5,12,22.5
RSMF09U30MNBL,4.01,,,
RS050,,16,16,6.5
RP318BWC0UK,82,72.5,67.5,193
RP318BSE1UK,68,,,
RP282BXE0UK,63,,,
RAX155,1.51,,,
RAX141,0.46,,,
RAX135ZN,2.41,,,
RAX105,0.45,,,
RAS605BL,3.11,,,
RAS600WH,2.26,,,
RAS425BL,6.68,,,
RAS415BL,2.26,,,
RAS105BL,2.45,,,
RAR215WH,4.01,43,53,5
RAR215BL,5.37,43,53,5
RAR210BL,2.01,33,53,5
RAR125,2.94,20,53,5
RAO425BL,1.04,,,
RAO420BL,0.52,,,
RAF300WH,3.01,,,
RAF205WH,0.1,,,
RAF115WH-UK,1.81,,,
RAF113BL,1.74,,,
RAF010,0.51,,,
RAD100WH,4.86,,,
RACK-24U-20-WALL-OA,21,121.5,42,16
R7J49A,0.8,19.4,21.2,6.6
QY776AA#ABZ,0.82,48.7,18.9,3.4
PIX631HC1E,15.8,60.8,75.3,12.6
PIV831HB1E,16.4,60.8,95.3,12.6
PH-PLEDKT_NV7_DWT01,1.59,,,
PH-HRLCD_WT01,0.34,21.5,13.6,5
PH-HRLCD_BK01,0.34,21.5,13.6,5
PH-F140D30R_DRGB_PWM_WT01_3P,1.03,,,
PH-F140D30_DRGB_PWM_WT01_3P,1.03,,,
PH-ES620PC_BK01,14,65,33,66.5
PH-ES614PC_BK,13.3,,,
PGP6B5B90,11,57.8,65.1,14.1
PG95330G-AT,10.8,194.5,22.9,17.9
PG95230G-AT,9.72,194.5,22.9,17.9
PG39WCDM,15.3,34.5,98,52.5
PG34WCDM,13.5,46.5,89,29.1
PCS7A5I90,15.8,59.7,79.3,14.5
PCS7A5B90,15,60.5,79.5,16.8
PC75,0.28,,,
PC302RF,0.54,,,
PC301,0.51,,,
PC202RF,0.85,,,
PBP6B6K60,8.4,57.8,65.1,14.1
PBP6B5K60,7.7,57.8,65.1,14.1
PBP6B2K60,8.7,57.8,65.1,14.1
PARB001,0.22,,,
PA740,2.74,29.9,27,8.2
PA400PEU,0.05,11,2.5,7.5
PA278CFRV,9,13.3,69.5,42.1
PA03810-B001,5.6,39.9,24.9,26.4
P67850-B21,,27.3,21.3,2
P5Q4A-USB-CARD,0.11,20.7,14.4,3.8
P581-006-V2,0.15,1.27,17.78,22.86
P568-000-LOCK,0.01,15.88,10.16,1.27
P566-006,0.11,1.27,17.78,22.86
MX2D3ZM/A,0.11,21.19,5.57,2.05
M7010,0.15,9.5,13.5,5
M6500XU-LP086W,2.57,46,6.5,29
M5506WA-MA042W,2.57,46,6.5,29
TC-MDPVGA/BL,0.4,22,17,
TC-L93CN-AR,20,,,
TC-L92BN-AR,6.53,,,
TC-L92AN-BR,2.31,24.1,32,24.6
TC-L82AN-FZ,2.99,24.1,24,32
TCG655GL,1.03,28.2,19.2,46.29
TC-DPVGA/BL,0.05,22,17,
TC3-AMP+CS-1900,1.1,,,
TC3 USBC,0.05,12,20,
TC3 RJ45/KS,0.02,16,8,2.2
TC 4MUSBC,0.1,22,27,2
TC 2MUSBCHDMI/BL,0.1,22,27,
TC 2MUSBCEXT,0.1,22,27,2
TC 2MDPHDMI/BL,0.11,27,22,
TC 1MUSBCA/BL,0.03,18,11,
TC 1MUSBCA,0.03,18,11,
TC 10MUSB+/2,0.35,17,18,7
TC 10M3.5MMP,0.2,22,27,1
TBB565GL,0.49,30,6,44
TBB013EU,0.88,47.5,19,35
TAS2505B/00,0.29,5.5,12.1,21
TAPO P100(2-PACK),0.23,10.6,8.5,7.5
TAPO BASIC-KTO,0.93,28.5,23.5,22
TAK4206BL/00,0.27,20.4,19.7,5.1
T9J02AA#ABB,0.3,29,35.5,3
T3V29A,31,71.3,78.3,52.7
T3U56A#B19,131.2,76,85.6,155.6
SEDC600ME/960G,0.09,0.91,12.95,18.42
SEDC600ME/7680G,0.09,0.91,12.95,18.42
SEDC600ME/480G,0.09,0.91,12.95,18.42
SEDC600ME/1920G,0.09,0.91,12.95,18.42
SEDC600M/960G,0.09,0.91,12.95,18.42
SEDC600M/7680G,0.09,0.91,12.95,18.42
SEDC600M/480G,0.09,0.91,12.95,18.42
SEDC600M/3840G,0.09,0.91,12.95,18.42
SEDC600M/1920G,0.09,0.91,12.95,18.42
SEDC2000BM8/960G,0.04,1.42,12.95,18.42
SEDC2000BM8/480G,0.03,1.42,12.95,18.42
SEDC2000BM8/240G,0.03,1.42,12.95,18.42
SCR01BC,0.09,2.7,8.3,11.3
SC020SS,33.4,,,
SA761PU,15.2,12.1,103.5,60.3
S55HK,6.8,32.7,87.5,25.7
S10-04G0020-EC4,0.4,,,
S0929020,4.4,44.6,9.2,46.5
RWP09U56BL,22.5,62,64,52
RWMIP66W012U45W,30,52,66,68
RWMIP55W20U45W,42.5,52,66,105
RWMD07UWH,12.7,50,65,15
XGS1935-28-GB0101F,4.58,39.4,50.8,9
XGS1010-12-ZZ0102F,1.22,22.5,30.6,6.4
XG32WCS,12.2,23.5,92,56.2
XG27UCDMG,10.3,16.3,86,50
XG27G1,6.3,14.7,79,48.3
XG275D1-4K,9.6,17.7,90.8,50.8
XG24G1,5.58,48.3,72,14.7
XG2201,0.53,20,12,22.5
XG2200,0.53,20,12,22.5
XBP48RM2U-LI,33,73.7,55.5,23.3
X7Q44AA#ABB,0.15,13.9,19.8,5.3
X7B04AA#ABB,0.06,10,10,3.7
X1505VA-L1761W,3.16,48.1,6.5,28.8
X1504VA-NJ814W,3.16,6.5,48.1,28.8
X1504VA-NJ513W,3.16,6.5,48.1,28.8
X1504VA-NJ1617W,3.16,6.5,48.1,28.8
WV724R9K0902,0.89,24.5,14,9
WV714R9K0902,0.89,24.5,14,9
WT734R9K0902,0.67,14,9.3,24.5
WT724R9K0902,0.41,15,9.3,7
WT714R9K0902,0.41,15,9.3,7
WT229CL,1.13,,,
WP600-B.AEK,1.77,31.4,33.9,12.4
WN704R0S0902,0.15,8.4,8.2,5.6
WKB-4050UB,0.45,12.7,38.1,2.54
WIZ029MYBK,1.79,6.89,18.66,21.87
WIC3C26NUK,37.5,,,
WIA008BTBK,0.74,3.35,12.25,12.25
WHULT900NW.CE7,0.44,20.15,7,25.4
WHULT900NH.CE7,0.44,20.15,7,25.4
WHULT900NB.CE7,0.44,20.15,7,25.4
WHCH720NP.CE7,0.44,20.8,5.5,26
WHCH520Y.CE7,0.31,17.2,4.4,22.8
WHCH520P.CE7,0.31,17.2,4.4,22.8
WHC18T332,67,60.8,58,184
WFLS910NW.CE7,0.18,8.5,6.6,9
WFLS910NV.CE7,0.18,8.5,6.6,9
WFLS910NG.CE7,0.18,8.5,6.6,9
WFLS910NB.CE7,0.18,8.5,6.6,9
WFL910W.CE7,0.16,8.5,5.8,8.9
WFL910V.CE7,0.16,8.5,5.8,8.9
WFL910B.CE7,0.16,8.5,5.8,8.9
WFC710NW.CE7,0.14,8.7,4.21,11.01
WFC710NP.CE7,0.14,8.7,4.21,11.01
WFC710NL.CE7,0.14,8.7,4.21,11.01
WFC710NB.CE7,0.14,8.7,4.21,11.01
WCH013MYWH,0.21,6.25,5.46,15.85
WBEXTWAR1YR-SP-02,0.11,,31.8,24.1
WBEXTWAR1YR-SP-01,0.11,,31.5,24.1
WBE530-EU0101F,1.03,18.1,28,6.6
W7IHF60TUSUK,37.5,67.5,62.5,91
W7FHS51AXUK,49,67.5,62.5,91
W7FHP33UK,49,59,62.5,91
W5821EW,65,75,64,194.5
W2IHD524UK,37.5,67.5,62.5,91
W2FHD626UK,44.9,67.5,62.5,91
W2193A,0.73,9.6,36.3,11.1
W2192A,0.73,9.6,36.3,11.1
W2191A,0.73,9.6,36.3,11.1
W2190A,0.73,9.6,36.3,11.1
W2133A,1.23,14.8,37.4,18.8
W2130A,1.23,14.8,37.4,18.8
W1331A,1.34,20.1,35,15.9
VZ24EHF,4.12,11.7,59.6,38.5
VY27UQ,6.8,14.8,67.9,44.5
VY249HF-W,4.6,13,60.3,39.2
VY229HF,4.2,41.2,56.5,13.3
VX3480-2K-PRO,9.8,21.3,93.3,49.8
VX3276-4K-MHD-2,8.1,12.5,77,51
VX27G1-HD,4.9,12,68,46
VX2779A-HD-PRO,5.5,13.5,68,46
VX2758A-2K-PRO-3,6.4,12.8,70.6,47.1
VX24G1-HD,4,12.2,60.2,41.5
VX2479J-HD-PRO,6.4,18,60.7,39.6
VX2479A-HD-PRO,4.2,12,60.5,40
VS82H-AT,0.2,11.9,5.9,16
VS82H,0.2,11.9,5.9,16
VP229HF,3.8,13,55.5,39
VM8584K2,1.15,42.6,28.5,5.7
VM8584K1,1.14,42.6,28.5,5.7
VM7584K2,1.07,42.6,28.5,5.7
VM7584K1,1.07,42.6,28.5,5.7
VLM-TPM,0.21,13,16.5,2.7
VLM-S,0.87,19,32.5,4.5
VLM-F,0.25,26.8,5,2.4
VK302,0.33,12.7,12.7,2.3
VK2100A-AT-E,3.51,54,13.1,23.3
VK1200-AT-E,2.08,41.4,20.7,11.7
VIGI C540(4mm),0.95,21.3,16.3,24.3
VG34VQ3B,10.8,19.8,94,46.6
VG3457CV,15.5,49.5,99,23.8
VG328QA1A,8.8,18.5,80,52
VG3208-4K,9.8,14.7,87.5,51.5
VG27WQ3B,6.9,15,68,52
VG27VQ3B,6.3,15,68,52
VG27AQL3A,9.3,17,81.5,47.7
VG2756V-2K,11.5,22.5,68.9,45.2
VG2709U-2K,8.1,14,77.5,46.5
VG24VQER,4.9,19,62,40.3
VG2448A-2,8.2,21,59.5,39.6
VG2208A-HD,,15.3,55,34.8
VFM-WVC/2,4.5,14,104,10
VFM-POST,14.2,155.2,28,16.5
VFM-F12,20.8,107,36,15.5
VE883AK2-AT-E,2.73,54,11.6,23.3
VE2812PR-AT-E,0.76,23.9,5.9,16
VE1901AEUT-AT-E,0.59,23.9,5.9,16
VE1843-AT-E,1.4,50,23.2,28.3
VC965-AT,0.1,12,1.9,21.2
VB-WMK-001-2C,7.14,,,
VA3820C,13.3,19,115,52.5
VA27EQSB,8.4,19.5,68,51.5
VA279HG,6.18,14.6,69,45.2
VA2718-SH,6.5,13.6,69.5,47
VA240-H-2,4,11,60.6,41.9
VA2406-H,4.8,14.4,62.2,42
V8Y76A#ABY,0.12,11,24.5,3.5
V812-055R,0.63,,,
V809-4266R,0.77,,,
V12H774010,,19,3.5,6.2
V12H758040DA,4.84,44.5,23.5,17.3
V11T73C1,0.36,26.7,17.8,26.7
V11T69C23,0.19,22,13.5,22
V11HA86040,3.68,32.2,36.5,16.5
V11HA52940,22.1,76.5,57,27
V11HA52840,21.9,76.5,57,27
V11HA35940,20.6,76,56.1,26.5
V11HA34940,21.5,76,57,27
V11HA34840,21.5,76,57,27
V11HA33940,21.5,76,57,27
V11HA33840,21.4,76,57,27
V11HA26040,12.3,56.5,54,21
V11H987040,4.68,39.5,38.5,17.5
V11H871041,6.4,53,38.3,21
V11H796041,3.73,42,37,14.5
V10T61C24,0.35,27.2,18.6,29.7
V10T59C1,0.35,27.2,17.3,29.7
UX8406MA-PZ203W KTO,2.95,33.5,4.55,23.6
UX5406SA-PZ169W,3.67,7.5,41,28.4
UX3405CA-QL241W,3.67,7.5,41,28.4
UX3402VA-KM468W,3.67,41,7.5,28.4
UW8F2CXLSB2,71,72.5,64,194
USGFLEX50H-EU0102F,1.27,9.9,27.8,18.9
USGFLEX50H-EU0101F,1.27,9.9,27.8,18.9
USGFLEX50AX-EU0101F,1.53,9.8,27.6,18.5
USGFLEX500-GB0101F,2.83,24.5,35.1,15.2
USGFLEX100H-EU0101F,1.62,9.9,27.8,18.9
USGFLEX100AX-EU0102F,1.53,10,28.4,19
USGFLEX100AX-EU0101F,1.53,10,28.4,19
USB2EPR4MW,0.14,20,22,2
USB2EPR4M,0.14,20,22,2
USB2EPR3MW,0.1,20,22,2
USB2EPR3M,0.1,20,22,2
USB2EPR2MW,0.08,12.8,22,1
USB2EPR2M,0.08,12.5,22.5,1
US3311-AT-E,1.01,28.3,6.2,17.3
UR4584W,29.5,60.1,57.6,89.6
UNIVMK25-LAPTOP-LOCK,3.9,25.8,33.3,12.7
UNIVKA25-LAPTOP-LOCK,3.4,25.8,33.3,23.7
UNIVCS-LAPTOP-LOCK,0.15,12.8,20.5,2.5
UNIVCS25-LAPTOP-LOCK,3.9,27.3,17.4,23.6
UM5606WA-RJ091W,3.97,43,8,28.4
UM5606WA-RJ090W,4.82,48.8,6.5,31
UM3406KA-PP013W,3.67,7.5,41,28.4
UM3406KA-PP005W,3.67,41,7.5,28.4
UM.WV7EE.033,3.7,11.8,63,36.1
UM.QX2EE.G10,5.28,13.2,60,39
UM.QX0EE.H01,4.5,13.1,60.7,42
UM.QV7EE.G11,5.41,13.2,60,39
UM.QS2EE.010,3.62,10.1,61.2,40.5
UM.QQ0EE.104,3.9,13.3,60,39.1
UM.QB7EE.G14,7.36,14.6,63,42
UM.QB2EE.G11,8.09,14.6,63,42
UM.NZ7EE.002,27,57.5,145,47.5
UM.JXXEE.X02,9.85,18.3,90.9,51.9
UM.JXXEE.S02,11.7,20.8,79.3,51
UM.JX3EE.302,12.8,22.4,90,52.5
UM.JX0EE.307,7.9,13.3,8.83,51.3
UM.JS2EE.A14,7.86,11.6,79.6,51.5
UM.JB2EE.E03,12.5,21.5,83.3,51.5
UM.HX3EE.311,9.8,22.5,68,52.5
UM.HX2EE.G08,6.1,12.1,69.5,43.3
UM.HX0EE.318,5.8,14.1,68.9,44.5
UM.HV2EE.304,6.3,14.5,68,46.6
UM.HQ0EE.104,5.5,15.5,68,43.5
UM.HE1EE.G02,5.1,15.6,68.7,44.3
UM.HB8EE.E10,12.8,22.5,68,52.5
UM.HB7EE.G07,9.34,14,69.4,51.4
UM.HB2EE.G08,9.04,14,69.4,51.4
UM.GXXEE.104,9.65,16.7,83.4,48
UM.FX2EE.F02,7.04,19.8,62,52.2
UM.CX0EE.012,9.25,19.1,98,46.3
UM.CC2EE.002,1.06,23.8,90.7,47.9
ULS17C1,0.35,48.5,32.5,51.2
UL4584W,31,60.1,57.6,89.6
UL4584S,31,60.1,57.6,89.6
UH36 MONO UC,,6,17,19.5
UH34 Mono UC,,6.3,17,19.5
UFS4584W,28.5,60.1,57.6,89.6
UFF4584W,31.5,60.1,57.6,89.6
UFF4584S,31.5,60.1,57.6,89.6
UC-CAM10PRO-1,0.5,9,16.2,12.4
UCC-3M-10G-USB-CABLE,0.2,21,19,3.2
UC3430-AT-E,1.91,11.7,41.4,20.7
Z1CU_17_GB_CTO,1.67,33.4,5.57,24.37
YSV-2CSMD-4CK,3.73,34.4,19.9,28.2
YSV/390/DB1,14.8,38,37,42
YSS/250/EB1,13.8,36,41.05,32
YSEB/400/EB1,18.2,38,40,44
YSEB/250/EB1,13.1,36.5,38,29
YSEB/200/EB1,9.1,26,38,23.5
YLV/200/DB1,10.2,37,45,23
YLEB/200/EB1,14.9,41,51,24
XVC2140,0.58,14.7,12.2,17.1
XUB2797QSN-W1,8.7,13,67.9,42.7
XUB2792QSU-W6,7.9,16.8,69,45.5
XUB2792HSU-W6,,16.8,69,45.5
XUB2497HSU-W2,6.9,12.6,68.5,40.5
XUB2492HSU-W6,,15.9,60.9,39.8
XUB2292HSU-W6,5.9,15.9,56,38
XR65X90LU,33,16.7,157.4,100.4
XR65A80LU,32,95.8,157.4,18
XR55X90LU,24,16,134.8,84.2
XR55A95LU,24,17.5,136.3,83.7
ZT41143-D9E0000Z,18.6,,,
ZT41142-D9E0000Z,18.6,,,
ZRDN18ES3,61,60,59,184
ZP2000GP3A2001,0.11,15.5,10.9,2.4
ZP1000GM3A073,0.12,2.4,10.9,15.5
ZP1000GM3A063,0.07,10.9,15.5,2.4
ZP1000GM3A004,0.07,2.4,10.9,15.5
1208618,,5.3,19.4,20.7
110C1F3NL0,18,50,51.6,40
110C1D3NL0,24,54.1,55.5,57.2
1102SG3NL0,25,55.5,54.1,57.2
1080PRIVWC,0,4.7,15,9.3
097S05244,17.5,56.5,53.5,23.6
097S04910,13.3,66.4,70.99,25.3
03X7609,0.96,15.8,21,7.5
02-SSC-1715,13.5,,,
02HM857,0.2,,,
013R00700,3.63,54.5,38,32.5
013R00691,0.78,38.1,12.19,23.62
010-02540-01,0.28,10,10,10
008R13325,0.75,46.5,19.2,14
008R08101,0.68,16,54.5,7.5
006R04821,0.45,18.49,11.7,9
006R04820,0.45,18.49,11.7,9
006R04816,0.86,10.4,34.5,13.2
006R04793,,32,18.5,10
006R04792,,35.5,18,12.5
006R04762,,32,11.5,11
006R04761,,32,11,11
006R04760,,32,11,11
006R04755,,32,11.5,11
006R04753,1.01,35,24,15.5
006R04685,0.44,18.5,11.7,9.05
006R04627,0.45,17.78,10.16,7.62
006R04625,0.45,17.78,10.16,7.62
006R04624,0.91,17.78,10.16,7.62
006R04581,0.76,34,11.5,7.5
006R04580,0.76,36,17,12.5
006R04517,0.62,34.5,11,8.5
006R04465,1.34,35,16.5,16.5
006R03669,1.81,35.05,14.99,23.88
2215-88135-001,0.3,21,19,5.5
20N2HY0,0.9,40,12.5,12.5
20N2HM0,0.9,40,12.5,12.5
1GF025CPD4L02,0.18,13.9,7.4,5.9
1GF025CPA2L02,0.18,13.9,7.4,5.9
1F3Y3A#BHC,7.2,19.8,49.5,47.8
172B9TL/00,7.95,15.9,44.5,42
2L-7D03UHX5,0.6,,,
2L-7D02UDPX5,0.43,,,
27X0500,0.24,21.6,15.2,3.8
272E1CA/00,6.9,18.6,73,53.8
243B1JH/00,7.56,19.8,73,46.5
23ND-CKSE-WW,0.61,30.2,15.2,7.2
45B1U6900CH/00,17.3,53.5,118,23.5
45B1U6900C/00,17.1,53.5,118,23.5
45536507,2.5,11.4,53.6,11.1
444444785,59.5,69.3,71.8,96.5
444444784,52.4,69.3,71.8,80
444444080,94,72,103,103.5
444411880,139,71.4,116,97.5
444411879,132,71.4,116,97.5
444411877,142,71.4,116,97.5
444411876,142,71.4,116,97.5
444411875,130,71.4,106,97.5
444411873,124,71.4,106,97.5
444411872,134,71.4,106,97.5
444411871,134,71.4,106,97.5
444411870,98.6,71.4,96,97.5
444411869,98.6,71.4,96,97.5
444411868,102.6,71.4,96,97.5
444411867,102.6,71.4,96,97.5
444411866,130,71.4,116,97.5
444411865,130,71.4,116,97.5
444411864,130,71.4,116,97.5
444411863,140,71.4,116,97.5
444411862,140,71.4,116,97.5
444411859,122,71.4,106,97.5
444411858,122,71.4,106,97.5
444411857,132,71.4,106,97.5
444411856,132,71.4,106,97.5
444411855,132,71.4,106,97.5
444411854,96.6,71.4,96,97.5
444411853,96.6,71.4,96,97.5
444411852,96.6,71.4,96,97.5
444411851,106,71.4,96,97.5
444411850,106,71.4,96,97.5
444411849,106,71.4,96,97.5
444411848,76,71.4,64.2,98.8
444411846,76,71.4,64.2,98.8
444411845,7.8,71.4,64.2,98.8
444411842,110,71.4,116,97.5
444411841,110,71.4,116,97.5
444411840,110,71.4,116,97.5
444411838,108,71.4,116,97.5
444411837,108,71.4,116,97.5
444411836,106,71.4,116,97.5
444411835,106,71.4,116,97.5
444411834,106,71.4,116,97.5
444411832,104,71.4,106,97.5
444411830,102,71.4,106,97.5
444411829,102,71.4,106,97.5
444411828,102,71.4,106,97.5
444411826,100,71.4,106,97.5
444411824,98.4,71.4,96,97.5
444411823,98.4,71.4,96,97.5
444411822,98.4,71.4,96,97.5
444411820,96.4,71.4,96,97.5
444411819,96.4,71.4,96,97.5
444411818,94.4,71.4,96,97.5
444411817,94.4,71.4,96,97.5
444411815,71,71.4,64.2,97.5
444411814,73,71.4,64.2,97.5
444411813,73,71.4,64.2,97.5
444411812,73,71.4,64.2,97.5
444411810,71,71.4,64.2,97.5
444411809,71,71.4,64.2,97.5
444411808,110,71.4,116,97.5
444411807,110,71.4,116,97.5
444411806,108,71.4,116,97.5
444411805,108,71.4,116,97.5
444411800,102,71.4,106,97.5
444411799,102,71.4,106,97.5
444411796,98.4,71.4,96,97.5
444411795,98.4,71.4,96,97.5
444411794,96.4,71.4,96,97.5
444411793,96.4,71.4,96,97.5
444411791,94.4,71.4,96,97.5
444411683,17.1,41.5,97.2,60.3
444411679,15.4,41.5,67.2,60.3
444411668,135.9,37.5,97,58
444411666,19.4,41.5,127.2,60.3
444411665,18.6,41.5,127.2,60.3
444411658,0.02,37.5,117,58
444411656,0.02,37.5,97,58
444411655,0.02,37.5,117,58
444411654,0.02,37.5,117,58
444411653,0.02,37.5,117,58
444411652,0.02,37.5,117,58
444411651,0.01,37.5,97,58
444411647,0.02,41.5,127.2,60.3
444411645,0.02,41.5,97.2,60.3
444411636,12.8,57.4,66.4,16.6
444411635,9.8,57.4,66.4,16.6
444411631,53.7,71.8,69.3,80
444411630,53.7,71.8,69.3,80
444411627,3.82,72,65,67.1
444411626,38.2,72,65,67.1
444411487,110,74,104.5,104.5
444411403,5.96,69.3,71.3,96.5
444410185,11.5,64.5,69,11.5
444410037,45.8,68.8,64.8,67
441-59,0.25,4.1,8.1,16.4
441-58,0.15,4,10,16.3
441-57,0.15,4,10,16.3
441-24,0.06,25,9,16.6
441-03,0.09,3.7,9.7,17.9
44059254,0.68,7.2,38.3,11
44059212,0.7,7,38.8,11
44059210,0.68,7,38.8,11
43V6C-UK,,11,106.9,64.3
43UH7N-E.AEK,12.8,14.2,105.5,66
43S5400AK,8,12.8,107.5,65.2
43RC650K,9.2,12,107.5,64.1
43P7K-UK,,12,107.5,64.1
43P755K,9.01,12,107.5,64.1
43N05AA#ABB,0.12,7.8,12.9,4.7
43N05AA,0.12,7.8,12.9,4.7
43C655K,9.2,,,
439Z3EA,,48.3,6.9,30.5
43979202,0.42,5.7,26.2,7.1
43870021,1.31,14.9,37.2,23.1
43870007,1.31,14.9,37.2,23.1
43870006,1.31,14.9,37.2,23.1
43870005,1.31,14.9,37.2,23.1
43837131,0.7,10.2,48.4,11.7
43837130,0.7,10.2,48.4,11.7
43410,0.9,15,23.5,8
43408,0.6,11.5,20,7.5
43381907,0.42,11.3,30.2,7.2
43381708,1.31,14.9,37.2,23.1
43381706,1.31,14.9,37.2,23.1
43373,0.2,8,18.5,2.5
43372,0.4,15.1,17.4,5.6
43337,0.03,2,17.4,19.4
43324424,0.54,11.3,30.2,7.2
43298,0.03,17.4,19.4,
43228,0.51,17,15.3,7.1
42918107,2.34,16.2,52.8,20
42918106,2.32,16.2,52.8,20
42918105,2.34,16.2,52.8,20
428K6AA,0.21,14.4,17,5.4
428H5AA,0.21,14.4,17,5.4
42869403,0.7,,,
42681,,15.5,21.5,5
42127406,0.54,11.3,30.2,7.2
421-09,0.75,8,3,8
421-05,0.7,7,18,20
421-04,0.35,5,8.2,17
421-03,0.4,5,18,8.5
421-02,0.1,3.5,9.5,15
421-01,0.1,3.5,9.5,15
420-99,0.92,5.1,11.8,21
420-94,0.28,2.7,9.2,20
420-92,0.62,3.7,1.4,21.4
420-91,0.3,17.2,9.8,3.8
420-84,3.1,14,24,23
420-82,9.5,16,54,70
420-81,4.8,11,37,11
420-80,2.4,7,31,38
420-78,3.7,11,31.5,28
420-53,0.3,3,11,21.5
420-35,0.45,5,11,21.5
40Z29AA#ABB,12,19,69.5,48.3
40Z26AT#ABB,17.7,28.1,90.5,48.1
40Z26AA#ABB,17.7,28.1,90.5,48.1
40RS550K,5,12.5,80,50.6
40Q45B#687,10.2,29.8,50.6,40.8
40N9123,19.1,55.6,33.2,51.9
40LF2F53DB,8.15,14.5,98.5,60.8
40CLCBLBAR,0.25,12.9,14,7.7
40CLCBCTRL,0.81,8,28,11
40B90100UK,0.64,14,15,5
40B30090EU,0.85,17,18.8,7.2
40B20135IT,1.25,15.8,21,7.5
40B20135EU,1.25,15.8,21,7.5
40B20135DK,1.25,15.8,21,7.5
40B1U5601H/00,17.8,22.6,107,50.7
40B1U5600/00,17.6,22.6,107,50.7
40B10135EU,1.23,19.5,27,8.5
40AV0135IT,1.21,17.5,20.4,7.5
40AAPF03-BF5,2.24,25.2,35.2,43.4
40982,4.53,27.7,30,20
40710,2.33,12.5,43,13.5
40709,2.33,12.5,43,13.5
40708,2.86,17,32,40
40707,2.47,40,32.5,11
406L9AA,,20.95,25.08,6.5
3WT91A#B19,126.5,76,85.6,155.6
3V444EA#ABU,,43.5,6.7,26
3V2X4AA#ABB,0.07,9.2,19,2.7
3V0G9AA#ABB,0.12,7.8,12.9,4.7
3QA55A#B19,26.3,49.7,59.7,49
3PZ95A#B19,21.6,37.9,49.7,58.3
3PZ15A,11.4,27.8,44.3,46.4
3MZ76A,3.81,48.89,,21.59
3MP2AG-MONITOR-ARM,8.9,39.5,55.5,11.5
3M1A3SG-MONITOR-ARM,10,61,33,15
3L1F0AA,0.84,22,45.6,4.4
3J122AA#ABB,0.09,9.2,21.5,2.8
3J122AA,0.09,9.2,21.5,2.8
3G652F,9.8,27.8,43.8,46.6
3G651F#B19,9.8,27.8,43.8,46.6
3G651F,9.8,27.8,43.8,46.6
3G630F#B19,13.6,37.9,49.7,49
3G630F#ABY,13.6,37.9,49.7,49
3G629F#B19,13.6,37.9,49.7,49
3G629F,13.6,37.9,49.7,49
3EK11A#B19,113,76.7,147.7,80
3E5F9AA,0.54,5.2,38,27
3E5F8AA,0.66,6.5,39,29
3E2U7AA,0.37,2.2,25,36
3E2U6AA,0.64,5,33.5,45
3E2U5UT,0.79,14,32,47
3C753A,9,57,114,9.5
3B4Q5UT#AC3,0.18,11,13.5,4.8
3B4Q5UT,0.18,11,13.5,4.8
3B4Q2AA#ABB,0.15,4.7,8.5,12.1
39383,0.74,13.5,21.5,7.5
39314,1.61,18.5,30,11.5
39313,0.98,24.8,29.2,5.5
38S0913,25.1,55.9,58.4,65.9
38S0510,17.2,43,47,42.2
38S0313,15.3,43,47,37.6
38535,0.51,7,24,13
38534,0.46,7,20,11.5
38532,,1.5,2.95,20
38431,0.13,19.4,17.4,2
38421,0.05,14.4,13.3,
38398,0.73,13,22,7
38395,0.95,15.7,25.5,7.7
38392,0.9,,,
38385,1.26,23.8,29.2,5.5
38384,0.2,15.4,9.8,4.6
38365,1.3,18.5,24.5,7.5
38364,0.96,15.7,25.5,7.7
38359,4.06,32.8,51,9.5
38339,0.09,9.3,12.7,1.7
381V1A#B19,12.6,39.8,49.7,40.9
381L0A#B19,9.8,33.1,43.2,38.8
37979,,22.3,28.5,6.1
37974,,24.2,53,5
37972,,10.5,67.2,3.5
37970,,23.3,22.3,2.5
37900598,33.2,58,64,88
37900594,59,57.3,57.3,184
37001605,28,51,57.5,89
37001594,30,57,58.3,89
37001592,30,57,58.3,89
36901017,8.85,24.5,65,54
36900984,10.5,24.5,95,54
36900938,14.5,38.3,64,54
367-6199-4,1.36,16.51,52.07,7.62
367-5938-4,1.93,16,50.5,7
367-5935,0.51,14.1,15.2,13
367-5876,0.09,23.81,9.52,6.35
367-5763,0.1,18.73,8.89,6.03
3531B001,0.1,11.5,11.5,10
34WR55QK-B.AEK,10.3,1.08,98.55,52.32
34WR50QK-B.AEK,8.4,21.2,98.6,52.4
34M2C6500/00,10.6,52.5,90,22.6
34M2C3500L/00,9.47,18.8,93,48
34E6UC,9.05,,,
34E1C5600HE/00,12.4,22.6,98,51.9
34C29-PRIVACY-SCREEN,0.7,47.3,87.5,0.5
34B1U5600CH/00,15.4,28.2,90.4,52.5
34901620,31.8,56.5,63,88
34901618,57,59.7,58,183.2
34901599,67.8,57.3,57.3,184
34901598,67.8,57.3,57.3,184
34901582,63.5,57.3,57.3,184
34901284,55.1,66.5,65.5,87
34901283,53.6,66.5,65.5,87
34901204,20.9,51,17.5,89
346P1CRH/00,15.5,28.2,90.4,52.5
346E2LAE/00,10.7,18.6,93,52.5
34005696,104,75,96.8,193
34005677,57,59,58,182
34005675,57,59,58,182
34005674,57,59,58,182
34005673,57,59,58,182
34005554,29,58.8,57,88.5
34005553,29,58.8,57,88.5
33802049,7.64,55.6,63.4,12.7
33703586,29,64.6,62,64.6
32WF2F53DB,5.3,12.8,79.5,53
32UQ850V-W.AEU,10.8,50.7,82.1,21.3
32M2N8900/00,13.7,16,84,51
32M2N6800M/00,12.2,22.6,93,52.6
32M2C5501/00,7.72,16.1,73,44.5
32M2C5500W/00,11.1,22.6,90,52.7
32M2C3500L/00,9.03,18.8,78,52
32GS95UV-B.AEK,13.9,54.4,97.3,18.3
32GS85Q-B.AEK,10.3,16.8,96.9,53.1
32GS60QC-B.AEKQ,7.7,18,78,50
32E1N1800LA/00,9.68,26.1,87,51.2
32B1U3900/00,16.2,18.6,93,56.3
32B1N3800/00,16,18.6,93,56.3
329P1H/00,15.5,18.6,93,56.3
32901622,37,67.6,64,89.6
32901593,37,67.6,64,89.6
32901510,41,63.1,51,88.2
326P1H/00,15.5,18.6,93,56.3
325B1L/00,13.6,18.6,93,56.3
325-27,0.15,6,14,16
5Q7R2EA#ABU,,44.9,6.9,30.5
5HX14A#BHC,,8.5,48,
5HH64F#B19,23.6,49.7,59.7,49.2
5E8Q7EA#ABU,14.3,57.2,31.4,56.3
5E8M7EA#ABU,27.9,73.4,33.2,63.6
5776C005,1.1,30,25,25
5654C004,0.83,14,28.4,12.6
55VSH7J,23.6,26.3,135.3,85.5
55UL3J-M,18.8,16.2,136,81
55UH7N-E.AEK,20.5,16.1,136,80.1
55RC650K,15.5,13.2,139.2,86.3
55QNED80T6A.AEK,19.6,15.2,136,81
55PF650K,12.7,12.4,135.5,82.5
55B2H0E,1.18,37,17,16
55B2000,0.97,37,17,16
5578-230-309,0.14,9.3,14.1,4.3
55037507,0.08,2.4,10,10
55036654,0.13,10,10,4
55036653,0.13,10,10,4
55020DRK,0.55,14,14,6.5
55020DAC,0.38,9,12,12
55020BGS,,12,12,6.5
55020AGG,0.51,14,14,6.5
54G0H00,0.7,49.8,7.6,8.6
53X27AA,0.11,10.7,,
53822,3.62,40,40,20
53811,3.62,40,40,20
53683,0.19,3.45,10,15.5
51F2H0E,0.9,13.6,45,18.2
5101-119,,10.8,2.85,16.3
50V6C-UK,,11,123,76.8
50UV2F53DBU,12.3,14.5,121.5,74.2
50UM662H4LC.AEK,15,15.2,121.5,77.5
50QNED87T6B.AEK,20.1,17.2,121.5,81
50QF5D53DB,,16.5,121.5,78
50Q7C-UK,16.1,15.5,126.5,77.5
50PF650K,10.6,11,123,76.8
50P7K-UK,,13.3,126.2,76
50P755K,12.3,13.5,126.5,76.2
50M7053,32.3,57.5,63.6,60
50M0073,23.9,49.5,59.5,40.2
50M0033,23.9,49.5,59.5,40.2
50H98AA#ABB,0.18,6.5,23.5,4.5
50G0853,6.83,55.2,49.8,48.1
50G0220,29.9,65,55,56.5
50C6KS-UK,12.1,13.5,126.5,77.5
50C655K,12.7,,,
FPWTLTBAT,4.8,98.7,23.6,6.5
FONE540,2.55,27,27,36.5
FO32U2P EK,13.2,19,98,58
FNP4686W,72,76.2,66.1,192.3
FKR29653C,57.5,60,58,182.5
FKR29653B,57.5,60,58,182.5
FK1984/1,49,62,53.5,159
FIDCN9B5L,2.2,64.6,62,66.5
FIDCN935L,2.2,64.6,62,66.5
FH-106737.2,6.9,22,13.4,26.5
FFP4671W,67,73,66.5,179.4
FFL023MW0B,14,,,
FFL023MS2B,14,,,
FFL020MS2B,14,,,
FFG4545W,47.9,63,58,153
FDR2213DB,46,74,58,150.5
FDR2213C,46,74,58,150.5
FDR2213B,46,74,58,150.5
FA607NU-RL051W,2.86,10.6,33.5,42
FA401WV-RG010W,2.39,7,43.5,29
F9K00A,0.25,12.9,20.2,4
F9J99A,0.25,12.9,20.2,4
F9J98A,0.25,12.9,20.2,4
F9J97A,0.25,12.9,20.2,4
F9J96A,0.25,12.9,20.2,4
F9J95A,0.25,12.9,20.2,4
F9A28D#B19,65.7,57,131,64.5
F8N900BTBLK,0.59,12.4,33.2,46
F0HR001QUK,9.5,23.1,66.2,55.1
F0HQ001GUK,11,22.3,76.6,57
EY3A002,0.56,11.3,15.3,18.4
EY2A013,9.7,54,29,52.8
EY2A012,9.9,54,29,52.8
EVP62SS,,385,65.3,55.5
EVA90BL,1.74,39.5,48,96
EVA60BL,0.01,40,65,48.5
ES0154P-AX-E,7.91,65,55,15
ES0154-AX-E,7.18,65,55,15
ER7SHELFS,,48,58,11
ER7PDUBRKT,1,21,20,8
ER7212PC,1.92,37.4,22.7,7.3
EPDU1132MBO,8.29,13,19.5,203
ENCOWLHS,0.01,7,16.1,20.3
ENBRKT,1.09,23.88,19.3,11.94
EN640.B,5.6,44,26.5,36
EMD1,0.46,14.9,14.6,9.4
ELPLP75 / V13H010L75,0,15.5,14,14
ELPLP55 / V13H010L55,0,15.9,14.2,14.1
EKP60SS,15,37,65,60
EKP60BL,13.2,37,65,60
EGA60BL,17.8,50,70,50
EDG426.GY,2.66,32.6,14.3,14.3
ECPK91SS,25.5,57,100,67
ECB1SPV1,1.58,34,52.5,73.5
ECAM290.83.TB,11.92,48.8,29.5,40
ECAM290.21.B,12.15,49.6,30.7,40.8
EC9155.GR,13.2,45.5,34.5,46
EC885.M,6.3,39.5,20.5,38
EC885.GY,6.3,39.5,20.5,38
EC885.BG,6.3,39.5,20.5,38
EC260.GR,4.99,30.8,24,36
HUBBIES11BP,,3.5,13,14
HSE211E,0.05,,,
HORIZON,,51,26.5,54.5
HN7306WV-LX012W,3.67,51.5,6.5,30.5
HLL5215DNQK1,11.6,38.8,37.3,25.7
HLL3220CWZU1,17.5,48.8,48.8,37
HLL2865DWQJ1,9.2,44.9,44.4,36.6
HHR25A,6.7,31.6,70.3,27.8
HG50BU800EUXXU,16,13.7,124.6,77.1
HDDVIMM5M,0.26,39.7,14.2,1
LTE-3301PLUS-EU0102F,1.05,23.4,29.3,5.7
LSP4671W,67.5,73,66.5,179.4
LSG4545W,44,63,58,153
LS921WU,9,49,51.5,27.6
LS711HD,6.6,19.5,49.6,38.7
LS610HDH,7,37.6,49,26.8
LS49C950UAUXEN,20.6,48.1,126.5,34.3
LS43DM702UUXEN,13.7,15.9,119.8,67.7
LS34DG850SUXXU,11.8,45.6,94.8,18.5
LS34C652UAUXEN,10.5,36.7,80.7,12.5
LS34C500GAUXEN,6.8,15,94.4,43.4
LS32DM700UUXEN,8.4,13.3,84.2,48.7
LS32DM500EUXXU,8.1,48.7,84.2,13.3
LS32D701EAUXXU,8,54.6,79.8,16
LS32D600UAUXXU,9.2,54.6,79.8,16
LS32CM703UUXEN,9,51.1,80,15.9
LS32CG554EUXEN,7.5,49.4,79.3,19.7
LS32BM700UPXEN,7.9,13.3,84.2,48.7
LS27DM500EUXDU,6.1,42.8,73.8,12.6
LS27DG602SUXXU,9.5,46.4,68.4,20
LS27DG500EUXEN,8.3,47.8,69.5,15.9
LS27DG302EUXXU,6.4,45.4,69.4,20.7
LS27D700EAUXEN,6.6,48.4,68.7,16
LS27D600UAUXXU,7.9,51,68.7,16
LS27CG554EUXEN,5.7,43.8,67.9,18.8
LS27CG552EUXXU,6,43.8,67.9,18.8
LS27CG552EUXEN,6,43.8,67.9,18.8
LS27C432GAUXEN,7.8,44.2,83,15.4
LS27C390EAUXEN,6.8,19.9,69.8,45.2
LS27C364EAUXEN,6.3,44.2,68.7,17.5
LS27C360EAUXEN,6.3,44.2,68.7,17.5
LS27C314EAUXEN,5.6,43,67.8,15.5
LS27C312EAUXEN,5.6,43,67.8,15.5
LS27C310EAUXEN,5.6,15.5,67.8,43
LS27BG650EUXEN,8.8,21.4,68.8,46.1
LS24DG302EUXXU,5.6,43.9,61.8,18.4
LS24C430GAUXEN,6.8,15.4,78,39.2
LS24C310EAUXEN,4.3,14.7,60.7,38
LS24AG320NUXEN,6.6,45.4,63.6,21.15
LS24A600NAUXXU,6.3,41.6,61.6,17.6
LQ49081,0.12,2.5,8,21.5
LQ49051,0.09,2.5,8,21.5
LQ48030,0.13,2.5,8,21.5
LQ48026,0.12,2.5,8,21.5
LQ48025,0.18,3,8,21.5
LIB50BTHS,0,5.5,8.5,3.5
LH98QECELGCXEN,87.8,35,237.9,143.1
LH98QECEDGCXEN,87.8,35,237.9,143.1
LH98QBTBPGCXEN,106,35,236.9,140.5
LH9875UHS-B2AG,,175,252.5,43.5
LH86WADWLGCXEN,74.3,22.5,211,128.3
LH86WACWLGCXEN,74.3,22.5,211,128.3
LH8675UHS-B1AG,65,22.5,212.3,124.7
LH8664UHS-B2AG,,27.5,212.5,127.5
LH85WMBWLGCXEN,91.6,26,2013.6,131.8
LH85QMCEBGCXEN,53.9,21,207.7,122.2
LH85QETELGCXEN,54.3,22,207.5,123.7
LH85QBRBDGCXEN,63.7,26,209,124.7
LH85QBCEBGCXEN,53.9,21,207.7,122.2
LH75WMBWLGCXEN,72.2,28.7,109.5,118.9
LH75WADWLGCXEN,57.6,22.5,186.3,114
LH75QMCEBGCXEN,43.5,18,183.9,111.3
LH75QHCEBGCXEN,,18,183.9,111.3
LH75QBCEBGCXEN,41.5,18,183.9,111.3
LH7575UHS-B1AG,41,18.6,188.3,114
LH65QMCEBGCXEN,28,16.4,161.6,94.5
LH65QETELGCXEN,,18.4,160.6,96.3
LH65QBCEBGCXEN,28,16.4,161.6,94.5
LH65BEDHLGUXEN,23,17.9,160.6,95
LH65BECHLGKXXU,26.7,18.4,160.6,96.3
LH6575UHS-B1AG,29.2,16.2,134.5,101.6
LH6560UHS-B2AG,36.4,16.4,164,99
LH6541UHS-B1AG,25.7,16.4,164,99
LH55WMBWBGCXEN,35.9,19,146.4,91.5
LH55VMCEBGBXEN,27.1,25.7,139.8,84.4
LH55VMBUBGBXEN,28.8,25.7,139.8,84.4
LH55VMBRBGBXEN,25.1,25.7,141.4,84.4
LH55QMCEBGCXEN,19.9,14.8,140.3,83.5
LH55QMBTBGCXEN,32.5,16.5,142.1,88.4
LH55QHCEBGCXEN,21.1,14.8,140.3,83.5
LH55QBCEBGCXEN,19.9,14.8,140.3,83.5
LH55OMNDSGBXEN,,36.7,94,146.6
LH55OMBEBGBXEN,29.1,17.8,142,87.9
LH55BEDHLGUXEN,16.4,15.8,138.6,82.8
LH5575UHS-B1AG,20.6,13,138.6,84.5
LH50QHCEBGCXEN,16.2,13.1,124.6,76.1
LH50QETELGCXEN,16.1,15,126.4,78
LH50QBCEBGCXEN,14.9,13.1,124.6,76.1
LH50BECHLGKXXU,15.2,15,126.4,78
LH5075UHS-B1AG,16.2,13.2,126.1,76.1
LH5065UHSB-B1AG,14.8,15.6,137,86
LH5060UHS-B1AG,16.8,12.8,125,76
LH5041UHS-B2AG,,13.2,126.1,76.1
LH46VMBUBGBXEN,22.2,25.7,119.3,71.9
LH43QMCEPGCXEN,11.3,12.6,109.3,66.7
LH43QMBTBGCXEN,18.7,14.1,113.4,72.5
LH43QHCEBGCXEN,11.8,12.6,109.3,66.7
LH43QETELGCXEN,11.5,14.3,108.1,67
LH43QBCEBGCXEN,11.3,12.6,109.3,66.7
LH43BECHLGKXXU,11,14.3,108.1,67
LH4375UHS-B1AG,12.5,12.7,107.5,68.3
LH37SHCEBGBXEN,8.4,12.2,111.2,36.3
LH32QMRTBGCXEN,11.1,13.3,87.2,56.5
LH3275HS-B1AG,,11.9,82.4,55.4
LH3260HS-B1AG,7.3,11.5,79.5,52
LH13QBRTMGCXEN,2,24.8,37.6,13.2
LH10551UWS-B1AG,88.7,33.9,268.3,140.7
LF27T450FZUXEN,5.8,42.8,69.3,14.7
LF27T450FQRXEN,6.2,42.8,69.3,14.7
LF24T452FQRXEN,5.3,38.5,60.4,14.7
LF24T450GYUXEN,7.2,41.9,61.1,15.3
LF24T450FQRXEN,5.5,38.5,60.4,14.7
LC34G55TWWPXEN,7.9,44.1,90.1,21.6
LC3233Y,0.09,,,
LC123BKBP2,0.16,,,
LC1100RBWBP,0.15,,,
LAPTOP-SIT-STAND,8.3,7.5,75.5,56
L4R66A,4,30,140,25
L42425-001,0.11,24,34.9,2.4
L2757A#B19,5.4,24.8,39.7,30.3
L2718A,0.22,16,24,5
L0H17A,6,24.7,59.7,56.4
KN1132VB-AX-E,7.04,57.5,50.6,13
KL-N200,,3,37.3,28.2
KLM-002,,32.9,44.2,12.5
KL-F500,,34,38,29.4
KG0032-AX-E,8.58,57.5,50.5,12.8
KG0016-AX-E,8.48,57.5,50.5,12.8
KF584CU40RWK2-48,0.15,1.6,12.95,17.14
KF584CU40RWAK2-48,0.16,1.6,12.95,17.14
KF584CU40RWA-24,0.11,1.6,12.95,17.14
KF584CU40RW-24,0.1,1.6,12.95,17.14
KF584CU40RSK2-48,0.15,1.6,12.95,17.14
KF584CU40RSAK2-48,0.16,1.6,12.95,17.14
KF584CU40RSA-24,0.11,1.6,12.95,17.14
KF584CU40RS-24,0.1,1.6,12.95,17.14
KF580C38RWAK2-32,0.16,1.6,12.95,17.14
KF572C38RSK2-48,0.15,1.6,12.95,17.14
KF564R32RBEK8-128,0.19,16.76,10.41,3.56
KF564R32RBE2K8-256,0.19,16.76,10.41,3.56
KF564C32RSK2-96,0.15,1.6,12.95,17.14
KF560R32RBE-16,0.03,1.4,5.71,17.14
KF560C36BWE2K2-32,0.1,1.4,9.52,17.14
KF560C36BWE2AK2-32,0.13,1.4,12.19,17.14
KF560C36BBE2K2-32,0.1,1.4,9.52,17.14
KF560C36BBE2AK2-32,0.13,1.4,12.19,17.14
KF560C36BBE2-16,0.05,1.4,5.71,17.14
KF560C32RSK2-96,0.15,1.6,12.95,17.14
KF560C30BWEK2-64,0.1,1.4,9.52,17.14
KF560C30BWEAK2-64,0.13,1.4,12.19,17.14
KF560C30BBK2-64,0.1,1.4,9.52,17.14
KF560C30BBK2-32,0.1,1.4,9.52,17.14
KF560C30BBE-16,0.05,1.4,5.71,17.14
KF560C30BBAK2-64,0.13,1.4,12.19,17.14
KF560C30BBAK2-32,0.13,1.4,12.19,17.14
KF556R28RBEK4-64,0.11,16.76,10.41,3.56
KF436C18RB2K2/64,0.14,1.6,12.95,17.14
KF436C16RB12K4/64,0.29,3.3,12.95,17.14
KF432C16RB12A/16,0.1,1.6,12.95,17.14
KF432C16BB2AK2/16,0.13,1.4,12.19,17.14
KF432C16BB2A/8,0.07,1.4,5.71,17.14
KE6920T-AX-E,2.37,41.4,20.7,11.7
KE6920R-AX-E,2.1,41.4,20.7,11.7
KE6900AR-AX-E,2.13,41.4,20.7,11.7
K96540WW,0.27,22,32.7,2
K83452WW,0.82,8,21.55,23.6
K83451WW,0.28,8.5,18.2,21
K83450WW,0.28,21,18.2,8.5
K75507EU,0.17,10.5,5.3,12.3
K75401UK,0.99,48.2,25.2,3.8
K72482WW,0.26,9,9.8,17.8
K72194WW,0.25,10.4,5.9,16.9
K70992WW,0.37,15.4,8.3,13.3
K70315WW,0.23,16.6,11,5
K68105EU,0.27,2.5,17.8,26
K64424WW,0.39,17.8,17.8,2.5
K62330WW,0.14,,,
K58370WW,0.02,38.5,26,0.5
K58356WW,0.4,61,37.4,0.5
K58351WW,0.21,38.5,26,0.5
K55470EU,4.22,31.5,48.59,11.43
K55256WW,0.22,38.5,26,0.5
K55254WW,0.22,38.5,26,0.5
K55253WW,0.22,38.5,26,0.5
K52805EU,0.86,3.9,28,30
K39122EU,0.18,13.6,12.6,4.4
K33820WW,0.16,15,12.3,2.7
K32810EU,1.15,11,24.5,10
K0B38AA#ABB,0.48,28.2,40.2,6.7
JVCU360-N,0.43,12.5,19.3,0.5
JVCU100-N,0.21,9.5,15.5,6
JUP2290C-FN,0.32,8,19,5
JUP1420-EN,0.09,9.8,12,5
JCT425-N,2.19,58,28,4
JCD542-N,0.41,35.8,8.83,2.8
JCD389-N,0.27,12.5,19.3,3.5
JCD387-N,0.12,9.5,14.5,2.5
JB9040BK,0.65,32.5,29.5,46.5
J8H61A#ABU,14.5,39.8,49.7,46.6
IS1012BL,0.26,20,39,15
IP67CL001874,0.09,2,11.7,20.7
IP61CL001853,0.09,2,11.7,20.7
IP61CL001829,0.09,2,11.7,20.7
IP15T-PRIVACY-SCREEN,0.06,8.8,17.6,1
INSPIRE K6,,25,43,46.5
IN-CAT6A-COUPLER-S1,0.01,9,12.5,0.2
INC015BTSGY-CZ,0.3,14.8,6.8,1.9
IMC100MSFP,0.24,10.5,15.5,6.4
IKVP80ES/960G,0.45,5.84,14.22,17.02
IKVP50/64GB,0.04,1.29,12.95,18.42
IKVP50/32GB,0.04,1.29,12.95,18.42
IKVP50/16GB,0.04,1.29,12.95,18.42
IKVP50/128GB,0.04,1.29,12.95,18.42
IKKP200C/512GB,0.05,1.24,12.95,18.42
IKKP200/64GB,0.05,1.24,12.95,18.42
IKKP200/512GB,0.05,1.24,12.95,18.42
IKKP200/32GB,0.05,1.24,12.95,18.42
IFP8662,84.2,27,211.3,129
IFP8653,81.2,22.5,216,131
IFP8652-1B,89.1,28,214,134
IFP8650-5F,90.7,28,212.3,134.5
IFP8633-G,75.9,22.5,211,128.3
IFP75G1,35.5,22,142.8,87.8
IFP7552-2F,35.5,22,142.8,87.8
IFP7550-5F,71.9,28,193,114
IFP6553,48.8,22,166,104.5
IFP6550-5F,49.7,22.3,166.9,101
IFP6533-G,44.7,20.8,162.8,100.5
IFP105S,115.7,28,266.8,130.5
IEUHBGOWORKRBLK4,,19,7.1,16.5
I15T3-PRIVACY-SCREEN,0.07,9,19.5,2
I15T2-PRIVACY-SCREEN,0.06,8,19,1.5
I15T1-PRIVACY-SCREEN,0.07,9,19.5,2
HYDRA3,8.38,,,
MW1L3B/A,2.66,38.45,71.2,28.01
MW1K3B/A,2.66,38.45,71.2,28.01
MW1J3B/A,2.66,38.45,71.2,28.01
MW1H3B/A,2.66,38.45,71.2,28.01
MW1G3B/A,2.66,38.45,71.2,28.01
MUQX3ZM/A,0.05,15.6,6.7,1.3
MUQW3ZM/A,0.05,6.8,1.9,6.9
MU973B/A,5.7,28.3,21.7,29.2
MU963B/A,4.88,28.3,21.7,29.2
MTP250-26V94-OD,,24,4.65,6.9
MTouch Plus,,22,32.7,10.5
MTOUCH E2,1.25,20.3,26.5,14.8
MSTS3MDPUGBK,0.16,16.6,14.1,2.8
MSTDP123DP,0.41,15.5,22.9,5.5
MST14CD122DP,0.11,17,14.2,3
MSM4B670GB,2.5,26.5,20,36
MO-UDC-5,0.03,24,28,3
MO-UACC-OM-SM-10G-D,0.02,6.7,10.6,2.4
MO-SFP10G-T,0.04,6.5,10.7,2.4
MO-FTLX8574D3BCL,0.03,,,
MO-E-SPF-S,0.03,,,
MOD-FPSKIT100,7.7,11.2,104.5,29.2
MO-CBL-10GSFP-DAC-2M,0.4,,,
MO61NIBL1831,0.1,2,11.7,20.7
MNRISERCLMP,4.3,75,33.5,14.5
MN10ADA10TS,,6,13.6,18.9
MM-SMSSP-WW,0.25,,,
MM-SMSSP-BL,0.25,,,
MMB6174SG,5,39.5,28.8,30.5
MM-10-199,4.54,35.56,35.56,5.08
MHC45UF,0.07,17.5,7.5,2
MHA133BR0B,,66,69,96
MFCL3740CDWZU1,23.3,53.6,49.7,53.3
MFCL2980DWQJ1,14.9,43.4,51.7,60
MFCL2960DWQJ1,15.5,51.7,60,43.34
MFCL2860DWEZU1,14.1,51.7,58,43.4
MFCJ5340DWRE1,19.2,46.8,63.6,41.9
MD-WM6080,4.1,,,
MDFW4LB/A,1.27,30.4,24.8,2.7
MDFW4D/A,1.27,30.4,24.8,2.7
MDFW4B/A,1.27,30.4,24.8,2.7
MDFV4LB/A,1.03,27.1,21.2,2.7
MDFV4F/A,1.03,27.1,21.2,2.7
MDFV4D/A,1.03,27.1,21.2,2.7
MDFV4B/A,1.03,27.1,21.2,2.7
MDEQ4ZM/A,0.47,25.6,18.9,1.8
MDEP4ZM/A,0.47,25.6,18.9,1.8
MDEN4ZM/A,0.47,25.6,18.9,1.8
MDEJ4ZM/A,0.47,25.6,18.9,1.8
MCM3100WGB,3.3,26.8,29.8,36.9
MCB15UF,0.76,20.5,44.5,32.5
MC7D4B/A,2.66,38.45,71.2,28.01
MC7C4B/A,2.66,38.45,71.2,28.01
MC7A4B/A,2.66,38.45,71.2,28.01
MC6L4B/A,2.66,38.45,71.2,28.01
MC6K4B/A,2.66,38.45,71.2,28.01
MC6J4B/A,2.66,38.45,71.2,28.01
MC.JBG11.00F,,8,187,8
MBXLE-BA0191,0.27,11.5,30.1,3.3
MBB1756SEM,18.5,,,
MBA578BS7B,,66,69,96
MBA5350S0B,,66,69,96
MBA533BS3B,,66,69,96
MB229CF,6,12.9,54.7,39.8
MB16QHG,3.5,32.3,43.4,11.9
MB16AMTR,2.29,8.8,48.8,29.8
MB16AHT,2.86,7.6,48.5,30.5
MA-SFP-1GB-LX10-AO,0.16,12.07,6.99,3.05
P4A20132-KM-SWITCH,0.18,24.5,29.5,6.3
P3223QE,13.4,,,
P3223DE,15.3,,,
P2725HE,8.67,,,
P2723DE,9.78,,,
P2424HT,10.8,,,
P2418HZM,8.25,,,
OZUL02B,0.07,13.4,22.3,7.3
OSC6T185ES,62,60,59,184
OSC5S185ES,59,60,59,184
ORC7P321DW,78,72.8,66.4,191.6
ORAZIO02PT,0.92,7,56,22.8
OPP152,0.1,4.3,7,14
OPP141,0.95,9.7,11.5,25.5
OPP140,0.5,4.5,11.4,21.5
OPP139,0.15,2.3,10.4,15.4
OPP138,0.21,2.7,10.4,15.4
OPP130,0.14,3.3,12.3,16.1
OPP058,0.29,2.8,9.5,17.8
OPP057,0.18,2.4,8.3,13.5
OPC51204BC-1,0.96,7.2,26,19.2
OLED55G46LS,22.8,18.7,136,81
OL20063,,17.8,28.7,0.15
OL20061,,13,17,0.15
OAB7N82EF,37.2,62,63,87
OAB6I82EF,36.5,,,
O1210I-NETWORK-CARD,0.17,21.5,14.5,3.5
NX.KYXEK.003,2.36,6.5,45.7,28.8
NX.KYHEK.001,3.23,45.7,6.5,28.8
NX.KX1EK.001,1.95,39,7.7,23.8
NX.KTJEK.003,2.92,6.5,49.8,31
NX.KTDEK.002,2.31,49.8,6.5,31
NX.KT9EK.004,2.26,6.5,45.7,28.8
NX.KSKEK.00C,2.19,6.5,45.7,28.8
NX.KSJEK.004,2.9,6.5,49.8,31
NX.KSHEK.00F,2.63,6.5,49.8,31
NX.KRPEK.00M,2.65,49.8,6.5,31
NX.KNZEK.001,2.97,49.8,6.5,31
NX.KNCEK.003,2.24,45.7,6.5,28.8
NX.KN1EK.002,2.31,45.7,6.5,28.8
NX.KLDEK.001,2.34,45.7,6.5,28.8
NX.KJ9EK.007,2.58,49.8,6.5,31
NX.KDREK.001,2.94,7,52.8,31.6
NX.K6SEK.00E,2.9,49.8,6.5,31
NX.K6SEK.00B,2.9,49.8,6.5,31
NX.K6SEK.00A,2.9,49.8,6.5,31
NX.K6SEK.009,2.9,49.8,6.5,31
NX.K6SEK.007,2.9,6.5,49.8,31
NX.J37EK.001,1.9,43.8,6.5,28.1
NX.J2KEK.004,2.31,5.9,45.4,29.2
NX.J2KEK.002,2.31,5.9,45.4,29.2
NX.J2GEK.003,2,42.5,6,24.5
NX.AB1EK.00D,2.21,6.5,45.7,28.8
NX.A9JEK.00A,2.51,48,6.3,31
NX.A6LEK.00P,2.67,48,6.3,31
NWA50AXPRO-EU0102F,0.67,15.5,24,6
NWA130BE-EU0101F,2.28,18.05,27.95,6.6
NSK6I82EF,34.2,62,63,87
NSF6I82EF,35.8,62,63,87
NSC-T96-STND-ALL-EW3G,,,49,23
NSC-T96-STND-ALL-EW2G,0.82,,49,23
NSC-T96-STND-ALL-EW1G,0.82,,49,23
NSC-T48-STND-ALL-EW2G,0.82,,49,23
NSC-T48-STND-ALL-EW1G,0.82,,49,23
NSC-T32-STND-ALL-EW3G,0.82,,49,23
NSC-T32-STND-ALL-EW2G,0.82,,49,23
NSC-T32-STND-ALL-EW1G,0.82,,49,23
NSC-T16-STND-ALL-EW3G,0.82,,49,23
NSC-T16-STND-ALL-EW2G,0.82,,49,23
NSC-T16-STND-ALL-EW1G,0.82,,49,23
NP.BAG1A.296,0.18,2.5,36.5,26.5
NP.BAG1A.294,0.22,2.35,39.5,28.5
NLWH-3M-CAT8-PATCH,0.13,22,19,2
NLBL-2M-CAT8-PATCH,0.09,19,22,1.5
NLAQ-1M-CAT6A-PATCH,0.05,19,22,1
NH.QVYEK.002,6.81,7.9,59.7,42.5
NEWBH360HS,0,5,18.5,6.5
NBS533BS0B,,66,69.5,79
NBS533BB0B,,66,69,79
N6LPATCH15MGR,0.56,25.5,33,5
N272-015-WH,0.34,1.27,25.4,30.48
N235-001-SH-6A,0.01,1.27,10.16,12.7
N201-005-BL50BP,3.49,0.25,50.8,45.72
QFX-SFP-10GE-SR-AO,0.16,12.1,6.98,3.05
QE98Q80CATXXU,87.8,35,237.9,143.1
QE85QN95CATXXU,62.8,23,214.1,124.5
QE85QN800DTXXU,74,22,209,126
QE75QN900DTXXU,53.6,19.1,181.4,112.4
QE65QN900DTXXU,40.6,19,162.5,93.5
QE55S90DAEXXU,21.4,15.3,138.5,83.2
QAU-00091,0.48,17.7,17.8,7.3
Q8923A,12.1,,,
Q8922A,8.8,,,
Q8921A,7.4,,,
Q8748A,10.2,,,
Q75HK,15.1,28,119.5,54
Q75H,14,29.21,113.79,51.31
Q7583A,1.5,12,43,20.5
Q7563A,1.5,12,43,20.5
Q6709A,2,,,
Q6626B,3.81,,,
Q6470A,1.5,12,43,20.5
Q6003A,1,10.9,41,9.2
Q5942XD,6.3,39.7,39.5,33.2
Q3962A,0.9,13.2,37.6,15
Q2681A,1.5,12,41,18.5
Q2673A,1.5,12,41,18.5
Q2624A,0.11,14.2,33.3,19.8
Q2610A,1.6,19,39,24.7
PXV831HC1E,17.5,60.8,95.3,13
PWP611BB5B,11.3,60.3,75.3,12.6
PVS611B16E,27.9,67.2,69.7,43.1
PUR2001C,0.09,,,
PUG61RAA5B,11.3,60.8,75.3,12.6
PTP750WZU1,1.67,,,
PTH107BRE1,0.99,27,19.8,9.3
PT-H101CXG,1.06,,,
PTE560BTSPQL1,3.1,33.44,12.6,39.3
PTE110G1,0.86,27.9,31.4,11.6
PTD210VPZU1,1.62,,,
PSD0CS3060-2TB-RB,,10,13.03,3.2
PSD0CS3060-1TB-RB,,10,13.03,3.2
PS502X,4.08,33.7,40,16.8
PS4C3IA3-USB-C-CARD,0.16,21,14.2,3.5
PRIVACY-SCREEN-19M,0.38,61,37.3,0.5
PR2200ERTXL2U,42.5,62,56,27.5
POE12-3PD-ZZ0101F,0.11,4.7,12.5,
PNP6B6K40,16.4,57.8,65.1,14.1
PME5B-GR,,4.6,11.8,33.4
PKH811BB1D,,63,102,10
PKE61RAA8B,8,59,75,10
PKE611CA3E,8.2,79,75,10
RLTCUB1MBK,0.07,12.8,22,0.2
RLC-126,,16.5,7.5,11.5
RK4236BKB,156,110,67.1,220
RG-RAP6260(H)-D,5.47,39.5,39.5,19.7
RG-RAP2260(H),1.79,27.7,29.2,8.1
RG-RAP1200(P),0.31,11,15,6.5
RG-NBS7006,31.2,,,
RG-NBS7003,9.6,31.3,44.2,17.5
RG-NBS6002,6.2,28.5,59.6,55.8
RG-NBS5200-48GT4XS,,46.8,57.3,16.5
RG-NBS5200-24SFP/8GT4XS,,46.8,57.3,16.5
RG-NBS5200-24GT4XS-P,,46.8,57.3,16.5
RG-NBS5200-24GT4XS,2.9,33.3,51.3,14.5
RG-NBS5100-48GT4SFP,2,,,
RG-NBS5100-24GT4SFP-P,2,,,
RG-NBS5100-24GT4SFP,2,,,
RG-NBS3200-24GT4XS,2.9,33.3,51.3,14.5
RG-NBS3100-8GT2SFP-P-V2,2,35.9,40.1,9.4
RG-NBS3100-8GT2SFP-P,2,,,
RG-NBS3100-8GT2SFP,2,,,
RG-NBS3100-48GT4SFP-P,2,,,
RG-NBS3100-24GT4SFP-V2,2.4,,,
RG-NBS3100-24GT4SFP-P-V2,4.5,40.1,57.3,14.5
RG-NBS3100-24GT4SFP-P,2,,,
RG-NBS3100-24GT4SFP,2.4,,,
RG-NBR6215-E,17.1,47,56,38
RG-NBR6210-E,17.1,47,56,38
RG-NBR6205-E,17.1,47,56,38
RG-ES220GS-P,2.8,28.9,30.5,6.4
RG-ES216GC-V2,2.7,,,
RG-ES210GS-P,4.2,40.6,53.9,11.4
RG-ES208GC,0.49,17.2,19.7,5.2
RG-ES205GC,0.36,15.8,17.8,5.2
RG-EG310GH-E,3.4,35.1,53.6,11
RG-EG210G-P,1.5,35,59.8,33
RG-ANT20S-90,,19.5,75,16.5
RG-ANT13-360,2.35,15.5,90.5,11.5
REMOTE.PTC300,0.74,,,
RE455,,12.5,20.8,8.6
RDLFP22U61BL,6.01,,,
RDLAK16U758BL,99.5,82,82,110
RDL46U61BL,105,105,65,245
RDL42U80100BL,100,,,
RDL42U66BL,78,65,65,220
RDL36U61WH,92.5,105,65,190
RDL32U81BL,93.3,105,65,175
RDL32U68WH,72.6,82,65,175
RDL32U66BL,75,65,65,175
RDL26U81BL,98,105,82,150
RDL22U88BL,80,82,82,130
RDL22U68BL,58,82,65,130
RDL22U66BL,51.1,65,65,130
RDL22U61BL,68.5,105,65,130
RDL20U88WH,47.5,82,82,120
RDL20U66BL,48.5,65,65,120
RDL16U61BL,46,105,65,105
RDL12U68BL,39.5,82,65,85
RDL12U66BL,35.1,65,65,85
RDGL36U68BL,9.01,,,
RCCTV006,23.5,50,30,55
RCB732E7MG,82,72.8,66.4,191.6
RC513SSE0UK,100,70,97.2,186.2
RC513SBE0UK,100,70,97.2,186.2
RBSXTSQG-5ACD,0.49,18,25.5,4.5
T2452MSC-B1AG,7.2,14.3,63.5,40.5
T1500-28PCT(TL-SL2428P),3.02,52.8,25,8
T0B27A,0.4,5.21,22,4.8
SYS-2049U-TR4,31.2,,,
SYS-1029U-TR4,18.6,,,
SV-VDBCH-1A-W,0.09,6.6,11.2,14.4
SV-SPC3W-1A-W,0,8.8,14.6,21.6
SV-IC-1A-W-UK,0,12.2,13.4,16.8
SU403A,1.55,29.1,35.8,17.6
SU314A,1.02,13.7,37.5,11.2
SU216A,2.22,27.6,42.3,15
SU180A,1.05,14.8,39.8,12.4
SU035A,1.07,13.7,37.5,11.2
STMH1000200,0.08,14.7,10.45,3.25
STHZ1000800,0.2,14.5,8.95,3.65
STHA8000800,1.6,24,18,12
STHA10000800,1.6,24,18,12
ST304020,0.18,10,7.5,8
ST10411W,0.4,27,38,0.5
SSTDC4D-LAPTOP-LOCK,0.1,1.6,5.4,2
SS770A,1.8,14.9,56,13.7
SRWF4U36,33.1,34.04,78.99,34.04
SRWF2U36,29,122,78.99,23.98
SRV240RLBP-9A,63,46,29,57
SRTL3KRM1UINC,24.2,76.4,56.4,27.8
SRSULT70B.EU8,8,26.9,57.3,30.7
SRSULT10W.CE7,0.84,10.1,22.4,10.4
SRSULT10H.CE7,0.84,10.1,22.4,10.4
SRSULT10D.CE7,0.84,10.1,22.4,10.4
SRSULT10B.CE7,0.84,10.1,22.4,10.4
SRSULT1000.CEL,34,,,
SRP2018/10,0.22,,,
SRFBMB,0.2,13.7,4.3,11.2
SP-LAMP-027,2.27,,,
SOLAR220W,13.3,56.5,92.8,95
SNV3S/2000G,0.03,0.84,12.95,18.42
SNV3S/1000G,0.03,0.84,12.95,18.42
SMX3000RMX93,47.6,66.3,58.8,33
SMV6ZCX10G,47,,,
SMV4HVX00G,36,,,
SMV4HTX00G,35.1,,,
SMV4ECX23G,43.5,,,
SMV4EAX23G,43,,,
SMV2HTX02G,34.1,,,
SMS6ZCW10G,56.5,,,
SMS6ZCI10G,56.5,,,
SMS6TCI01G,54.5,,,
SMS2ITW08G,45.3,,,
SMS2HVW67G,51.2,,,
SMS2HVI67G,51,,,
SMS26AI08G,48.9,,,
SM321B-2,0.06,12.25,8.15,3.85
SL550BL,41.6,71,66,67
SL200SS,34.6,70,67,66
SH-LE27CCTC,,7.2,7.2,13
SG3210X-M2,2.84,25,52.8,8
U2724D,9.4,,,
U023-003,0.07,1.27,17.78,22.86
TZS231,3.13,,,
TZESL251,0.05,,,
TZESE5,0.07,,,
TZEFX261,0.16,36.7,27.5,12
TZEFX221,0.05,21,28,26
TZEFA4,0.09,,,
TZE555,0.09,43.5,34.5,26.5
TZE31M3,0.31,27.4,15.3,12.5
TZE243,0.08,,,
TZE231M5,0.05,,,
TW2424AS-W1,6.15,12.6,58,37.5
TV-WALL-MOUNT-65FS,9.2,46,62.4,12.4
TVS-H874T-I7-32G,8.99,,,
TVS-H874-I7-32G,8.95,,,
TVS-h874-i5-32G,9.19,,,
TVS-H674T-I5-32G,7.93,,,
TVS-H674-I5-32G,8.07,,,
TS-H987XU-RP-E2334-16G,11.1,,,
TS-h3087XU-RP-E2378-64G,29.6,,,
TS-h2287XU-RP-E2378-64G,22.1,,,
TS-H2287XU-RP-E2336-32G,22.1,,,
TS-H1887XU-RP-E2336-32G,19,,,
TS-h1887XU-RP-E2334-16G,19,,,
TS-h1090FU-7302P-128G,13.5,,,
TSB911EU,0.84,33,16,47
TSB023EU,0.59,47,16,34
TS-864eU-RP-8G,10.5,,,
TS-632X-4G,4.96,,,
TS-464U-RP-8G,10.1,,,
TS-464EU-8G,5.91,,,
TS-453E-8G,4.3,,,
TS-433-4G,3.5,,,
TS-432X-4G,4.8,,,
TS-253E-8G/4TB-IW,2.32,,,
TS-253E-8G/16TB-IW,2.32,,,
TS-253E-8G,2.32,,,128
TS-216G,2.41,,,
TS-133,1.27,,,
TS-1264U-RP-8G,14.1,,,
TRX50 AI TOP,6.47,39.7,37.9,10.5
TRANQUILITY,,48.6,25.6,49.1
TR7PB731ST,36.5,,,
TP8SB731AT,39.5,67,63.5,67
TN900CTWIN,1.67,,,
TN821XXLY,1.3,,,
TN821XXLBK,1.3,,,
TN3610XL,1.55,,,
TN3600XXL,1.31,,,
TN3600XL,1.21,,,
TN3600,1.16,,,
TN2510,0.8,,,
TN249Y,0.83,,,
TN249M,0.81,,,
TN249C,0.82,,,
TN249BK,0.82,,,
TN248XLC,0.79,,,
TN248VAL,3.67,,,
TN242Y,0.8,,,
TL-SM5310-T,2.87,12.25,8.15,3.85
TL-SM5220-3M,0.39,31.5,29.5,6
TL-SM5110-SR,0.06,12.25,8.15,3.85
TL-SM331T,0.06,12.25,8.15,3.85
TL-SG3452XP,6.48,52.8,44,10
TL-SG3428X-M2,3,25,52.8,8
TL-SG2008P,1.26,31.5,24,7
TL-SG116E,1.36,41.2,17,7
TL-SG105PE,0.77,19.6,13.1,12.1
TLS17UF,0.32,6.5,46.5,33
TLS12UF,0.22,4.5,34.5,24.5
TL-PA7017P,0.37,13.6,19,10
TL-MR6500V,0.64,22.3,30.7,7
TLC02UF,0.25,3.8,33.5,24
TK8NK721T,37,,,
THZ66204GL,0.33,15.5,2.5,26
TF6539UHSC-B1AG,65,31,167,102
TF6539AS-B1AG,,19.4,165,101
TF5539AS-B1AG,,18.5,142.8,89.4
TF4339AS-B1AG,,15.7,110.5,71.2
TF3239AS-B1AG,,14.9,84,56
TEB01,0.99,50,13,39
TC-USBETH/BL,0.04,18,11,
TC-USBCVGA/BL,0.04,22,17,
TC-USBCETH/BL,0.04,17,22,
TC-USBC3A/BL,0.01,12,18,
U420-006-5A,0.12,1.27,17.78,22.86
W5821EOX,65,75,64,194.5
4L2/3415,0.96,43,23,19.6
4L2/3004x2,1.3,,,
4L2/3004,0.47,,,
4L1/9003,1.09,,,
4L1/9002,1.09,,,
4L1/8045X2,0.34,23,23,18
4L1/8045,0.34,7,7,13
4L1/8044x2,0.3,23,23,18
4L1/8044,0.09,7,7,13
4L1/8037,0.2,14,9,12.5
4l1/8009x4,0.1,7,7,13
4L1/8009X2,0.77,23,23,18
4L1/8009,0.1,7,7,13
4L1/8008X4,0.1,7,7,13
4L1/8008X2,0.19,23,23,18
4L1/8008,0.1,7,7,13
4L1/8007X4,0.1,7,7,13
4L1/8006X4,0.14,7,7,16
4l1/8006x2,0.64,23,23,18
4l1/8006,0.14,7,7,16
4L1/8005X4,0.14,7,7,16
4l1/8005x2,0.14,23,23,18
4l1/8005,0.14,7,7,16
4J0P0AA#ABB,1.23,23.2,18.4,9.5
4J0G4AA#ABB,0.76,14.3,27.5,14.85
4J0A2AAR,0.76,14.3,27.5,14.85
4J0A2AA#ABB,0.76,14.3,27.5,14.85
4E407AA#AC3,0.06,6,,
4CE98AA#ABD,0.84,14.5,4,44.5
4CE98AA#ABB,0.84,14.5,4,44.5
4CE96AA#ABD,0.59,14.5,44.5,3.8
4CE96AA#ABB,0.59,14.5,44.5,3.8
4BX31AA#ABB,0.56,40,22.2,9.9
4BX31AA,0.56,40,22.2,9.9
49XS4P-B.AEK,25.3,72.5,118.1,21.2
49B2U5900CH/00,19.4,47.5,129,30
499R0F#B19,16.9,33.1,49.7,51
499Q8F,20.6,39.8,49.7,53.2
497N04029,0.16,16,10,3.5
497K20590,14.5,76,49.5,43
497K18121,0.14,30.48,18.54,3.81
497K14370,4.2,72.5,36.4,29.3
48R39EA-16GB,,48.3,6.9,30.5
48822,0.59,11,21.5,25.5
48821,0.63,11,20.5,23.5
48818,1.08,4.2,43.3,30.95
48813,0.49,9,9,32.8
48812,0.28,9,9,30.7
32119,0.02,14.4,13.3,
32115,0.01,,13.6,13.8
321000678,63,22.3,190.7,116
321000594,67.6,26.4,193.7,122.2
3204869,,7,36,48
3203984,,5.5,33,30
32002516,45,67.6,64,89.6
32002515,45,67.6,64,89.6
32002469,46.1,67.6,64,89.6
32002465,47.9,67.6,64,89.6
32002459,47.2,67.6,64,89.6
32002260,42,63.1,51,88.2
31900529,39,54,59.6,65
31801137,67,57,65,87.5
31801136,66.1,57,65,87.5
31801068,67.5,57,65,87.5
31102833,44.8,62,65,89
31102832,44.8,62,65,89
31102831,44.8,62,65,89
31102325,34.1,62,59.6,65
31102243,43,62,59.6,65
31020076,66,56,65,89
31019950,65,56,65,89
31019528,67,56,65,89
1308164,,15,21.7,5.2
8800-00-01,0.5,3,2,10
875L9AA,0.3,21,19,5.5
86S97AA,0.1,5.9,17.3,3.9
86B36EA#ABU,,6.9,55.2,34.5
86B35EA#ABU,,6.9,55.2,34.5
86B34EA#ABU,,6.9,55.2,34.5
86B33EA#ABU,,6.9,55.2,34.5
86B32EA#ABU,,6.9,55.2,34.5
86B02EA#ABU,,6.9,55.2,34.5
86B01EA#ABU,,6.9,48.3,30.5
86B00EA#ABU,,6.9,48.3,30.5
86A99EA#ABU,,6.9,48.3,30.5
86A98EA#ABU,,6.9,48.3,30.5
86A97EA#ABU,,6.9,55.2,34.5
86A96EA#ABU,,6.9,55.2,34.5
86A95EA#ABU,,6.9,55.2,34.5
865983-0100,0.79,5.94,21.59,11.28
85X07AA,0.3,21,19,5.5
85X00AA,0.3,21,19,5.5
85T8C-UK,34.2,17.8,185,112.5
85R38AA,0.3,21,19,5.5
85R31AA,0.3,21,19,5.5
85Q7C-UK,53,21,206,126
85Q6C-UK,49.5,19,206,126
85P8K,34.2,17.8,185,112.5
85P7K-UK,,17.8,185,111.5
85C855K,67.7,19.5,205,126.6
85C805K,42.2,25,206,126
85C655K,52.5,,,
83P92AA,0.05,14.8,23.2,1
83P90AA,0.05,14.8,23.2,1
83ER00G4UK,2.32,33.3,48.4,7.4
83D0HY0,0.59,46.5,6.7,7.3
83D0HK0,1.05,46.8,8.9,9.4
82XV00XEUK,3.99,35.5,54.1,8.5
82K2XYE,1.33,17.7,49.8,18.6
82K2UKE,2.04,19.6,49.8,22.3
8209153,,6.6,14.5,8.5
81S67AA#ABB,0.12,7.8,12.9,4.7
50100,,15,21,0.7
C6656AE,0.08,11.2,14,3.5
C6567B,5.47,,,
C625V_DN,525,73.5,70,83.8
C620V_DN,38.5,72,62.5,56.7
C610-AC-BK-EU-000,0.43,13.9,18,7.5
C540X74G,6.02,,,
C5240KH,1.05,,,
C4182X,4.1,19.9,47.5,32.8
C415V_Z,32.3,63.6,57.5,60
C415V_DN,32.3,63.6,57.5,60
C4096A,1.65,15.6,35.3,24.7
C33S045725,1.56,21,22,9
C33S045724,2.19,21,22.5,11.8
C33S045723,2.13,21,22,11.8
C33S045540,0.6,10.8,11.3,11.3
C32C831091,0.14,8.8,4,5.7
C325V_DNI,32.3,63.6,57.5,60
C320V_DNI,23.9,59.5,49.5,40.2
C2P05A,0.06,,,
C22G-USB-ETHERNET,0.02,12.8,22,1.6
C200 V1,0.4,17.5,14.5,10
C13T966140,0,37.6,4.9,27.6
C13T838440,0,36.5,8.7,16.2
C13T76074010,,3.3,14.5,12
C13T76044010,,3.3,14.5,12
C13T724000,0,28,7.7,15.6
C13T70344010,0,3.7,15,19.5
C13T70144010,0,8.8,3.8,15.3
C13T642200,0,24.5,4.3,12
C13T614400,0,29,2.7,11
C13T614300,0,29.2,2.7,11
C13T614100,0,29,3,11
C13T612100,0,29.2,3,21.1
C13T606B00,0,29,3,11
C13T606700,0,29,3,11
C13T606400,0,29,2.7,11
C13T591200,0,40,5.8,14.5
C13T580A00,0,11,3.5,10
C13T49N100,0,15.2,5.7,5.7
C13T35844010,0.05,3.3,12,14.5
C13T26614020,,4.3,15,12
C13T26164511,0.2,32,19.5,3.5
C13T13064510,0.16,21.5,19.5,2
C13T12954511,0.19,32,19.5,2
C13T07B540,0.13,17.5,5.7,5.7
C13T07B440,0.13,17.5,5.7,5.7
C13T07B340,0.13,17.5,5.7,5.7
C13T07B240,0.13,17.5,5.7,5.7
C13T07B140,0.13,17.5,5.7,5.7
C13T07A140,0.13,17.5,5.7,5.7
C13T07154010,0.15,14,19,4.5
C13T05H44020,0.06,9.8,3.2,14.2
C13T05G14020,0.05,9.8,3.2,14.2
C13T05994010,,3.3,14.5,12
C13T03U44020,0.04,2.6,10.5,14.5
C13T03R640,0.55,9.8,9.5,15.3
C13T02E74510,0.21,23.2,19.5,4.5
C13T01C200,0.19,27.9,10.5,4
C13T00Q140,0.21,17.5,5.8,5.8
C13T00P640,0.47,9.8,9.5,15.3
C13S902007,,12.2,3.5,6.5
C13S210057,0,14.2,8.3,8.6
C13S110082,0,42,20.5,22
C13S050607,0,13.5,7.3,14.6
C13S050523,0,35,16.9,12
C13S045288,4.2,97,14,14
C13S045282,3.11,64,11,11
C13S045280,4.55,94,11,10.5
C13S045152,4.1,66.5,12.5,12.5
C13S045051,1.89,50,34.5,2
C13S045050,0.77,31,22.5,2
9Y721ET#ABU,,52,6.9,30.5
9Y6R9AT-16GB,,48.3,6.9,30.5
9Y6R8AT#ABU,,48.3,6.9,30.5
9VJ40AT#ABB,9.12,20.69,53.2,50.96
9VJ40AT,9.12,42,60.5,22.4
9VJ40AA#ABB,9.12,42,60.5,22.4
9VG82AA#ABB,10.5,44.4,69.5,22.5
9VG71AT#ABB,10.4,21.6,61.17,53.52
9VG71AT,10.4,21.6,61.17,53.52
9V1N8AT#ABU,,48.3,6.9,30.5
9V1N4AT#ABU,,48.3,6.9,30.5
9V1H4AT#ABU,,48.3,6.9,30.5
9V1H3AT#ABU,,48.3,6.9,30.5
9U5J5UT#ABU,5.86,12.4,59.5,39.1
9T5B0UT#ABU,0.82,12.5,53.8,4.6
9SR37UT#ABU,0.57,15,44.5,2.5
9SR36UT#ABU,0.82,15,52.6,4.25
9S9N8EA,2.96,59.8,6.9,34.5
9S7-15P223-001,,9.3,48.9,31.5
9S7-15M142-629,3,,,
9S7-159K21-027,2.35,8.8,149.9,33.3
9S7-159K12-028,2.4,8.8,149.9,33.3
9S7-159621-002,3,8.8,49.9,33.3
9S7-159521-002,,8.8,49.9,33.3
9S7-13Q222-078,,13.5,145.2,131.4
9S6-3PD3CM-013,6.54,12.8,68.8,50.5
9S6-3PB2CT-005,10.3,99.8,20.2,51.5
9S6-3DB64H-070,10.1,22.5,96.3,50.9
9S6-3CD39T-016,8.4,16.5,85.5,50
9S6-3CC29H-415,13.3,14.5,84.7,49.1
9M4F7AT#ABU,,44.9,6.9,30.5
9M4B9AT#ABU,,44.9,6.9,30.5
9M4B8AT#ABU,,44.9,6.9,30.5
9M487AT#ABU,,44.9,6.9,30.5
9M3X7AT#ABU,,48.3,6.9,30.5
9J498AA,0.44,2.4,35,28
9J497AA,1.17,12.5,43.5,30.8
9J496AA,1.57,20,32.5,49.5
9H.LMRLB.QBE,11.5,,,
EAP670-KTO,1.32,30.4,30.2,8.2
EAP650-WALL,0.29,13.9,12.7,5.5
EAP235-WALL,0.3,18.4,11.7,3.3
EAP225 TWIN PACK/KTO,0.91,34,22.8,6.5
E9PX7D701EZ2,3.58,25,31,12
E9PV7GL06EZ1,4.2,28,40,15.5
E9PP7LB02EZ1,2.2,33.7,40,16.8
E9PD7M601EZ4,6.08,,,
E9PD7M201EZ3,4.6,,,
E9PD7LD11EZ2,4.2,40,34,16.8
E9PD7KK31EZ3,4.2,,,
E9PD7KK01EZ1E,4.2,25,31,12
E5E78AA#ABE,,18.2,53.8,4.25
E5E76AA#ABB,0.18,12,14,5.5
E5C13AA#ABB,0.21,14,18.1,4.7
E5576-320,0.12,7.4,11.2,3.8
M3407HA-LY008W,3.67,41,7.5,28.4
M280CS3140-4TB-RB,,10,13,1.6
M1S,1.87,19,22,12.5
M1605YA-MB333W,3.76,48.8,6.5,31
M1605YA-MB296W,3.76,48.8,6.5,31
M15W,6.28,17.4,38.1,56.7
M11-8MV,1.3,36.2,15.2,14.4
M10E,2.6,22,34,14
M100-004COIL-BK,0.02,2.31,6.1,11.61
LV-UTP6A20B,0.53,19,,
LVR300728,17,20,52,80
LVR252352,2.7,,,
LVR248034-UK,2.7,54,36,5
LVR248033-UK,2.7,54,36,5
LVO231818-FLEX,0.1,5,20,25
LVO231812-FLEX,0.08,5,18,20
LVO231811-FLEX,0.04,5,18,20
LVO231472-FLEX,0.18,5,18,20
LVO231310,0.01,,,
LVO231220-FLEX,0.35,5,20,25
LVO231205-FLEX,0.1,5,18,20
LVN-CAT6A-FLEX-20M,0.05,16,27.6,3.6
LVN-CAT6A-FLEX-10MWH,0.05,16,27.6,3.6
LVN6050SOUT,0.2,,,
LVN6030SOUT,0.14,,,
LVN602SOUT,0.07,,,
LVN6025SOUT,0.04,,,
LVN127597,0.83,,,
LVN127596,0.75,,,
LVN125305,0.17,15,16,10
LVN122445,26.5,35,35,40
LVN122153,17,,,
LVN122152,9.2,,,
LVN122151,13,30,30,39.5
LVN122150,13,42,21,42
LVN122112,13,39.5,23,39.5
HB31C3A1CME,1.2,29,14.9,7
CM8068403380018,0.32,11.6,7,10.1
B0BVP13BH9,4.29,30,23,25
B08SG68DY9,0.25,8.7,5.9,16.3
B08SGJRHS2,0.52,15.6,9.1,17.5
B08SGGZPTY,0.52,15.6,9.1,17.5
AVD2001-100EUS,0.58,20.3,15.7,8
AVD2001B-100EUS,0.58,20.2,15.4,7.8
SV-VDB-1A-W,0.59,12.7,11.5,15.9
E8214311,0.62,13.4,9.3,17.25
8AC1S1-0EU0,3.54,18.3,9.8,6.9
90IG09Y0-MO9C00,1.6,10.2,30.6,23.6
TL-SG3210,1.9,25,40,8
SMTL3000RMI2UC,41.5,98,60,45.8
BX2200MI-FR,13.3,49.5,23.5,29.7
BX1200MI-FR,8.6,49.5,23.5,29.7
BX1200MI-GR,8.6,49.5,23.5,29.7
BR1200G-FR,13.2,,,
BVX2200LI-GR,13.2,23.5,49.5,29.7
90YE00W0-B0NA00,,20,32,10.8
V530-014R,2.73,,,
67C6GAC2EU,9.5,16.2,78.9,46.3
LS32DG702EUXEN,10.1,51.7,79.6,16.6
X870E A ELITE WF7 ICE,2.64,29.4,34.5,8
X870E AORUS ELITE WIFI7,2.74,29.4,34.5,8
GEFORCE GT 1030 4GHD4 LP OC,0.54,,,
90YV0LV4-M0NA00,4.3,22.6,42,12.6
90YV0M19-M0NA00,1.67,23.3,40.5,8.85
90YV0M17-M0NA00,1.56,23.3,40.5,8.85
VCG5071T16TFXXPB1-O,,19.89,40.49,10.31
VCG507012TFXPB1,,7.2,38.2,19.4
4X61Q73041,0.28,14.8,24.3,5.4
V531-062R,1.58,9,38.5,23.5
V530-060R,,11.3,40.8,25.4
90YE00R0-M0NA00,0.48,15,38,6
90DA0023-B09000,0.53,12.4,29.1,9.2
GV-N507TWF3-16GD,1.97,39.8,23,8.5
GV-N506TWF2-8GD,0.85,29.5,21.05,5
GV-N506TEAGLEOC ICE-8GD,0.96,33,23.5,5.7
GV-N506TEAGLEMAX OC-16GD,1.26,35.4,18.25,7.5
GV-N506TEAGLE OC-8GD,0.96,33,23.5,5.7
GV-N506TAERO OC-16GD,1.29,35.4,18.25,7.5
